set,task,N_R,R,search_seed,eval_index,is_finite,k_on,k_off,T,distance,N_max,D,Mp,tau_over_T,L,lam,objective,opt_sd,held,running_min
S3,MG,5000,10,3,1,1,2.703412516594443e-18,0.12794493028789403,4.630543760194651,7.07e-06,8388.632105704755,3.16e-11,10,0.15878110314785546,6,0.0001,0.5576229789930982,0.02530792542063372,0.5477377575249281,0.5576229789930982
S3,MG,5000,10,3,2,1,6.777901993851809e-20,0.41207137703838814,4.380882771106805,7.07e-06,4781.466269845822,3.16e-11,10,3.073089722394119,9,1e-05,0.4722632486511902,0.00566483855911587,0.48872938882478545,0.4722632486511902
S3,MG,5000,10,3,3,1,3.1148417858024824e-18,0.20174583738942042,2.4433774536718813,7.07e-06,9291.195924109392,3.16e-11,5,3.8203717693596246,18,1e-06,0.31030922014037776,0.017317399901960396,0.3346532276946571,0.31030922014037776
S3,MG,5000,10,3,4,1,1.6103217112225662e-17,6.617629262956245,3.224671458257392,7.07e-06,2122.001655593871,3.16e-11,25,1.023233929907747,8,0.0001,0.320262432689867,0.012430001455604158,0.31756262183495143,0.31030922014037776
S3,MG,5000,10,3,5,1,7.883807798981208e-19,0.23276518642765118,2.8006119278033412,7.07e-06,18118.858389305147,3.16e-11,25,2.2023374403398694,4,1e-06,0.5755357378935295,0.015073530726395284,0.5804294797315758,0.31030922014037776
S3,MG,5000,10,3,6,1,1.1246245518712893e-19,1.6900482040196398,4.206678650935471,7.07e-06,18614.3397085165,3.16e-11,25,0.4326090961865729,11,0.001,0.42055446315389844,0.008371485725604184,0.4303116073091826,0.31030922014037776
S3,MG,5000,10,3,7,1,1.7780237127918077e-19,2.245896013891107,1.3222660393694987,7.07e-06,258.8509209651721,3.16e-11,25,0.12490444308537861,14,0.001,0.6535768485307462,0.02371682676305699,0.6618308100858563,0.31030922014037776
S3,MG,5000,10,3,8,1,1.136130629235748e-18,4.333915396459042,0.5440888124650733,7.07e-06,6794.371910060599,3.16e-11,10,0.6803463577735628,7,0.001,0.5503109090233164,0.004464997027974342,0.560295519902445,0.31030922014037776
S3,MG,5000,10,3,9,1,5.8809088084725104e-18,1.2042565833645735,2.2090446668979116,7.07e-06,11497.239242581545,3.16e-11,50,0.3253556543179361,1,1e-05,0.5880836442530276,0.01006138515663011,0.5976383191914124,0.31030922014037776
S3,MG,5000,10,3,10,1,4.967450864461009e-19,0.6111487584605554,1.0058106681779315,7.07e-06,14217.828964872691,3.16e-11,10,0.06555402806427807,13,0.01,0.5537151914063141,0.020346959744398315,0.5837589325421846,0.31030922014037776
S3,MG,5000,10,3,11,1,9.717730480283553e-18,0.9441897803723754,3.7761088818674526,7.07e-06,13193.304041813682,3.16e-11,50,1.5548405982180076,16,1e-06,0.21642903893434826,0.012534289280661278,0.2211544618600234,0.21642903893434826
S3,MG,5000,10,3,12,1,2.279936617871394e-19,8.647282227598032,1.9531534216278397,7.07e-06,15611.713587884406,3.16e-11,5,0.10157708620947871,19,0.001,0.40330947679020496,0.009922959619604129,0.42571697845705625,0.21642903893434826
S3,MG,5000,10,3,13,1,2e-17,10.0,5.0,7.07e-06,15602.121111732255,3.16e-11,50,4.999999999999999,20,1e-05,0.1224525981757059,0.004349534671469663,0.13327562931855694,0.1224525981757059
S3,MG,5000,10,3,14,1,2e-17,0.48686474536282487,2.720151108339251,7.07e-06,20000.0,3.16e-11,5,0.10289658439498675,20,0.001,0.48523320532177266,0.01650239555824419,0.5326556990923925,0.1224525981757059
S3,MG,5000,10,3,15,1,2e-17,10.0,5.0,7.07e-06,2637.2411926565183,3.16e-11,50,4.999999999999999,20,1e-05,0.1324988103996703,0.0047473471412096705,0.1422444404622126,0.1224525981757059
S3,MG,5000,10,3,16,1,2e-17,9.148707525008353,3.71490234079112,7.07e-06,20000.0,3.16e-11,25,1.8841864293608375,20,1e-05,0.16714261559593974,0.006885508098353284,0.1654880953249877,0.1224525981757059
S3,MG,5000,10,3,17,1,2e-17,10.0,5.0,7.07e-06,20000.0,3.16e-11,25,0.14314202969580023,20,0.001,0.12310584168277675,0.008466069087170229,0.13727894533052604,0.1224525981757059
S3,MG,5000,10,3,18,1,2e-17,0.11198869883887527,5.0,7.07e-06,20000.0,3.16e-11,50,4.999999999999999,20,1e-06,0.48587474566189026,0.029288805487809447,0.5230423304565948,0.1224525981757059
S3,MG,5000,10,3,19,1,1.5056717938188956e-17,3.8204075837671745,4.921913391747,7.07e-06,20000.0,3.16e-11,50,4.999999999999999,19,1e-06,0.17285382359581944,0.008935944396133952,0.18529514211211606,0.1224525981757059
S3,MG,5000,10,3,20,1,2e-17,10.0,4.460741573751035,7.07e-06,20000.0,3.16e-11,50,4.999999999999999,20,1e-05,0.13008106717699494,0.006919127467018216,0.13191327157596075,0.1224525981757059
S3,MG,5000,10,3,21,1,2e-17,10.0,5.0,7.07e-06,20000.0,3.16e-11,50,4.999999999999999,16,1e-05,0.12293230525237431,0.007037913717561151,0.13521223455988582,0.1224525981757059
S3,MG,5000,10,3,22,1,5e-20,0.1,0.5,7.07e-06,200.00000000000003,3.16e-11,5,0.41964769136560925,1,1e-05,0.9296784066048162,0.03962741819010237,0.9307311942146324,0.1224525981757059
S3,MG,5000,10,3,23,1,2e-17,10.0,5.0,7.07e-06,20000.0,3.16e-11,50,0.7647799996332895,20,0.0001,0.12244631447303697,0.007832134211183402,0.13707003332752482,0.12244631447303697
S3,MG,5000,10,3,24,1,3.0103395188162085e-18,10.0,4.517198700144032,7.07e-06,20000.0,3.16e-11,50,4.999999999999999,19,1e-05,0.12583775513534062,0.00592922713124036,0.13465218557642128,0.12244631447303697
S3,MG,5000,10,3,25,1,8.01894482799055e-18,10.0,4.421848221710137,7.07e-06,20000.0,3.16e-11,50,4.999999999999999,17,1e-05,0.12863012057782108,0.00704805107603026,0.13721801637694184,0.12244631447303697
S3,MG,5000,10,3,26,1,5e-20,0.7187687408827473,4.151892292001344,7.07e-06,20000.0,3.16e-11,25,4.999999999999999,20,0.0001,0.41486332894842126,0.005366847011575027,0.43408520843535714,0.12244631447303697
S3,MG,5000,10,3,27,1,5.055325940388966e-18,10.0,5.0,7.07e-06,20000.0,3.16e-11,10,0.28232251617969667,20,0.001,0.1237426672993333,0.0035839888265757165,0.13235925297235154,0.12244631447303697
S3,MG,5000,10,3,28,1,1.0356940717234593e-18,10.0,5.0,7.07e-06,20000.0,3.16e-11,50,4.999999999999999,20,1e-06,0.20717810011439144,0.012587527957693205,0.2099461264100449,0.12244631447303697
S3,MG,5000,10,3,29,1,2.5820279932093e-18,10.0,4.468972808163956,7.07e-06,20000.0,3.16e-11,5,4.999999999999999,20,1e-06,0.13401820013897123,0.006167551387573717,0.13548799491331653,0.12244631447303697
S3,MG,5000,10,3,30,1,2.6109590402701114e-18,1.9131922646145283,4.451999501682757,7.07e-06,20000.0,3.16e-11,10,4.999999999999999,17,1e-06,0.14695669739783307,0.006986757255176646,0.15438790033361055,0.12244631447303697
S3,MG,5000,10,3,31,1,4.4850376915717375e-18,10.0,3.674707415788748,7.07e-06,20000.0,3.16e-11,50,4.999999999999999,20,1e-05,0.12798657708173897,0.002368912291966153,0.13297025339383045,0.12244631447303697
S3,MG,5000,10,3,32,1,4.0283656911031674e-18,10.0,5.0,7.07e-06,20000.0,3.16e-11,25,4.999999999999999,13,1e-06,0.15208617774650163,0.003023203514892894,0.15283323162553697,0.12244631447303697
S3,MG,5000,10,3,33,1,5e-20,10.0,5.0,7.07e-06,20000.0,3.16e-11,25,4.999999999999999,1,1e-06,0.4657202452505381,0.006073136755208261,0.4670152681988683,0.12244631447303697
S3,MG,5000,10,3,34,1,3.0663920888482318e-18,10.0,3.4926028613216324,7.07e-06,20000.0,3.16e-11,10,4.999999999999999,16,1e-05,0.14226801666958083,0.004887008430890045,0.14372213809300052,0.12244631447303697
S3,MG,5000,10,3,35,1,5.195783164631715e-19,0.1,5.0,7.07e-06,20000.0,3.16e-11,25,4.999999999999999,20,1e-06,0.2931693401511283,0.011417311270614437,0.28033897398905233,0.12244631447303697
S3,MG,5000,10,3,36,1,9.220622766613122e-18,10.0,5.0,7.07e-06,20000.0,3.16e-11,5,4.999999999999999,20,1e-06,0.12283544927248813,0.0049918986398285485,0.13165835208721138,0.12244631447303697
S3,MG,5000,10,3,37,1,3.406625461156981e-18,10.0,0.5,7.07e-06,20000.0,3.16e-11,50,4.999999999999999,20,0.0001,0.43833496167006347,0.026607033963306815,0.4458877050834154,0.12244631447303697
S3,MG,5000,10,3,38,1,2.660217352242993e-18,3.247264891981323,3.625815504018487,7.07e-06,20000.0,3.16e-11,50,4.999999999999999,19,1e-05,0.14098683420845554,0.006660007460414432,0.14911578007364018,0.12244631447303697
S3,MG,5000,10,3,39,1,2e-17,10.0,5.0,7.07e-06,20000.0,3.16e-11,50,4.999999999999999,12,1e-05,0.18002285295706674,0.004256043900874448,0.18626562964609444,0.12244631447303697
S3,MG,5000,10,3,40,1,3.2682391863575277e-18,3.018121152769626,3.833156649413366,7.07e-06,20000.0,3.16e-11,50,4.999999999999999,15,1e-06,0.1578980073158271,0.007725603579889763,0.16421656890385344,0.12244631447303697
S3,MG,5000,10,3,41,1,6.278815483883715e-18,10.0,5.0,7.07e-06,20000.0,3.16e-11,10,2.8058258079742626,18,1e-05,0.12735747365367123,0.0032229795911832802,0.13376769149171042,0.12244631447303697
S3,MG,5000,10,3,42,1,2e-17,10.0,5.0,7.07e-06,20000.0,3.16e-11,10,4.999999999999999,18,1e-06,0.12052473517824203,0.008032346025933735,0.13237498224198718,0.12052473517824203
S3,MG,5000,10,3,43,1,3.910261841416949e-18,10.0,4.120877893464835,7.07e-06,200.0,3.16e-11,5,0.05,19,0.0001,0.49348921536041274,0.007785405423325167,0.5153414252006476,0.12052473517824203
S3,MG,5000,10,3,44,1,2e-17,10.0,4.865673566173631,7.07e-06,7975.5046027258495,3.16e-11,50,0.05,20,0.01,0.13026292252269794,0.005651874126091815,0.13817127889512673,0.12052473517824203
S3,MG,5000,10,3,45,1,5e-20,10.0,5.0,7.07e-06,20000.0,3.16e-11,10,4.999999999999999,20,1e-06,0.4081348279159595,0.005564199518186483,0.42251869484634585,0.12052473517824203
S3,MG,5000,10,3,46,1,9.95208114346845e-19,6.676761400465867,1.0280239612768276,7.07e-06,5272.972664038836,3.16e-11,25,1.8864681899103564,19,0.0001,0.40706389029673556,0.011641222026968698,0.42688280356078695,0.12052473517824203
S3,MG,5000,10,3,47,1,5e-20,10.0,5.0,7.07e-06,20000.0,3.16e-11,25,4.999999999999999,20,1e-06,0.4069229466748599,0.006256393091297937,0.42048334906453544,0.12052473517824203
S3,MG,5000,10,3,48,1,6.828906225675344e-18,2.7043185685704,3.196303262338389,7.07e-06,7084.6883960998,3.16e-11,25,0.09308333937566013,5,0.01,0.39280272722415044,0.011255205268679526,0.38536058469264173,0.12052473517824203
S3,MG,5000,10,3,49,1,2.685886952608256e-19,0.645499778025786,0.9094365006759051,7.07e-06,6108.675798978332,3.16e-11,10,0.08094615548127071,20,0.01,0.4967096453011127,0.009177166841251175,0.5210031791679506,0.12052473517824203
S3,MG,5000,10,3,50,1,4.579198325331005e-19,2.2355070874150713,2.928672784081062,7.07e-06,7985.86370450607,3.16e-11,50,0.15367924494283905,10,0.01,0.40864099290967504,0.005467160268642775,0.4209482378161214,0.12052473517824203
S3,MG,5000,10,3,51,1,1.7785240147103142e-19,0.33457933064183903,4.366120711471229,7.07e-06,13819.957640065324,3.16e-11,10,0.3495855136813245,4,0.001,0.5072077723038055,0.005288925756841584,0.5099971198944077,0.12052473517824203
S3,MG,5000,10,3,52,1,9.357241493505555e-18,1.0675734321596522,3.8337581826092326,7.07e-06,3253.419628728405,3.16e-11,10,4.987315790868214,16,1e-06,0.1670958958887055,0.008227274772603843,0.17340453124900437,0.12052473517824203
S3,MG,5000,10,3,53,1,3.4907767192075535e-18,1.9269902705509552,4.321611181185165,7.07e-06,6591.435264560261,3.16e-11,50,4.999999999999999,20,1e-05,0.15267306706125877,0.007407403234394249,0.15399936217233984,0.12052473517824203
S3,MG,5000,10,3,54,1,1.1555958128953842e-18,0.9061055290997423,5.0,7.07e-06,20000.0,3.16e-11,25,4.999999999999999,20,1e-05,0.15176580360370656,0.01004236936662963,0.15521893358619732,0.12052473517824203
S3,MG,5000,10,3,55,1,1.2249142396573463e-19,0.10295124771867058,3.5313184329186016,7.07e-06,2755.5565035362515,3.16e-11,5,0.22540192599798842,19,0.001,0.4743925135492149,0.009705870213934934,0.5034192514365794,0.12052473517824203
S3,MG,5000,10,3,56,1,3.9788101365473415e-19,5.035448816709046,3.6718802885925976,7.07e-06,18713.179133158024,3.16e-11,10,4.874709398410978,6,1e-06,0.38469849057391425,0.006108561775312551,0.39979020204593374,0.12052473517824203
S3,MG,5000,10,3,57,1,7.95214905730461e-18,0.3701638926412835,2.890308062994691,7.07e-06,11559.955265082846,3.16e-11,50,0.27730243708200936,12,0.0001,0.3824404891756182,0.020499961543099136,0.3796046494057039,0.12052473517824203
S3,MG,5000,10,3,58,1,2.4021330641662516e-19,2.887779937145342,2.4673114089893873,7.07e-06,6635.132041452891,3.16e-11,10,0.11435007536753253,19,0.01,0.42672451030424907,0.006628820247514019,0.44948126650234155,0.12052473517824203
S3,MG,5000,10,3,59,1,2e-17,1.4397807597233645,5.0,7.07e-06,200.0,3.16e-11,50,4.999999999999999,20,0.0001,0.4236902453801562,0.007320470183361616,0.43909079573679366,0.12052473517824203
S3,MG,5000,10,3,60,1,6.461887963930736e-18,10.0,4.408892521034102,7.07e-06,5198.554217337087,3.16e-11,25,4.999999999999999,17,1e-06,0.1595134855295062,0.005775032335776592,0.1709489955676744,0.12052473517824203
S3,MG,5000,10,3,61,1,5.8219674078736796e-18,10.0,5.0,7.07e-06,20000.0,3.16e-11,5,2.1425457409031132,20,1e-05,0.12359132722507878,0.003065505960202418,0.13080238008981412,0.12052473517824203
S3,MG,5000,10,3,62,1,2e-17,2.2421605496228505,4.253091491848197,7.07e-06,4949.816729739698,3.16e-11,50,4.999999999999999,20,1e-06,0.14436721346807255,0.012706838079245832,0.14067638533087498,0.12052473517824203
S3,MG,5000,10,3,63,1,7.26542760434546e-18,10.0,5.0,7.07e-06,11831.004623453075,3.16e-11,50,0.05,20,0.01,0.12277292671193285,0.005564074244591702,0.12810496442797997,0.12052473517824203
S3,MG,5000,10,3,64,1,5.567471589559389e-18,10.0,4.890512715916381,7.07e-06,17414.0028157303,3.16e-11,50,0.05,20,0.01,0.12668506688054698,0.0061218081078751605,0.13758784148717898,0.12052473517824203
S3,MG,5000,10,3,65,1,2e-17,3.610224393065401,5.0,7.07e-06,11559.419112643813,3.16e-11,50,0.3151646540300886,20,0.0001,0.16423278952619763,0.01348774342482885,0.17278132593502873,0.12052473517824203
S3,MG,5000,10,3,66,1,2e-17,10.0,5.0,7.07e-06,4528.719945393874,3.16e-11,50,4.999999999999999,19,1e-05,0.12209933668393116,0.004288736894641242,0.12659712132396692,0.12052473517824203
S3,MG,5000,10,3,67,1,1.482700538905928e-17,10.0,3.109823081811494,7.07e-06,12488.741511225346,3.16e-11,50,2.9871194299317394,20,1e-05,0.15586248725642066,0.008710743146888345,0.15877841827749145,0.12052473517824203
S3,MG,5000,10,3,68,1,3.737996626679089e-18,10.0,5.0,7.07e-06,9096.480691690254,3.16e-11,50,4.999999999999999,20,1e-05,0.1595546590574351,0.007225697496413416,0.16019446993813113,0.12052473517824203
S3,MG,5000,10,3,69,1,1.1938031228013015e-17,2.3066790850846073,3.12896058614206,7.07e-06,6116.3465495109685,3.16e-11,25,4.999999999999999,19,1e-06,0.1549559832015372,0.010529525323761484,0.16370649577179577,0.12052473517824203
S3,MG,5000,10,3,70,1,6.1231559920093165e-18,10.0,4.910167241870584,7.07e-06,14261.338358581403,3.16e-11,50,0.05,20,0.1,0.12569814044492336,0.0030613857531250135,0.13411046031862744,0.12052473517824203
S3,MG,5000,10,3,71,1,1.3544353708243123e-17,10.0,5.0,7.07e-06,13956.566912452003,3.16e-11,50,0.05,15,0.01,0.12858572821055642,0.006157486681604834,0.13657932986885668,0.12052473517824203
S3,MG,5000,10,3,72,1,2e-17,10.0,3.6430010866312355,7.07e-06,3889.3938178646986,3.16e-11,10,0.8848944734846695,20,0.0001,0.1315114554944944,0.0047297874595441354,0.13707270962698276,0.12052473517824203
S3,MG,5000,10,3,73,1,1.1575066461706218e-17,4.189101945148433,4.113633371827461,7.07e-06,8584.675741480236,3.16e-11,50,4.999999999999999,19,1e-06,0.1429516933491293,0.008912334804641268,0.1478436224019915,0.12052473517824203
S3,MG,5000,10,3,74,1,2e-17,10.0,5.0,7.07e-06,18001.54975539785,3.16e-11,50,0.2096495515407432,17,0.001,0.12570793766164937,0.006676015883667428,0.1360241965959672,0.12052473517824203
S3,MG,5000,10,3,75,1,1.1568050910921093e-17,10.0,4.696933565891514,7.07e-06,14014.206351546562,3.16e-11,50,4.999999999999999,19,1e-05,0.12577356711433338,0.0034283162384439467,0.13631389394436136,0.12052473517824203
S3,MG,5000,10,3,76,1,1.8860983354296883e-18,1.3764486848578525,5.0,7.07e-06,15395.165426705995,3.16e-11,50,0.05,20,0.1,0.14496444695673383,0.0068472196013102575,0.15361475118337248,0.12052473517824203
S3,MG,5000,10,3,77,1,2e-17,10.0,5.0,7.07e-06,14293.38003683033,3.16e-11,5,0.1459845124776434,20,0.001,0.12602567712584442,0.004708724452752988,0.13066711062981523,0.12052473517824203
S3,MG,5000,10,3,78,1,3.86583082533207e-18,10.0,5.0,7.07e-06,12678.55662959068,3.16e-11,25,0.08689088083879835,15,0.01,0.143931982211981,0.0063555938401904525,0.14592572490689884,0.12052473517824203
S3,MG,5000,10,3,79,1,2e-17,10.0,5.0,7.07e-06,10301.70909554339,3.16e-11,10,0.05,15,0.01,0.14012041436074063,0.003002110579432422,0.14464633597438115,0.12052473517824203
S3,MG,5000,10,3,80,1,2e-17,0.1,0.5,7.07e-06,3553.9610663691856,3.16e-11,10,0.0653704095574259,20,0.001,0.7185496130925222,0.010497298068345373,0.7295264561511355,0.12052473517824203
S3,MG,5000,10,3,81,1,1.6382419069125327e-18,1.1635098686797598,4.917935028654912,7.07e-06,18472.39067801903,3.16e-11,5,4.999999999999999,20,1e-05,0.15344147660687746,0.00626598460712873,0.16052666764907472,0.12052473517824203
S3,MG,5000,10,3,82,1,8.654655352594598e-18,1.7810135273799508,4.3404327410888905,7.07e-06,5369.764597648656,3.16e-11,50,0.05,16,0.01,0.14573980177359852,0.010829368584074432,0.15238222001954516,0.12052473517824203
S3,MG,5000,10,3,83,1,5.477195114755093e-18,0.8351255799895041,3.780823114684002,7.07e-06,7647.044281411805,3.16e-11,50,4.999999999999999,20,1e-05,0.15546577334765038,0.01111469028183743,0.15719599115697613,0.12052473517824203
S3,MG,5000,10,3,84,1,3.245313358445306e-18,3.043238120849595,4.039371928490954,7.07e-06,12306.76159646281,3.16e-11,50,0.05,20,0.1,0.1431272520672042,0.005785464935161574,0.1511288144900125,0.12052473517824203
S3,MG,5000,10,3,85,1,2e-17,10.0,4.131777802159725,7.07e-06,10141.939482874546,3.16e-11,10,1.5561776985404479,20,1e-05,0.1386874394685489,0.007746944565424297,0.1458488598756063,0.12052473517824203
S3,MG,5000,10,3,86,1,8.572071734110239e-18,10.0,5.0,7.07e-06,16402.58790494741,3.16e-11,5,4.680246993771569,17,1e-06,0.12606663572112103,0.003516358049977072,0.13375440789467632,0.12052473517824203
S3,MG,5000,10,3,87,1,2.0609326637408736e-18,0.5968032164782048,5.0,7.07e-06,11059.661864107951,3.16e-11,25,0.1790081854472509,20,0.01,0.1665160368988748,0.0064198965873739754,0.16346159166078741,0.12052473517824203
S3,MG,5000,10,3,88,1,4.282357811787741e-18,10.0,3.8541175311536,7.07e-06,16230.365660676007,3.16e-11,50,0.05,17,0.1,0.13266846947484717,0.005495138656876211,0.1420532675934299,0.12052473517824203
S3,MG,5000,10,3,89,1,2e-17,10.0,4.5869843532693455,7.07e-06,4082.3747360058474,3.16e-11,25,4.999999999999999,20,1e-05,0.12041098508323493,0.004259826062949812,0.1267050681010638,0.12041098508323493
S3,MG,5000,10,3,90,1,8.379247823733905e-18,10.0,4.082427384393274,7.07e-06,17293.228816202092,3.16e-11,10,1.2865814985309407,20,0.0001,0.13396921522973076,0.005403142885636725,0.14294223854849591,0.12041098508323493
S3,MG,5000,10,3,91,1,2e-17,10.0,4.441646317656735,7.07e-06,3678.774677607905,3.16e-11,10,0.23093577481484634,17,0.001,0.12716219553778993,0.005888837844071233,0.13360598359502113,0.12041098508323493
S3,MG,5000,10,3,92,1,6.3383770704985575e-18,10.0,3.928676074879412,7.07e-06,16978.539776832265,3.16e-11,50,0.05,20,0.01,0.1320789722862967,0.006608501435920551,0.13612598888127805,0.12041098508323493
S3,MG,5000,10,3,93,1,4.50065626117563e-18,10.0,4.320040966120208,7.07e-06,20000.0,3.16e-11,50,0.05,16,0.01,0.1288117135712533,0.005430990547793277,0.13417753633022597,0.12041098508323493
S3,MG,5000,10,3,94,1,4.891639195888965e-18,10.0,4.188899844346449,7.07e-06,20000.0,3.16e-11,50,0.1898210543031472,16,0.01,0.1305693341917111,0.0035167192104575856,0.1385972939841555,0.12041098508323493
S3,MG,5000,10,3,95,1,3.1494293003431966e-18,1.3305233608617815,4.425962845715695,7.07e-06,12383.697087723891,3.16e-11,5,4.999999999999999,20,1e-06,0.1558986109697833,0.008642055866246359,0.15474596425471362,0.12041098508323493
S3,MG,5000,10,3,96,1,5e-20,0.1,5.0,7.07e-06,10711.78583452101,3.16e-11,50,0.05,20,0.1,0.4648254775162588,0.0036730258691392037,0.4867662200615742,0.12041098508323493
S3,MG,5000,10,3,97,1,3.865543636771639e-18,0.2939691430748726,5.0,7.07e-06,5632.161832226337,3.16e-11,25,0.7847184666357783,20,0.0001,0.19350974733370943,0.008368643316992408,0.19219884137186566,0.12041098508323493
S3,MG,5000,10,3,98,1,7.60063375454841e-18,10.0,3.9296145771787327,7.07e-06,11131.318422533528,3.16e-11,50,0.05,17,0.1,0.13142241921240577,0.0034671522026963756,0.13832500851828528,0.12041098508323493
S3,MG,5000,10,3,99,1,2e-17,10.0,5.0,7.07e-06,3861.4278113754353,3.16e-11,50,0.05,20,0.01,0.123786787555076,0.00485871948185076,0.13562901499215332,0.12041098508323493
S3,MG,5000,10,3,100,1,4.218756147381341e-18,3.692837637037328,5.0,7.07e-06,15162.971153874256,3.16e-11,50,0.05,17,0.01,0.13561268333175913,0.0072825818027517026,0.14797194802904726,0.12041098508323493
