"selection_id","scenario","task","selection_status","seed_rank","bo_seed","bo_evaluation","bo_nrmse","k_on","k_off","T","distance","memorywindowlength","N_max","D","replaced_raw_seed","replaced_raw_nrmse","selection_reason","source_trials_csv","source_trials_sha256"
"S1_MG","S1","MG","raw_minimum","1","5","83","0.0873146907312197","8.71394547920768e-18","9.99019277354693","1.25","7.07e-06","5","10100","3.16e-11","","","Lowest finite BO row among seeds 2-11; static Smoldyn geometry is feasible.","results\raw\S1_receiver_readout\full\S1_MG_seed5_trials.csv","99cdaf851962c2e53f7601d9e05545006716869be00f184e28aa497fbdcf90e3"
"S1_MGCUBED","S1","MGCUBED","raw_minimum","1","5","81","0.297809949782067","6.29874077328064e-18","3.28086318418554","1.25","7.07e-06","5","10100","3.16e-11","","","Lowest finite BO row among seeds 2-11; static Smoldyn geometry is feasible.","results\raw\S1_receiver_readout\full\S1_MGCUBED_seed5_trials.csv","6f3eeeedf8280ad771cc4c9ed669de7a6eb08c41b1f7674ef944e34a49e27f7c"
"S1_SINE","S1","SINE","raw_minimum","1","8","52","0.255429670617393","1.08035293890376e-17","1.97995091854933","1.25","7.07e-06","5","10100","3.16e-11","","","Lowest finite BO row among seeds 2-11; static Smoldyn geometry is feasible.","results\raw\S1_receiver_readout\full\S1_SINE_seed8_trials.csv","2c183d0f957b26cbbe4da0568f6d187e588ac1a1cf295319ee2aed3119f2e7c9"
"S2_MG","S2","MG","raw_minimum","1","2","55","0.110947939932602","1e-18","1","1.60800993271055","7.07e-06","5","7683.44384202674","3.16e-11","","","Lowest finite BO row among seeds 2-11; static Smoldyn geometry is feasible.","results\raw\S2_transmitter_readout\full\S2_MG_seed2_trials.csv","407cf2d326f0d5dbab451dc8e0f944decdc72936120e52b476613e238851f2a8"
"S2_MGCUBED","S2","MGCUBED","raw_minimum","1","4","56","0.34930990142024","1e-18","1","1.50200895131252","7.07e-06","5","12881.4191623383","3.16e-11","","","Lowest finite BO row among seeds 2-11; static Smoldyn geometry is feasible.","results\raw\S2_transmitter_readout\full\S2_MGCUBED_seed4_trials.csv","e97eb673dc19aa57e1e88cc08aa807df66a73416fe70614f5aa8642aec52a279"
"S2_SINE","S2","SINE","raw_minimum","1","2","77","0.276337671571543","1e-18","1","1.99571497752819","7.07e-06","5","19997.3243342329","3.16e-11","","","Lowest finite BO row among seeds 2-11; static Smoldyn geometry is feasible.","results\raw\S2_transmitter_readout\full\S2_SINE_seed2_trials.csv","a162bd148c33d0fb5fbb95461db1bfbf3d48b53d4535cb1b0676073fbf1db197"
"S3_MG","S3","MG","raw_minimum","1","10","94","0.0957573428830161","1.50386454022356e-17","8.00039816621646","1.92294170236435","7.07e-06","5","5532.65160181939","3.16e-11","","","Lowest finite BO row among seeds 2-11; static Smoldyn geometry is feasible.","results\raw\S3_transmitter_receiver_readout\full\S3_MG_seed10_trials.csv","6f411761c085a736ca66cf75dd815dea3f451eab0d99c54e0a5d6cf0c8aed7dc"
"S3_MGCUBED","S3","MGCUBED","raw_minimum","1","3","76","0.306052489034211","8.68823466149106e-18","5.95961996055701","1.74791164001179","7.07e-06","5","15701.6782645268","3.16e-11","","","Lowest finite BO row among seeds 2-11; static Smoldyn geometry is feasible.","results\raw\S3_transmitter_receiver_readout\full\S3_MGCUBED_seed3_trials.csv","61855a5007a823eac31dd4e1c3a2490ffd383af5f07f2f4c8e19c892ed15de78"
"S3_SINE","S3","SINE","raw_minimum","1","9","42","0.238992938178567","7.10730793765355e-18","2.77979474106114","1.95595502496208","7.07e-06","4","19156.1253860072","3.16e-11","","","Lowest finite BO row among seeds 2-11; static Smoldyn geometry is feasible.","results\raw\S3_transmitter_receiver_readout\full\S3_SINE_seed9_trials.csv","a85cd0ad117eadf394f56ebb3ff3841f9d2bd223fee938c3a10defb0d6416f5d"
"S4_MG","S4","MG","raw_minimum","1","3","83","0.0984660085084477","1.82456189574816e-18","9.83227623644151","1.67958748346871","4.23661050440479e-06","5","13423.2225100281","1.5632251230903e-11","","","Lowest finite BO row among seeds 2-11; static Smoldyn geometry is feasible.","results\raw\S4_full_space_seeded\full\S4_MG_seed3_trials.csv","dfdd4cd0a47cf38ab4b716f72531f5a5103ff4fbb45732c462955a2e6dbb1717"
"S4_MGCUBED","S4","MGCUBED","raw_minimum","1","7","80","0.312306951228621","5.32780494676651e-19","2.25247352259048","1.79150880309759","3.79658072512953e-06","5","15225.2700426198","6.40028841510748e-12","","","Lowest finite BO row among seeds 2-11; static Smoldyn geometry is feasible.","results\raw\S4_full_space_seeded\full\S4_MGCUBED_seed7_trials.csv","8fb5a282402c9adfc4ae18d4273e5d812816963446cbcfe89b7e746e6f1dd3d7"
"S4_SINE","S4","SINE","geometry_fallback","4","6","96","0.238343841176786","1.45955906803271e-17","2.07933374516716","1.45379882408339","5.78455085565372e-06","5","18396.2069906294","1.08090768997021e-10","9","0.235636974466449","Seed ranks 1-3 have distance <= 3.2 um and place the transmitter inside the receiver or reception shell.","results\raw\S4_full_space_seeded\full\S4_SINE_seed6_trials.csv","aa2e5f3aff593ebf2799291f1da98d48f8784094c582f3a1c8aa26f214828cfc"
