selection_id,scenario,task,bo_seed,bo_evaluation,bo_nrmse,raw_smoldyn_nrmse,filtered_smoldyn_nrmse,filter_window_samples,filter_window_seconds,memorywindowlength,seed_batch,smoldyn_seed,filter_delta,filter_improvement_fraction
S1_MG,S1,MG,5,83,0.0873146907312197,0.842947992003128,0.569472201861053,2000,20,5,original_seed_batch_01,1101,-0.273475790142075,0.3244278327209779
S1_MGCUBED,S1,MGCUBED,5,81,0.297809949782067,1.30879521456896,0.785959190401053,2000,20,5,original_seed_batch_01,1102,-0.5228360241679071,0.39947886296336926
S1_SINE,S1,SINE,8,52,0.255429670617393,0.598724990043023,0.489961670960919,6000,60,5,original_seed_batch_01,1103,-0.10876331908210402,0.18165822521336303
S2_MG,S2,MG,2,55,0.110947939932602,0.978382587839968,0.610657881852692,2000,20,5,original_seed_batch_01,1104,-0.367724705987276,0.37584960173823534
S2_MGCUBED,S2,MGCUBED,4,56,0.34930990142024,1.25958842953422,0.79356973706531,2000,20,5,original_seed_batch_01,1105,-0.4660186924689099,0.3699769556006781
S2_SINE,S2,SINE,2,77,0.276337671571543,0.537027835415535,0.454126437309189,6000,60,5,original_seed_batch_01,1106,-0.082901398106346,0.15437076560882462
S3_MG,S3,MG,10,94,0.0957573428830161,0.771509683194052,0.506221580648016,2000,20,5,original_seed_batch_01,1107,-0.26528810254603596,0.3438558301014999
S3_MGCUBED,S3,MGCUBED,3,76,0.306052489034211,1.20196288718839,0.59858919680282,2000,20,5,original_seed_batch_01,1108,-0.6033736903855701,0.5019902834079769
S3_SINE,S3,SINE,9,42,0.238992938178567,0.486638401103043,0.42623384304707,6000,60,4,original_seed_batch_01,1109,-0.060404558055973,0.12412616414786935
S4_MG,S4,MG,3,83,0.0984660085084477,0.799749970709414,0.424004698025031,2000,20,5,original_seed_batch_01,1110,-0.375745272684383,0.4698284294416168
S4_MGCUBED,S4,MGCUBED,7,80,0.312306951228621,1.12039510096681,0.769463714452824,2000,20,5,original_seed_batch_01,1111,-0.35093138651398603,0.31322110049496
S4_SINE,S4,SINE,6,96,0.238343841176786,0.499405600532706,0.39513506949466,6000,60,5,original_seed_batch_01,1112,-0.10427053103804601,0.20878927053846155
S1_MG,S1,MG,5,83,0.0873146907312197,0.854706152684845,0.613767738249161,2000,20,5,seed_batch_02,2101,-0.24093841443568398,0.28189619751634687
S1_MGCUBED,S1,MGCUBED,5,81,0.297809949782067,1.06957251919859,0.753556797946833,2000,20,5,seed_batch_02,2102,-0.31601572125175714,0.29545983613017807
S1_SINE,S1,SINE,8,52,0.255429670617393,0.628242382773118,0.515657952691864,6000,60,5,seed_batch_02,2103,-0.11258443008125396,0.17920540410581062
S2_MG,S2,MG,2,55,0.110947939932602,0.938749643533252,0.619345912872868,2000,20,5,seed_batch_02,2104,-0.31940373066038397,0.34024378369744773
S2_MGCUBED,S2,MGCUBED,4,56,0.34930990142024,1.15426126419523,0.72607403519953,2000,20,5,seed_batch_02,2105,-0.42818722899569994,0.37096214026920427
S2_SINE,S2,SINE,2,77,0.276337671571543,0.571221055306288,0.468866384973667,6000,60,5,seed_batch_02,2106,-0.10235467033262097,0.17918574496127165
S3_MG,S3,MG,10,94,0.0957573428830161,0.772338667338508,0.459548721191042,2000,20,5,seed_batch_02,2107,-0.31278994614746597,0.40499065937659884
S3_MGCUBED,S3,MGCUBED,3,76,0.306052489034211,1.05596260693148,0.693438880739836,2000,20,5,seed_batch_02,2108,-0.3625237261916441,0.343311139818768
S3_SINE,S3,SINE,9,42,0.238992938178567,0.475538504829693,0.44293153246006,6000,60,4,seed_batch_02,2109,-0.032606972369633,0.06856852187250473
S4_MG,S4,MG,3,83,0.0984660085084477,0.828522310011288,0.466950612372537,2000,20,5,seed_batch_02,2110,-0.36157169763875097,0.4364055056451345
S4_MGCUBED,S4,MGCUBED,7,80,0.312306951228621,1.24833444000936,0.772895713490167,2000,20,5,seed_batch_02,2111,-0.47543872651919294,0.3808584552995495
S4_SINE,S4,SINE,6,96,0.238343841176786,0.491043760277411,0.398854446104802,6000,60,5,seed_batch_02,2112,-0.092189314172609,0.18774154490941386
S1_MG,S1,MG,5,83,0.0873146907312197,0.762243232076115,0.598753725192743,2000,20,5,seed_batch_03,3101,-0.16348950688337205,0.21448469465327644
S1_MGCUBED,S1,MGCUBED,5,81,0.297809949782067,1.15805101707483,0.772097530094904,2000,20,5,seed_batch_03,3102,-0.38595348697992593,0.3332784836671723
S1_SINE,S1,SINE,8,52,0.255429670617393,0.59060500332456,0.505257461451686,6000,60,5,seed_batch_03,3103,-0.08534754187287397,0.144508667201338
S2_MG,S2,MG,2,55,0.110947939932602,0.906486296994637,0.601258255246277,2000,20,5,seed_batch_03,3104,-0.30522804174836005,0.3367155606878036
S2_MGCUBED,S2,MGCUBED,4,56,0.34930990142024,1.0866541884758,0.765327954843578,2000,20,5,seed_batch_03,3105,-0.3213262336322221,0.2957023835549115
S2_SINE,S2,SINE,2,77,0.276337671571543,0.569230980463209,0.461061994480084,6000,60,5,seed_batch_03,3106,-0.10816898598312497,0.19002652648157514
S3_MG,S3,MG,10,94,0.0957573428830161,0.789811886501383,0.513873202985226,2000,20,5,seed_batch_03,3107,-0.275938683516157,0.3493726648486872
S3_MGCUBED,S3,MGCUBED,3,76,0.306052489034211,1.02229198239129,0.688700622559615,2000,20,5,seed_batch_03,3108,-0.333591359831675,0.32631710468016795
S3_SINE,S3,SINE,9,42,0.238992938178567,0.491253146206961,0.440396762801003,6000,60,4,seed_batch_03,3109,-0.050856383405957994,0.10352378157499395
S4_MG,S4,MG,3,83,0.0984660085084477,0.818040314634429,0.45719125736178,2000,20,5,seed_batch_03,3110,-0.36084905727264904,0.44111402679940964
S4_MGCUBED,S4,MGCUBED,7,80,0.312306951228621,1.17205078806749,0.748764520484742,2000,20,5,seed_batch_03,3111,-0.423286267582748,0.36115010705352985
S4_SINE,S4,SINE,6,96,0.238343841176786,0.475924128458956,0.408494462672015,6000,60,5,seed_batch_03,3112,-0.06742966578694098,0.14168154492456284
S1_MG,S1,MG,5,83,0.0873146907312197,0.914040781674191,0.551265775096891,2000,20,5,seed_batch_04,4101,-0.3627750065773,0.39689148870669405
S1_MGCUBED,S1,MGCUBED,5,81,0.297809949782067,1.10630999889734,0.730410948952704,2000,20,5,seed_batch_04,4102,-0.37589904994463597,0.33977732310048253
S1_SINE,S1,SINE,8,52,0.255429670617393,0.655463878509959,0.507798135883959,6000,60,5,seed_batch_04,4103,-0.14766574262600007,0.225284332924162
S2_MG,S2,MG,2,55,0.110947939932602,0.90564979394873,0.645697309919287,2000,20,5,seed_batch_04,4104,-0.25995248402944304,0.28703422202087897
S2_MGCUBED,S2,MGCUBED,4,56,0.34930990142024,1.18647840506563,0.733933178216312,2000,20,5,seed_batch_04,4105,-0.4525452268493181,0.3814188483475058
S2_SINE,S2,SINE,2,77,0.276337671571543,0.616895078419351,0.525461130633123,6000,60,5,seed_batch_04,4106,-0.09143394778622793,0.14821636771767735
S3_MG,S3,MG,10,94,0.0957573428830161,0.819086307862855,0.457038010715142,2000,20,5,seed_batch_04,4107,-0.36204829714771297,0.4420148324690749
S3_MGCUBED,S3,MGCUBED,3,76,0.306052489034211,0.964792809694299,0.61067861793164,2000,20,5,seed_batch_04,4108,-0.354114191762659,0.367036516239028
S3_SINE,S3,SINE,9,42,0.238992938178567,0.474698991919802,0.437500589127947,6000,60,4,seed_batch_04,4109,-0.037198402791855045,0.07836208507925276
S4_MG,S4,MG,3,83,0.0984660085084477,0.724975711930884,0.436421979698427,2000,20,5,seed_batch_04,4110,-0.28855373223245695,0.39801848183841837
S4_MGCUBED,S4,MGCUBED,7,80,0.312306951228621,1.23548368845247,0.781593847632253,2000,20,5,seed_batch_04,4111,-0.453889840820217,0.36737825441365873
S4_SINE,S4,SINE,6,96,0.238343841176786,0.477770142066864,0.39724872746861,6000,60,5,seed_batch_04,4112,-0.08052141459825402,0.1685358868386234
S1_MG,S1,MG,5,83,0.0873146907312197,0.92133366406949,0.564673118217831,2000,20,5,seed_batch_05,5101,-0.35666054585165907,0.3871133333783824
S1_MGCUBED,S1,MGCUBED,5,81,0.297809949782067,1.2021261345611,0.763119280563724,2000,20,5,seed_batch_05,5102,-0.43900685399737605,0.365192005544126
S1_SINE,S1,SINE,8,52,0.255429670617393,0.584004362628402,0.511266046794591,6000,60,5,seed_batch_05,5103,-0.07273831583381107,0.12455098024686155
S2_MG,S2,MG,2,55,0.110947939932602,0.854409500599375,0.594004847556612,2000,20,5,seed_batch_05,5104,-0.26040465304276306,0.3047773378691215
S2_MGCUBED,S2,MGCUBED,4,56,0.34930990142024,1.06764764760021,0.724727497100648,2000,20,5,seed_batch_05,5105,-0.3429201504995619,0.3211922503368559
S2_SINE,S2,SINE,2,77,0.276337671571543,0.588597565028185,0.505446243432375,6000,60,5,seed_batch_05,5106,-0.08315132159581007,0.14127024394303833
S3_MG,S3,MG,10,94,0.0957573428830161,0.741682535914778,0.465553674454596,2000,20,5,seed_batch_05,5107,-0.27612886146018195,0.37230061123066566
S3_MGCUBED,S3,MGCUBED,3,76,0.306052489034211,1.12616542568732,0.68772841183054,2000,20,5,seed_batch_05,5108,-0.4384370138567799,0.38931848186441487
S3_SINE,S3,SINE,9,42,0.238992938178567,0.485076018338222,0.427666215497692,6000,60,4,seed_batch_05,5109,-0.05740980284052999,0.11835217712309307
S4_MG,S4,MG,3,83,0.0984660085084477,0.835248103354891,0.443599855566188,2000,20,5,seed_batch_05,5110,-0.391648247788703,0.4689004934169775
S4_MGCUBED,S4,MGCUBED,7,80,0.312306951228621,1.23407010561244,0.779975761839658,2000,20,5,seed_batch_05,5111,-0.4540943437727819,0.3679647871766779
S4_SINE,S4,SINE,6,96,0.238343841176786,0.467543122355198,0.397245966538069,6000,60,5,seed_batch_05,5112,-0.07029715581712903,0.1503543789993417
