task,set,N_R,R,Mp,tau_over_T,L,k_on,k_off,T,N_max,lam,objective,opt_sd,held,search_objective,meanfield_same_readout
MG,S1,5000,50,10,1.1844944240725908,20,6.6173249806567396e-18,9.746202849397642,1.25,10100.0,0.0001,0.18929198728257599,0.011631697451283108,0.19414032800632275,0.1828884632687306,0.07112315752087778
MGCUBED,S1,5000,50,50,0.39308110631225956,20,1.4333806668650444e-17,9.86836956022015,1.25,10100.0,0.01,0.3132918327144235,0.013509776279373187,0.376129205275788,0.30692906625287003,0.15709740499116512
NARMA,S1,5000,50,50,4.999999999999999,17,1.4645676538406466e-18,10.0,1.25,10100.0,0.001,0.3721483948687747,0.0021905148585349677,0.3688825641845932,0.37165627065299167,0.36956179210764073
SINE,S1,5000,50,20,3.6835707514194906,20,8.767568093895009e-18,2.0188011263525487,1.25,10100.0,1e-05,0.37146258289984346,0.008042899516185031,0.3808564290182425,0.3665089444294919,0.3133185273720725
MG,S3,5000,50,50,0.05,18,2e-17,10.0,5.0,18430.5255311168,0.01,0.12294413574370551,0.006221542598390047,0.1268272925231136,0.11736487192495035,0.03652827587463936
MGCUBED,S3,5000,50,50,4.999999999999999,19,7.045213908853035e-18,0.5599421395036952,4.176353926599157,14325.218892262963,1e-05,0.2717365823021262,0.015397980518893928,0.332726540086507,0.2653002129194348,0.21671646010851414
NARMA,S3,5000,50,50,4.999999999999999,17,4.931930501569678e-19,10.0,5.0,20000.0,0.001,0.3682211652081703,0.002216670485131932,0.36515879222885983,0.3685232325512139,0.3663705546521107
SINE,S3,5000,50,10,2.976722019452227,20,5.514899996551492e-18,0.4064474145041063,4.582719738282946,12475.11355292609,1e-05,0.3499300875887525,0.0059126769997325515,0.3546715407526363,0.34604225907243713,0.28512519283020576
MG,S1,50000,50,25,4.999999999999999,20,4.386685741572203e-18,10.0,1.25,10100.0,1e-06,0.12705910635983492,0.005336651769921099,0.13159763550339856,0.12302430166396101,0.0907943790601259
MGCUBED,S1,50000,50,25,0.08480896558849241,18,1.1598404364045185e-17,1.7662456401801128,1.25,10100.0,0.001,0.27105019320506557,0.011482243283824103,0.32315787943316776,0.26441936800804344,0.09902130640196853
NARMA,S1,50000,50,50,4.999999999999999,15,5.853281351081083e-19,10.0,1.25,10100.0,0.0001,0.3669922451300753,0.0011279564549610275,0.366409329920788,0.3668785549005103,0.36654937746835625
SINE,S1,50000,50,10,0.846953884577386,20,8.139834151945236e-18,0.8420716386711445,1.25,10100.0,1e-05,0.344730525563194,0.005501679144130909,0.3507075470205451,0.34310621711615463,0.2864987390005972
MG,S3,50000,50,50,4.999999999999999,20,2e-17,10.0,5.0,17821.07642723094,1e-06,0.08345360521274335,0.0025580481901390033,0.09151306622595604,0.08244217249600591,0.07167517367936724
MGCUBED,S3,50000,50,50,4.999999999999999,20,3.2096108799020742e-18,0.364498872846683,4.7664980713057625,20000.0,1e-06,0.2275646014787579,0.010410838806804401,0.2785064821043279,0.22167909616763382,0.20081011586200806
NARMA,S3,50000,50,10,4.999999999999999,17,5.708337521708598e-19,10.0,5.0,3922.998544317623,1e-05,0.3664448472545987,0.0013893824854109508,0.3619696583710269,0.3659746985704676,0.36603607908008245
SINE,S3,50000,50,100,0.20687425179091665,20,4.836364242932063e-18,0.7366283820164894,5.0,15480.385579806443,0.0001,0.31392425814409725,0.008092775705222547,0.3242545991413948,0.31377131802807384,0.23313811876467144
