group,mode,N_R,set,task,search_seed,n_evaluations,seconds,R,k_on,k_off,T,distance,N_max,D,Mp,tau_over_T,L,lam,objective,opt_sd,held,n_searches,obj_mean,obj_sd,obj_min,L_values
readout,hyb,5000,S1,MG,1,100,433.43595719337463,10,6.6173249806567396e-18,9.746202849397642,1.25,7.07e-06,10100.0,3.16e-11,10,1.1844944240725908,20,0.0001,0.1828884632687306,0.00975675410271169,0.19237661330285402,3,0.18609844539959897,0.0028211246824246966,0.1828884632687306,20 19 20
readout,hyb,5000,S1,MGCUBED,1,100,372.2550048828125,10,1.4333806668650444e-17,9.86836956022015,1.25,7.07e-06,10100.0,3.16e-11,50,0.39308110631225956,20,0.01,0.30692906625287003,0.011955463763597114,0.37570888700037564,3,0.3083442505024937,0.0012382146598760714,0.30692906625287003,20 18 18
readout,hyb,5000,S1,NARMA,3,100,244.48618602752686,10,1.4645676538406466e-18,10.0,1.25,7.07e-06,10100.0,3.16e-11,50,4.999999999999999,17,0.001,0.37165627065299167,0.0017038228410535064,0.36891493432762035,3,0.3719361847214865,0.00027192003512371577,0.37165627065299167,17 17 17
readout,hyb,5000,S1,SINE,3,100,795.2108709812164,10,8.767568093895009e-18,2.0188011263525487,1.25,7.07e-06,10100.0,3.16e-11,20,3.6835707514194906,20,1e-05,0.3665089444294919,0.007365159241677357,0.3796472746870153,3,0.36714024456386246,0.0005469073826194442,0.3665089444294919,20 20 20
readout,hyb,5000,S3,MG,1,100,772.9282569885254,10,2e-17,10.0,5.0,7.07e-06,18430.5255311168,3.16e-11,50,0.05,18,0.01,0.11736487192495035,0.007322859369330568,0.12356828597711325,3,0.11851259644939081,0.0016559963155540873,0.11736487192495035,18 20 20
readout,hyb,5000,S3,MGCUBED,3,100,512.5308589935303,10,7.045213908853035e-18,0.5599421395036952,4.176353926599157,7.07e-06,14325.218892262963,3.16e-11,50,4.999999999999999,19,1e-05,0.2653002129194348,0.01746199180316941,0.3212529256555622,3,0.2672342728256044,0.001688967233013009,0.2653002129194348,20 18 19
readout,hyb,5000,S3,NARMA,1,100,389.26339411735535,10,4.931930501569678e-19,10.0,5.0,7.07e-06,20000.0,3.16e-11,50,4.999999999999999,17,0.001,0.3685232325512139,0.002099878642109768,0.36555710210429526,3,0.36914301428324814,0.0006650265285061311,0.3685232325512139,17 15 18
readout,hyb,5000,S3,SINE,1,100,1082.9877099990845,10,5.514899996551492e-18,0.4064474145041063,4.582719738282946,7.07e-06,12475.11355292609,3.16e-11,10,2.976722019452227,20,1e-05,0.34604225907243713,0.005688478929758115,0.3561902025324535,3,0.34754698763020364,0.0013302823121205255,0.34604225907243713,20 20 20
readout,hyb,50000,S1,MG,2,100,191.42668318748474,10,4.386685741572203e-18,10.0,1.25,7.07e-06,10100.0,3.16e-11,25,4.999999999999999,20,1e-06,0.12302430166396101,0.0036523936945030092,0.1315545104582309,3,0.12480955973054694,0.0015850938667769526,0.12302430166396101,20 20 20
readout,hyb,50000,S1,MGCUBED,3,100,149.66323399543762,10,1.1598404364045185e-17,1.7662456401801128,1.25,7.07e-06,10100.0,3.16e-11,25,0.08480896558849241,18,0.001,0.26441936800804344,0.011074429640789226,0.33231668099293465,3,0.26680322643976245,0.0020811952890821502,0.26441936800804344,18 20 18
readout,hyb,50000,S1,NARMA,3,100,200.2427351474762,10,5.853281351081083e-19,10.0,1.25,7.07e-06,10100.0,3.16e-11,50,4.999999999999999,15,0.0001,0.3668785549005103,0.0012450421684910742,0.3670571744964219,3,0.36739813638011704,0.0006764187073816319,0.3668785549005103,20 15 15
readout,hyb,50000,S1,SINE,3,100,523.8668260574341,10,8.139834151945236e-18,0.8420716386711445,1.25,7.07e-06,10100.0,3.16e-11,10,0.846953884577386,20,1e-05,0.34310621711615463,0.004080544694574024,0.352367710536139,3,0.34414489375539614,0.0011349947764902996,0.34310621711615463,20 20 20
readout,hyb,50000,S3,MG,3,100,448.2687361240387,10,2e-17,10.0,5.0,7.07e-06,17821.07642723094,3.16e-11,50,4.999999999999999,20,1e-06,0.08244217249600591,0.0034663232870608424,0.09114227452718222,3,0.08522901734393176,0.004149005236971505,0.08244217249600591,20 20 20
readout,hyb,50000,S3,MGCUBED,2,100,487.7834312915802,10,3.2096108799020742e-18,0.364498872846683,4.7664980713057625,7.07e-06,20000.0,3.16e-11,50,4.999999999999999,20,1e-06,0.22167909616763382,0.006162408271374939,0.2725666706564755,3,0.22731048387163608,0.006544681739066564,0.22167909616763382,20 20 18
readout,hyb,50000,S3,NARMA,1,100,456.23753905296326,10,5.708337521708598e-19,10.0,5.0,7.07e-06,3922.998544317623,3.16e-11,10,4.999999999999999,17,1e-05,0.3659746985704676,0.0015429467037074206,0.3613342837108404,3,0.36704445354602766,0.0013716923120076828,0.3659746985704676,17 16 17
readout,hyb,50000,S3,SINE,1,100,1167.1399638652802,10,4.836364242932063e-18,0.7366283820164894,5.0,7.07e-06,15480.385579806443,3.16e-11,100,0.20687425179091665,20,0.0001,0.31377131802807384,0.007085452023892753,0.32465831925649397,3,0.31656550117840687,0.0026314034241391162,0.31377131802807384,20 6 20
