group,mode,N_R,set,task,search_seed,n_evaluations,seconds,R,k_on,k_off,T,distance,N_max,D,Mp,tau_over_T,L,lam,objective,opt_sd,held
readout,hyb,5000,S1,MGCUBED,1,100,372.2550048828125,10,1.4333806668650444e-17,9.86836956022015,1.25,7.07e-06,10100.0,3.16e-11,50,0.39308110631225956,20,0.01,0.30692906625287003,0.011955463763597114,0.37570888700037564
readout,hyb,5000,S1,MGCUBED,2,100,373.0814549922943,10,1.7204980772838134e-17,9.631668067809905,1.25,7.07e-06,10100.0,3.16e-11,25,1.642630413083299,18,0.0001,0.30887544620261165,0.01227870603262532,0.3957382607785789
readout,hyb,5000,S1,MGCUBED,3,100,377.6696870326996,10,1.355516653391398e-17,9.976323821712214,1.25,7.07e-06,10100.0,3.16e-11,25,1.8206267654059352,18,0.0001,0.3092282390519995,0.007855725456537323,0.38323686778843497
readout,hyb,5000,S1,MG,1,100,433.43595719337463,10,6.6173249806567396e-18,9.746202849397642,1.25,7.07e-06,10100.0,3.16e-11,10,1.1844944240725908,20,0.0001,0.1828884632687306,0.00975675410271169,0.19237661330285402
readout,hyb,5000,S1,MG,2,100,412.8567748069763,10,6.307882139225455e-18,9.480432426798009,1.25,7.07e-06,10100.0,3.16e-11,50,2.075344176853235,19,0.0001,0.18818380664876141,0.010999661643750583,0.19151337042333158
readout,hyb,5000,S1,MG,3,100,442.16466999053955,10,6.863436498015935e-18,9.971235517312536,1.25,7.07e-06,10100.0,3.16e-11,10,1.7765337983436695,20,0.0001,0.18722306628130492,0.009227726145769636,0.1915278454588596
readout,hyb,5000,S1,NARMA,1,100,327.3410701751709,10,1.2284917129071324e-18,9.39134795698788,1.25,7.07e-06,10100.0,3.16e-11,25,4.948484371445168,17,0.001,0.37219933506397623,0.0021970580237536557,0.37033385543629616
readout,hyb,5000,S1,NARMA,2,100,306.1354937553406,10,8.360184595104707e-19,9.318504802250072,1.25,7.07e-06,10100.0,3.16e-11,50,4.006639443673251,17,0.001,0.3719529484474916,0.0027042459276756994,0.367656719775925
readout,hyb,5000,S1,NARMA,3,100,244.48618602752686,10,1.4645676538406466e-18,10.0,1.25,7.07e-06,10100.0,3.16e-11,50,4.999999999999999,17,0.001,0.37165627065299167,0.0017038228410535064,0.36891493432762035
readout,hyb,5000,S1,SINE,1,100,815.651517868042,10,1.950329782980071e-17,9.56362704102711,1.25,7.07e-06,10100.0,3.16e-11,50,0.06791419769071974,20,0.1,0.3674416541808644,0.0059981514861885445,0.376498597283597
readout,hyb,5000,S1,SINE,2,100,1284.5845551490784,10,8.147145193629872e-18,2.5467239533649115,1.25,7.07e-06,10100.0,3.16e-11,100,4.999999999999999,20,0.0001,0.3674701350812311,0.007964948013612938,0.37527615539686865
readout,hyb,5000,S1,SINE,3,100,795.2108709812164,10,8.767568093895009e-18,2.0188011263525487,1.25,7.07e-06,10100.0,3.16e-11,20,3.6835707514194906,20,1e-05,0.3665089444294919,0.007365159241677357,0.3796472746870153
readout,hyb,5000,S3,MGCUBED,1,100,492.91057991981506,10,5.221371474294179e-18,0.4711087140879585,4.777469568031625,7.07e-06,13785.226267568996,3.16e-11,25,1.713367597928804,20,1e-05,0.26798411731945687,0.016995845837721235,0.315928950634561
readout,hyb,5000,S3,MGCUBED,2,100,476.0190579891205,10,3.2138190669566187e-18,0.2628909858270678,5.0,7.07e-06,20000.0,3.16e-11,50,4.999999999999999,18,1e-05,0.2684184882379216,0.013883557148753804,0.32792919204466975
readout,hyb,5000,S3,MGCUBED,3,100,512.5308589935303,10,7.045213908853035e-18,0.5599421395036952,4.176353926599157,7.07e-06,14325.218892262963,3.16e-11,50,4.999999999999999,19,1e-05,0.2653002129194348,0.01746199180316941,0.3212529256555622
readout,hyb,5000,S3,MG,1,100,772.9282569885254,10,2e-17,10.0,5.0,7.07e-06,18430.5255311168,3.16e-11,50,0.05,18,0.01,0.11736487192495035,0.007322859369330568,0.12356828597711325
readout,hyb,5000,S3,MG,2,100,614.6569540500641,10,5.494530606827812e-18,10.0,5.0,7.07e-06,20000.0,3.16e-11,50,4.999999999999999,20,1e-05,0.11776193233998715,0.003517788727947169,0.12991957365084453
readout,hyb,5000,S3,MG,3,100,693.476854801178,10,2e-17,10.0,4.5869843532693455,7.07e-06,4082.3747360058474,3.16e-11,25,4.999999999999999,20,1e-05,0.12041098508323493,0.004259826062949812,0.1267050681010638
readout,hyb,5000,S3,NARMA,1,100,389.26339411735535,10,4.931930501569678e-19,10.0,5.0,7.07e-06,20000.0,3.16e-11,50,4.999999999999999,17,0.001,0.3685232325512139,0.002099878642109768,0.36555710210429526
readout,hyb,5000,S3,NARMA,2,100,412.2558138370514,10,8.595037972496383e-19,10.0,5.0,7.07e-06,15261.161449610374,3.16e-11,5,4.999999999999999,15,1e-05,0.36984554141490356,0.002014302697674623,0.36932875594136017
readout,hyb,5000,S3,NARMA,3,100,399.7782599925995,10,4.687894060898227e-19,10.0,3.3112607286240157,7.07e-06,20000.0,3.16e-11,10,4.999999999999999,18,0.0001,0.369060268883627,0.001464698299622591,0.36086141698756374
readout,hyb,5000,S3,SINE,1,100,1082.9877099990845,10,5.514899996551492e-18,0.4064474145041063,4.582719738282946,7.07e-06,12475.11355292609,3.16e-11,10,2.976722019452227,20,1e-05,0.34604225907243713,0.005688478929758115,0.3561902025324535
readout,hyb,5000,S3,SINE,2,100,1116.6568248271942,10,5.193174216681137e-18,0.46554557987477097,5.0,7.07e-06,16394.89466504719,3.16e-11,10,3.052784222827105,20,1e-05,0.3485667374089222,0.003984546568677767,0.3555827676485662
readout,hyb,5000,S3,SINE,3,100,1026.5399270057678,10,4.03350371304923e-18,0.2904983631273651,4.316928006067535,7.07e-06,17809.02967065801,3.16e-11,10,0.6337629597054725,20,0.0001,0.3480319664092516,0.006970942274971364,0.35725733434775686
readout,hyb,50000,S1,MGCUBED,1,100,146.03971195220947,10,7.853641496114954e-18,1.8631438077813345,1.25,7.07e-06,10100.0,3.16e-11,10,0.05,18,0.001,0.2682583819165446,0.01602951906535303,0.32220309969705746
readout,hyb,50000,S1,MGCUBED,2,100,146.3967249393463,10,8.879962412125742e-18,2.55195856907273,1.25,7.07e-06,10100.0,3.16e-11,50,0.05059498894547354,20,0.01,0.26773192939469936,0.009402912300421144,0.32866392466446437
readout,hyb,50000,S1,MGCUBED,3,100,149.66323399543762,10,1.1598404364045185e-17,1.7662456401801128,1.25,7.07e-06,10100.0,3.16e-11,25,0.08480896558849241,18,0.001,0.26441936800804344,0.011074429640789226,0.33231668099293465
readout,hyb,50000,S1,MG,1,100,218.72750091552734,10,4.08467490641292e-18,10.0,1.25,7.07e-06,10100.0,3.16e-11,50,0.05,20,0.01,0.12535267081972068,0.003727919220207063,0.12935189168068964
readout,hyb,50000,S1,MG,2,100,191.42668318748474,10,4.386685741572203e-18,10.0,1.25,7.07e-06,10100.0,3.16e-11,25,4.999999999999999,20,1e-06,0.12302430166396101,0.0036523936945030092,0.1315545104582309
readout,hyb,50000,S1,MG,3,100,147.91395497322083,10,4.467012756353045e-18,10.0,1.25,7.07e-06,10100.0,3.16e-11,50,4.999999999999999,20,1e-05,0.12605170670795912,0.005437533368046863,0.1365026931269961
readout,hyb,50000,S1,NARMA,1,100,197.06087183952332,10,5.870580663362264e-19,9.247441988545345,1.25,7.07e-06,10100.0,3.16e-11,5,0.06914309951983524,20,0.01,0.36816297026880285,0.0013334307353973,0.35958236283049405
readout,hyb,50000,S1,NARMA,2,100,187.51578307151794,10,4.572892737109514e-19,10.0,1.25,7.07e-06,10100.0,3.16e-11,25,4.999999999999999,15,1e-05,0.36715288397103796,0.0014599423434349256,0.3658136614759971
readout,hyb,50000,S1,NARMA,3,100,200.2427351474762,10,5.853281351081083e-19,10.0,1.25,7.07e-06,10100.0,3.16e-11,50,4.999999999999999,15,0.0001,0.3668785549005103,0.0012450421684910742,0.3670571744964219
readout,hyb,50000,S1,SINE,1,100,502.0256378650665,10,7.929963723188171e-18,1.5082846017352847,1.25,7.07e-06,10100.0,3.16e-11,10,0.1663381081197294,20,0.001,0.34397207871630164,0.0028054955450010004,0.35339847839389776
readout,hyb,50000,S1,SINE,2,100,487.441468000412,10,9.497563757395703e-18,2.462099406108797,1.25,7.07e-06,10100.0,3.16e-11,10,0.9542862123014734,20,1e-05,0.3453563854337321,0.0044073027458079485,0.35062838452266826
readout,hyb,50000,S1,SINE,3,100,523.8668260574341,10,8.139834151945236e-18,0.8420716386711445,1.25,7.07e-06,10100.0,3.16e-11,10,0.846953884577386,20,1e-05,0.34310621711615463,0.004080544694574024,0.352367710536139
readout,hyb,50000,S3,MGCUBED,1,100,522.673751115799,10,6.937818030861605e-18,0.26187989614355794,5.0,7.07e-06,9249.541830459946,3.16e-11,50,4.999999999999999,20,1e-06,0.22576172318027438,0.009321787324567553,0.28583570033324407
readout,hyb,50000,S3,MGCUBED,2,100,487.7834312915802,10,3.2096108799020742e-18,0.364498872846683,4.7664980713057625,7.07e-06,20000.0,3.16e-11,50,4.999999999999999,20,1e-06,0.22167909616763382,0.006162408271374939,0.2725666706564755
readout,hyb,50000,S3,MGCUBED,3,100,530.7304382324219,10,5.896655914445216e-18,0.5449145226053324,5.0,7.07e-06,15497.357557209481,3.16e-11,50,4.999999999999999,18,1e-06,0.23449063226700004,0.005935328665565235,0.2902851614121119
readout,hyb,50000,S3,MG,1,100,466.7712240219116,10,2e-17,10.0,4.701131981560786,7.07e-06,20000.0,3.16e-11,25,0.05,20,0.001,0.08999725328890719,0.0027068418425841415,0.09957274255101249
readout,hyb,50000,S3,MG,2,100,472.07206106185913,10,2e-17,10.0,5.0,7.07e-06,19365.912649822207,3.16e-11,25,4.999999999999999,20,1e-06,0.08324762624688217,0.0016286083734144419,0.08878639417154278
readout,hyb,50000,S3,MG,3,100,448.2687361240387,10,2e-17,10.0,5.0,7.07e-06,17821.07642723094,3.16e-11,50,4.999999999999999,20,1e-06,0.08244217249600591,0.0034663232870608424,0.09114227452718222
readout,hyb,50000,S3,NARMA,1,100,456.23753905296326,10,5.708337521708598e-19,10.0,5.0,7.07e-06,3922.998544317623,3.16e-11,10,4.999999999999999,17,1e-05,0.3659746985704676,0.0015429467037074206,0.3613342837108404
readout,hyb,50000,S3,NARMA,2,100,319.9482879638672,10,3.0852609516186834e-19,10.0,2.6271216647412943,7.07e-06,6583.456014488075,3.16e-11,10,4.999999999999999,16,1e-06,0.3685908932009627,0.0016284964851221906,0.3637280262511597
readout,hyb,50000,S3,NARMA,3,100,340.09728479385376,10,1.0151165317423514e-18,10.0,5.0,7.07e-06,12851.8527111048,3.16e-11,50,4.999999999999999,17,0.001,0.3665677688666527,0.0006720535587976832,0.3637164581188465
readout,hyb,50000,S3,SINE,1,100,1167.1399638652802,10,4.836364242932063e-18,0.7366283820164894,5.0,7.07e-06,15480.385579806443,3.16e-11,100,0.20687425179091665,20,0.0001,0.31377131802807384,0.007085452023892753,0.32465831925649397
readout,hyb,50000,S3,SINE,2,100,1057.9741220474243,10,4.797425129630803e-18,0.6409962532619147,5.0,7.07e-06,15252.344228796775,3.16e-11,100,0.4533733030307657,6,1e-05,0.3189963670869592,0.0067750992482151105,0.3280915894633331
readout,hyb,50000,S3,SINE,3,100,970.3152611255646,10,6.659983800522072e-18,0.7053373833903407,4.619961706151288,7.07e-06,12588.618923620737,3.16e-11,100,0.05,20,0.001,0.3169288184201875,0.006047879265095196,0.3165518030579392
