group,mode,N_R,set,task,search_seed,n_evaluations,seconds,node,R,k_on,k_off,T,distance,N_max,D,L,lam_best,objective,opt_sd,held,held_sd,train,opt_lam_1e-06,held_lam_1e-06,opt_lam_1e-05,held_lam_1e-05,opt_lam_1e-04,held_lam_1e-04,opt_lam_1e-03,held_lam_1e-03,opt_lam_1e-02,held_lam_1e-02,opt_lam_1e-01,held_lam_1e-01,opt_lam_1e+00,held_lam_1e+00,opt_lam_1e+01,held_lam_1e+01,opt_lam_1e+02,held_lam_1e+02,opt_lam_1e+03,held_lam_1e+03,KD_nM,tau_D_over_T,phi_ISI,koff_T,c_peak,c_mean,c_peak_over_KD,c_mean_over_KD,tauR_mean_over_T,tauR_peak_over_T,occ_mean,occ_std,occ_max,occ_frac_above_0p8,occ_frac_above_0p9,contrast_within,contrast_between,binomial_sd_mean,snr_within,shell_molecules_peak,shell_molecules_mean,history_symbols,dt,n_sub,n_searches,obj_mean,obj_sd,obj_min,L_values
bits,det,0,S0,NARMA,1,5,0.04954218864440918,sample,1,1e-18,1.0,1.25,7.07e-06,10100.0,3.16e-11,5,1e-06,0.6713873537613481,0.0,0.6907148528953134,0.0,0.6412479114958868,0.6713873537613481,0.6907148528953134,0.6771937214048841,0.6969956981714263,0.6924535459930482,0.7143869241822688,0.7042908891014538,0.7163285104844884,0.7169202290481972,0.7136745805347122,0.7459830115304136,0.7523284388334611,0.7788020299510638,0.8005396888504596,0.7944262834312007,0.8167859025330653,0.8228039986297458,0.8467621051783378,0.8656714223444125,0.8763944363621505,1.6605390671738465,0.21090675105485235,0.5736407405901451,1.25,3.2071893147245215e+18,1.2746070024575383e+18,3.207189314724522,1.2746070024575384,0.35170910805060446,0.19015070160977113,0.5494702876739965,0.07064763215130941,0.7063545485513585,0.0,0.0,0.10280657043542607,0.06149750017336044,inf,0.0,77.48871469923388,30.795705733249317,21,0.001,25,1,0.6713873537613481,0.0,0.6713873537613481,5
bits,det,0,S0,PAT,1,5,0.04779314994812012,sample,1,1e-18,1.0,1.25,7.07e-06,10100.0,3.16e-11,5,1e-06,0.5111579193136349,0.0,0.526619222743772,0.0,0.48728504711410653,0.5111579193136349,0.526619222743772,0.6167432350320297,0.6402537204822217,0.6427849663835009,0.6645781314013547,0.6712093365518939,0.6836513035234372,0.7277954656631377,0.7299320685647351,0.7854744579588254,0.781264019512306,0.8077282176366813,0.8025396032651062,0.812273341395519,0.8053325003380837,0.846598854506961,0.8348806860406235,0.9520036741407855,0.9475623316789085,1.6605390671738465,0.21090675105485235,0.5736407405901451,1.25,3.432706575721471e+18,1.3122840567621668e+18,3.4327065757214714,1.312284056762167,0.34597825369267987,0.18047664250589185,0.5333417542457717,0.13282068353704105,0.7366379315932347,0.0,0.0,0.1456259050852945,0.1222191829300508,inf,0.0,82.93742413990071,31.7060188533121,21,0.001,25,1,0.5111579193136349,0.0,0.5111579193136349,5
bits,det,0,S0,XOR,1,5,0.04995918273925781,sample,1,1e-18,1.0,1.25,7.07e-06,10100.0,3.16e-11,5,1e-06,0.25386499768854104,0.0,0.2535629054728462,0.0,0.2505997343088729,0.25386499768854104,0.2535629054728462,0.33453802152969425,0.33836532767605443,0.38121660715048783,0.37734337371083193,0.6243722466250322,0.6073194207578478,0.8854850212648522,0.8698578694243432,0.9682559622997691,0.9564239980811325,0.9881014246560296,0.975736644540706,0.9917097526290765,0.9785327252832086,0.9948202488659631,0.9839341942384513,1.0007891840438488,0.9998943839739797,1.6605390671738465,0.21090675105485235,0.5736407405901451,1.25,3.432706575721471e+18,1.3122840567621668e+18,3.4327065757214714,1.312284056762167,0.34597825369267987,0.18047664250589185,0.5333417542457717,0.13282068353704105,0.7366379315932347,0.0,0.0,0.1456259050852945,0.1222191829300508,inf,0.0,82.93742413990071,31.7060188533121,21,0.001,25,1,0.25386499768854104,0.0,0.25386499768854104,5
bits,det,0,S1,NARMA,2,100,0.04861116409301758,sample,1,5e-20,0.6189912060851676,1.25,7.07e-06,10100.0,3.16e-11,5,1e-06,0.6090760975001179,0.0,0.618801655758364,0.0,0.5949865678198976,0.6090760975001179,0.618801655758364,0.6131094074310838,0.6189001329648548,0.6495131866545426,0.6527443464398643,0.7360558389150732,0.7478860843801565,0.7753569434804607,0.7925856732916251,0.7796323482891839,0.7993800461738497,0.78744170584502,0.8139573730797186,0.8299125459108597,0.8554630711163834,0.8948866890569502,0.8900498993686169,1.7332930154796526,1.6097163424335017,20.557181598829573,0.21090675105485235,0.5736407405901451,0.7737390076064594,3.2071893147245215e+18,1.2746070024575383e+18,0.2590658221954805,0.10295840958055258,1.1717807834329133,1.026495554472735,0.0930468767707735,0.017447389446455873,0.1405783953962406,0.0,0.0,0.015239771885175906,0.01657979305229921,inf,0.0,77.48871469923388,30.795705733249317,21,0.001,25,5,0.610459300930852,0.0023339577105883965,0.6090760975001179,5 5 5 5 5
bits,det,0,S1,PAT,5,100,0.05167984962463379,sample,1,4.8998595301011304e-18,8.293744899532822,1.25,7.07e-06,10100.0,3.16e-11,4,1e-06,0.46727880093659935,0.0,0.49449959344041505,0.0,0.4482754320720066,0.46727880093659935,0.49449959344041505,0.5323467913482948,0.553033809246267,0.5653634990621487,0.5890347545231037,0.5922636203308707,0.6143012809956505,0.6381618693645896,0.6493843675747243,0.6927469432632805,0.693622335534708,0.7686532033318237,0.766287198455897,0.789805871810534,0.786728114742169,0.8123957694296731,0.8059428346786933,0.9236275454487451,0.9196445871053243,2.810710661038855,0.21090675105485235,0.5736407405901451,10.367181124416028,3.432706575721471e+18,1.3122840567621668e+18,2.0280078821856584,0.7752839784218671,0.05433397520038784,0.03185534496944396,0.4013075718736434,0.14370247593688526,0.6652205075439842,0.0,0.0,0.19717305621356615,0.12800944504473993,inf,0.0,82.93742413990071,31.7060188533121,21,0.001,25,5,0.46970203516488934,0.0025854402874186623,0.46727880093659935,4 4 4 4 4
bits,det,0,S1,XOR,2,100,0.05359482765197754,sample,1,2.8315851110216488e-18,8.038950833340563,1.25,7.07e-06,10100.0,3.16e-11,5,1e-06,0.15864719212641573,0.0,0.1559729455461502,0.0,0.1545151953976617,0.15864719212641573,0.1559729455461502,0.21730377485255561,0.21571066110024778,0.24293489539928265,0.24409893673498645,0.2790863267753728,0.2756110190249124,0.42086648634869983,0.40891111248256695,0.8147363447090892,0.8053866355616949,0.9779842531598986,0.9694407648558696,1.001179463018018,0.9929806254692368,1.0098102548613697,1.006311788365553,1.0128749568502369,1.0176245263293582,4.7143177388142785,0.21090675105485235,0.5736407405901451,10.048688541675704,3.432706575721471e+18,1.3122840567621668e+18,1.209113108393015,0.46222996925765886,0.06805733418376017,0.04504770411854052,0.29435811000883116,0.12164665424071015,0.5379978954752419,0.0,0.0,0.1701961028649127,0.10711569159207242,inf,0.0,82.93742413990071,31.7060188533121,21,0.001,25,5,0.16224039993087058,0.005381841545115492,0.15864719212641573,4 5 5 4 3
bits,det,0,S4,NARMA,3,100,0.0574650764465332,sample,1,5.3811773761256135e-20,0.15692759025022252,1.4842274744512385,6.903610382987435e-06,12856.734334333181,6.5930194255081e-11,4,1e-06,0.4305669667544425,0.0,0.44428697912074167,0.0,0.4642401400476488,0.4305669667544425,0.44428697912074167,0.4999661379011709,0.5193926258529815,0.6521175091725101,0.661197532462897,0.7464636499040637,0.7572996492276469,0.7741593131072959,0.7880451315181871,0.7730360950026671,0.7904190300304539,0.7723173201821238,0.800090521018017,0.8160984583179153,0.8424589791821099,0.8503268319335067,0.8626241820208431,1.1594771084232378,1.0930177429732182,4.8425163512369105,0.08117391160735704,0.37832597681711144,0.23291624094880656,3.2699474230412375e+18,6.687389668139316e+17,1.1212921237070232,0.22931614466358274,3.492501830003281,2.0239498543874817,0.18585511460163243,0.025631155684357775,0.25970950497776113,0.0,0.0,0.01850870879475601,0.024987968536604264,inf,0.0,79.00500970810377,16.157363324265187,8,0.0009894849829674922,30,5,0.5050857926932644,0.09324626325474104,0.4305669667544425,5 5 4 5 5
bits,det,0,S4,PAT,3,100,0.06259465217590332,sample,1,2e-17,4.2153821042658235,1.7616780829214824,6.000000000000003e-06,20000.0,1.4076566111355646e-10,5,1e-06,0.005757886985204823,0.0,0.00522363540081352,0.0,0.005052468782055272,0.005757886985204823,0.00522363540081352,0.04156702527970042,0.0376102956081984,0.11180038378987786,0.1001789473166205,0.17765637605932486,0.16341255369730173,0.2691074768646292,0.259051504573402,0.4429468755659138,0.4442943435353021,0.7016919288540694,0.7048975963554484,0.7755065410899703,0.7743899067425545,0.78870801334548,0.7845822660731524,0.8289988913743829,0.8223587279602943,0.3499903333599449,0.024195130825559626,0.21239101251322448,7.42614626422454,6.922750988287974e+18,4.796601541869386e+17,32.845188488523426,2.275761211310068,0.041107802863437876,0.003978685069161082,0.41803974789828235,0.29833918634327133,0.9669015053079147,0.14248,0.06596,0.454051827511893,0.26613207645169235,inf,0.0,167.2601844245552,11.58904111763504,2,0.0009787100460674901,36,5,0.030333705258400418,0.014914032661486507,0.005757886985204823,4 4 5 4 5
bits,det,0,S4,XOR,4,100,0.0644989013671875,sample,1,2e-17,9.710928983711248,2.0,6.000000000000003e-06,20000.0,1.4787819081609403e-10,5,1e-06,0.003454746729199915,0.0,0.003130258552056687,0.0,0.0031379083549491803,0.003454746729199915,0.003130258552056687,0.014121307521127655,0.012740759720718234,0.02221090384867145,0.020318910198745793,0.08301676667330721,0.08143540671528508,0.3980096318907341,0.39147107350496463,0.8144797257378209,0.8079282744619418,0.975315969433848,0.9677899635956867,1.0003444825519048,0.9931144414474185,1.016693191389979,1.0139353033804164,1.0338012158178485,1.0383416393194744,0.8062688478001674,0.02028696715481796,0.19485961141988103,19.421857967422497,6.898819477226846e+18,4.081633399369763e+17,14.208361504442408,0.840626763148231,0.027973286523520654,0.0033855310326076837,0.2562015330260929,0.2519474454131049,0.920576160241487,0.0526,0.01052,0.4664342915598075,0.19135506183249568,inf,0.0,166.68197657619916,9.861610742420249,2,0.001,40,5,0.004301137311062022,0.0006852135110984676,0.003454746729199915,5 5 5 5 5
bits,hyb,500,S0,NARMA,1,5,0.7404491901397705,sample,10,1e-18,1.0,1.25,7.07e-06,10100.0,3.16e-11,3,1.0,0.7771484914836052,0.004962823591316415,0.8096429827615186,0.00753056433005888,0.7985620449633876,0.9507902159818062,0.9709770351910759,0.9503482745205787,0.9705520200309412,0.946080034365741,0.9664517477202527,0.9143247096548768,0.9362316086813605,0.83418233468466,0.8628124920921735,0.7876974520690136,0.8212210793794522,0.7771484914836052,0.8096429827615186,0.7832129664964097,0.8122099166265453,0.8107769997965004,0.8348805411183868,0.8544402749882483,0.8519547075362628,1.6605390671738465,0.21090675105485235,0.5736407405901451,1.25,3.2071893147245215e+18,1.2746070024575383e+18,3.207189314724522,1.2746070024575384,0.35170910805060446,0.19015070160977113,0.5494702876739965,0.07064763215130941,0.7063545485513585,0.0,0.0,0.10280657043542607,0.06149750017336044,0.02202222682855338,4.6683094873098865,77.48871469923388,30.795705733249317,21,0.001,25,3,0.7777955868465641,0.0008891230165552314,0.7771484914836052,3 3 3
bits,hyb,500,S0,PAT,3,5,0.7221271991729736,sample,10,1e-18,1.0,1.25,7.07e-06,10100.0,3.16e-11,3,10.0,0.8143811948584201,0.0035012260922960593,0.8110913356857845,0.00939071280133006,0.797338048675334,0.9917671397196788,1.0066024933435596,0.991280711146886,1.0060844600707015,0.9865943639560587,1.0010924196403153,0.9523225767104654,0.9644858793809042,0.8701343033286116,0.8747264957575098,0.8277666474467662,0.8267196250946179,0.8147369852806869,0.8117709071444587,0.8143811948584201,0.8110913356857845,0.8581473308122703,0.8544747279214875,0.9557365529100688,0.9537297173112316,1.6605390671738465,0.21090675105485235,0.5736407405901451,1.25,3.432706575721471e+18,1.3122840567621668e+18,3.4327065757214714,1.312284056762167,0.34597825369267987,0.18047664250589185,0.5333417542457717,0.13282068353704105,0.7366379315932347,0.0,0.0,0.1456259050852945,0.1222191829300508,0.02148537279324438,6.777909161114648,82.93742413990071,31.7060188533121,21,0.001,25,3,0.8155859391815551,0.001128346941272228,0.8143811948584201,3 3 3
bits,hyb,500,S0,XOR,1,5,1.0115430355072021,sample,10,1e-18,1.0,1.25,7.07e-06,10100.0,3.16e-11,1,1.0,0.9896660705502048,0.0019494281277908064,0.9818872011564761,0.0023196977053319013,0.9663766729238148,1.0425303519364482,1.0331238115596943,1.0424317726460064,1.0330325086455574,1.0414680503146823,1.0321394856556476,1.033614697603385,1.024830947268217,1.0087087903919951,1.001239927214233,0.9934831285700849,0.9869884674183707,0.9896660705502048,0.9818872011564761,0.9922007886989233,0.9815854292646448,0.9990690938240562,0.986956455866976,1.0002012793539556,0.9907282294783997,1.6605390671738465,0.21090675105485235,0.5736407405901451,1.25,3.432706575721471e+18,1.3122840567621668e+18,3.4327065757214714,1.312284056762167,0.34597825369267987,0.18047664250589185,0.5333417542457717,0.13282068353704105,0.7366379315932347,0.0,0.0,0.1456259050852945,0.1222191829300508,0.02148537279324438,6.777909161114648,82.93742413990071,31.7060188533121,21,0.001,25,3,0.9904739699690472,0.000705169481581041,0.9896660705502048,1 1 1
bits,hyb,500,S1,NARMA,2,100,1.2526159286499023,sample,10,2.9488362471922758e-18,9.955874336032435,1.25,7.07e-06,10100.0,3.16e-11,4,10.0,0.7505738964510731,0.002869356802756936,0.7888555689835223,0.003993947781483664,0.7889583988213793,0.9849010160670904,1.0063904365861949,0.9847318036673952,1.0062427310306679,0.9830583070470317,1.0047815608522055,0.9679804093499518,0.9915827353218729,0.8929124934494107,0.9243246295779958,0.8019616162184764,0.8352947624213869,0.7655707538509283,0.7983826333761672,0.7505738964510731,0.7888555689835223,0.7769413913195886,0.8139405282079455,0.9331250156196693,0.909164293173877,5.606319543377948,0.21090675105485235,0.5736407405901451,12.444842920040545,3.2071893147245215e+18,1.2746070024575383e+18,0.9499392804345469,0.37752659414037404,0.05833249987090068,0.0412087548987415,0.2664796294176922,0.07270808272201904,0.4696502109101817,0.0,0.0,0.14727499564213178,0.05454470947689336,0.019427395458087863,7.580789507263538,77.48871469923388,30.795705733249317,21,0.001,25,3,0.751167082256239,0.0006697320392723957,0.7505738964510731,4 4 4
bits,hyb,500,S1,PAT,2,100,0.9278090000152588,sample,10,1.1198699084034655e-18,9.946261217827507,1.25,7.07e-06,10100.0,3.16e-11,4,1.0,0.7720924978298802,0.004426180800213442,0.7769943158121027,0.006668058610930135,0.743837302119023,1.0296624289975083,1.0614762883837796,1.0292234647634237,1.0610046070963082,1.0249354710891247,1.0563977663406845,0.9900846437418329,1.018992316961539,0.8741424813757901,0.8937476283395187,0.7923824212855126,0.8008325251071445,0.7720924978298802,0.7769943158121027,0.7784788441854152,0.7810901865426899,0.8770555603431646,0.8755725287308769,0.9764418365715841,0.9747646398903562,14.748280314152591,0.21090675105485235,0.5736407405901451,12.432826522284383,3.432706575721471e+18,1.3122840567621668e+18,0.3864954593831627,0.14775274791813356,0.07007801390230686,0.05801117665455704,0.12412921930114362,0.06253780208482589,0.2685189556564745,0.0,0.0,0.09051867909851664,0.053853590993526476,0.014086335937615543,6.425991790867309,82.93742413990071,31.7060188533121,21,0.001,25,3,0.77360796924389,0.0013991730324581465,0.7720924978298802,4 4 4
bits,hyb,500,S1,XOR,1,100,1.5284910202026367,sample,10,1.9920449006074784e-17,9.767454002234887,1.25,7.07e-06,10100.0,3.16e-11,2,0.1,0.8829942006731658,0.016934267942768373,0.8643676178576749,0.01548483385146462,0.7812353103588043,0.9380994317940987,0.9223816109761811,0.9380817057796407,0.922362520398511,0.9379048966425678,0.9221721059720936,0.9361807222784275,0.9203158118231564,0.9224061561539285,0.9055325138129579,0.8829942006731658,0.8643676178576749,0.9024211738473978,0.8858147058282013,0.9654770300049809,0.9522152796161019,0.9817341761046577,0.9702764209049866,0.9927542801762754,0.9840021698843205,0.8142004707117035,0.21090675105485235,0.5736407405901451,12.209317502793608,3.432706575721471e+18,1.3122840567621668e+18,7.000908965512498,2.676366597501694,0.022278697708190603,0.010236919385444238,0.6723266015723602,0.1414196208661137,0.8747610125499123,0.222,0.0,0.1773562963043169,0.12987631464600424,0.01989849657237177,8.913050071861646,82.93742413990071,31.7060188533121,21,0.001,25,3,0.8875748754548444,0.004056664342756175,0.8829942006731658,2 2 2
bits,hyb,500,S4,NARMA,3,100,1.7433521747589111,sample,10,1.5213976111345715e-18,10.0,1.5790202470662893,9.370556854766198e-06,18393.521601089615,1.0605719346220534e-11,3,1.0,0.7356449002296711,0.0032277668997146725,0.7847903601244307,0.017491577276572422,0.7288724038360415,0.8700548973223675,0.9355703016491026,0.8700137020602096,0.9355268139463035,0.8696033815909443,0.9350936169320999,0.8656564244493641,0.9309226236917185,0.8370649969159505,0.9004938973427798,0.7682949978906591,0.825458330081128,0.7356449002296711,0.7847903601244307,0.7741647706759167,0.8104359776110632,0.8276032884605901,0.8513589725128579,0.8990793345443298,0.8788283719734954,10.91456339237651,0.873879839959978,0.8945845285705358,15.790202470662893,6.218901926722072e+18,4.1125810823050977e+18,0.9461422535195144,0.6256871034216206,0.038956088223572695,0.03254151134650444,0.38270551208175874,0.03674839635260891,0.47799134348517297,0.0,0.0,0.034286052048412355,0.0342233518994004,0.021670357355840483,1.5821636664967942,150.25452814084173,99.3638325935801,87,0.0009868876544164309,32,3,0.7367681244512911,0.0018124588020109595,0.7356449002296711,3 2 3
bits,hyb,500,S4,PAT,3,100,1.9165971279144287,sample,10,2e-17,8.700645497080108,1.9608051540537208,6.000000000000003e-06,20000.0,9.463197176147037e-11,5,1.0,0.758679501764105,0.004989751871788314,0.7503916070212526,0.011274131971273601,0.6867174020172396,1.0765038223228887,1.0469728969277847,1.0762780735842725,1.0467456253262373,1.0740432996220508,1.0444957487600426,1.0537229515840507,1.024037013852496,0.946208312835289,0.9161004061028063,0.7981219122172931,0.7747466819252012,0.758679501764105,0.7503916070212526,0.7813635944448658,0.7779364687835829,0.7904181177913298,0.7860202761613364,0.8371663388714243,0.8310525145206322,0.7223880878765866,0.032335450904926746,0.2445478585196984,17.060270534268973,7.037526398431035e+18,6.471610352221934e+17,16.177021350410826,1.4876161439731739,0.02356300740079099,0.0034124494820730444,0.38233631631224846,0.2671288804204463,0.9404832641319066,0.0956,0.03156,0.4359448128976512,0.228672313259142,0.017299306225848153,25.20013272244839,170.033266440709,15.636020172728964,3,0.0009804025770268603,40,3,0.7603175728425968,0.0017971952164065376,0.758679501764105,4 5 5
bits,hyb,500,S4,XOR,3,100,2.10341477394104,sample,10,2e-17,10.0,1.7465095508249022,6.000000000000003e-06,20000.0,3.0063460039205296e-11,3,0.1,0.8043878711706463,0.010369906370994853,0.7913420558389369,0.02486542862147117,0.6664511245910159,0.8941911969095223,0.8897476687143394,0.8941576892513673,0.8897112779872636,0.8938236106148267,0.8893484614119129,0.8905795958177274,0.8858260212050066,0.8655375483387667,0.858658928490755,0.8043878711706463,0.7913420558389369,0.8541589890221353,0.8382963541511416,0.9492123179949165,0.9335638350155697,0.9709365670387594,0.9570607537076746,0.9831111633483369,0.9750929862935616,0.8302695335869232,0.11427239319518914,0.4417924112324242,17.46509550824902,8.656310493113555e+18,2.2898230102959698e+18,17.312620986227113,4.57964602059194,0.010261772621803524,0.0031266446685337007,0.7240502295704205,0.1677759896516906,0.9452465226367056,0.40672,0.14992,0.21160445423066113,0.1568295831682696,0.01816772210606084,11.647274930524661,209.14461490293277,55.32428071580986,11,0.0009980054576142299,35,3,0.8290541739563447,0.021430496373170235,0.8043878711706463,4 5 3
bits,hyb,50000,S0,NARMA,2,5,2.2745308876037598,sample,10,1e-18,1.0,1.25,7.07e-06,10100.0,3.16e-11,5,0.01,0.736920917119371,0.004620399523875282,0.7335598863740245,0.01543229973969807,0.690703317369125,0.9905189187699751,0.985396645949938,0.9167408124768878,0.9159014151845504,0.7971598999298011,0.7978436862561654,0.7476909394843018,0.7470969854987005,0.736920917119371,0.7335598863740245,0.7506708243854133,0.7580333508159175,0.778808109867444,0.8007224407429128,0.794319666736742,0.8169131695153397,0.8227260711544769,0.8468999012012297,0.8655988628435713,0.8765802934589502,1.6605390671738465,0.21090675105485235,0.5736407405901451,1.25,3.2071893147245215e+18,1.2746070024575383e+18,3.207189314724522,1.2746070024575384,0.35170910805060446,0.19015070160977113,0.5494702876739965,0.07064763215130941,0.7063545485513585,0.0,0.0,0.10280657043542607,0.06149750017336044,0.0022022226828553376,46.68309487309888,77.48871469923388,30.795705733249317,21,0.001,25,3,0.740175033086204,0.0033412133196901884,0.736920917119371,5 5 5
bits,hyb,50000,S0,PAT,2,5,2.4417998790740967,sample,10,1e-18,1.0,1.25,7.07e-06,10100.0,3.16e-11,3,0.01,0.7609188970931711,0.003982514899274235,0.763722964859509,0.01192978768550125,0.7353955750685153,0.8943963928606898,0.8989114427129301,0.8667889428509327,0.8694413387417779,0.7996255941217779,0.8000022398203782,0.7632033480201257,0.7667129842523185,0.7609188970931711,0.763722964859509,0.7876331800851207,0.7866084017337399,0.8048855751914443,0.8025859457990892,0.8098800094776302,0.8065546238433745,0.8559661148152035,0.8522660973016185,0.9555601653159294,0.9537213889112977,1.6605390671738465,0.21090675105485235,0.5736407405901451,1.25,3.432706575721471e+18,1.3122840567621668e+18,3.4327065757214714,1.312284056762167,0.34597825369267987,0.18047664250589185,0.5333417542457717,0.13282068353704105,0.7366379315932347,0.0,0.0,0.1456259050852945,0.1222191829300508,0.0021485372793244376,67.7790916111465,82.93742413990071,31.7060188533121,21,0.001,25,3,0.762057432370619,0.001767805642740985,0.7609188970931711,3 3 3
bits,hyb,50000,S0,XOR,2,5,2.3730521202087402,sample,10,1e-18,1.0,1.25,7.07e-06,10100.0,3.16e-11,2,0.001,0.921700054597298,0.017448862106902243,0.9074067861287304,0.019282542255451056,0.8719121273601486,1.0045297316327826,0.988044178952789,0.9884349182068162,0.9716749157990211,0.9439697354119746,0.9267100454527902,0.921700054597298,0.9074067861287304,0.9363717552336235,0.9226710273484955,0.9730308952879876,0.9600395980105632,0.9892776698998329,0.9771617135307469,0.9925147851665047,0.9804826226125429,0.9975650029300482,0.9858415376616196,1.0053982332011426,0.997362286501092,1.6605390671738465,0.21090675105485235,0.5736407405901451,1.25,3.432706575721471e+18,1.3122840567621668e+18,3.4327065757214714,1.312284056762167,0.34597825369267987,0.18047664250589185,0.5333417542457717,0.13282068353704105,0.7366379315932347,0.0,0.0,0.1456259050852945,0.1222191829300508,0.0021485372793244376,67.7790916111465,82.93742413990071,31.7060188533121,21,0.001,25,3,0.9270574047859723,0.0046605286350211465,0.921700054597298,2 2 2
bits,hyb,50000,S1,NARMA,3,100,1.8462560176849365,sample,10,5.055569432323021e-20,0.10041332325769663,1.25,7.07e-06,10100.0,3.16e-11,5,0.001,0.7060434426746729,0.006022524442062493,0.7074609564323627,0.004315150400069239,0.6533695897018619,0.8720582049479347,0.8772234670788535,0.7515528281012726,0.75018202647839,0.7101853392863401,0.7080823767007892,0.7060434426746729,0.7074609564323627,0.7082209057055564,0.7121780230698338,0.7114624815680312,0.7170835421010656,0.7405779794983481,0.7488749618367634,0.8198589403478446,0.8298062390831668,0.8674202764299386,0.874345137514845,0.8965182549896309,0.8808065737030832,3.2981496617987256,0.21090675105485235,0.5736407405901451,0.1255166540721208,3.2071893147245215e+18,1.2746070024575383e+18,1.6147427191093888,0.6417339841757789,4.852838719615855,3.0469805642794165,0.3893448440549601,0.03136595789008568,0.46663526426693586,0.0,0.0,0.012403828166511954,0.031040059289739113,0.002175845683532766,5.700692958322642,77.48871469923388,30.795705733249317,21,0.001,25,3,0.7118105794274054,0.008748028968753603,0.7060434426746729,5 5 5
bits,hyb,50000,S1,PAT,3,100,0.6386549472808838,sample,10,5.699927194271379e-18,8.648995256908398,1.25,7.07e-06,10100.0,3.16e-11,4,0.01,0.6649365208852782,0.007615575902414421,0.6747890667481607,0.007143207360526824,0.6235346693416685,0.8758007785818858,0.8750812266059864,0.863359230860126,0.863542575324477,0.793691320626545,0.7993185345025371,0.6947137074082483,0.7065882960306713,0.6649365208852782,0.6747890667481607,0.6944256719900398,0.6960403659555973,0.7675798385498898,0.7648746587820527,0.7920615445139024,0.7885670774222346,0.8139869969018498,0.8071538943289778,0.9225545302179121,0.9182752346974606,2.5196803443966775,0.21090675105485235,0.5736407405901451,10.811244071135498,3.432706575721471e+18,1.3122840567621668e+18,2.2622486172923364,0.8648315046505362,0.049600348789818255,0.028353538897866105,0.4253074869370267,0.14703189081502605,0.6901178534801738,0.0,0.0,0.20082069865007862,0.13132165328237913,0.0021040244379388617,95.44599151462613,82.93742413990071,31.7060188533121,21,0.001,25,3,0.6695326483119927,0.0039803751618680844,0.6649365208852782,4 3 4
bits,hyb,50000,S1,XOR,2,100,0.6315248012542725,sample,10,9.53034712811808e-18,10.0,1.25,7.07e-06,10100.0,3.16e-11,3,0.01,0.4204115382292707,0.012863233891311495,0.40857786206188906,0.01020160495632107,0.4155692167957425,0.4985055199163774,0.4921892316906457,0.4956772676835263,0.48941026279799366,0.4753364587530845,0.46940193384800766,0.4299333583912591,0.4233643022790128,0.4204115382292707,0.40857786206188906,0.5507919048812113,0.5275168185902402,0.8781557106140279,0.8621370995177241,0.9815836156722243,0.9694490585959386,0.9985850586799356,0.9881291239654072,1.003710605574244,0.9975346408422574,1.74236997336082,0.21090675105485235,0.5736407405901451,12.5,3.432706575721471e+18,1.3122840567621668e+18,3.271488525559917,1.250652259163846,0.03554525123739964,0.018728834110472863,0.5079222750671308,0.1533716523903192,0.7647410538116252,0.0,0.0,0.20497482965563302,0.1383201908481008,0.0021246241290621424,96.47580805086385,82.93742413990071,31.7060188533121,21,0.001,25,3,0.42293742608276386,0.0025308391812027585,0.4204115382292707,5 3 3
bits,hyb,50000,S4,NARMA,1,100,1.7656350135803223,sample,10,1.6549223591275231e-18,0.1,1.4111261460822246,2.7400520833998754e-05,10423.250913879598,2e-10,5,0.001,0.6832444812297058,0.007215357276646401,0.6875989818297595,0.007916821645338369,0.6321197262126087,0.8681783812122081,0.871782849281119,0.7470831229719538,0.752213100211133,0.6952239065149957,0.6984564732449015,0.6832444812297058,0.6875989818297595,0.690133090230927,0.695265376518723,0.7031264938657176,0.709535180030272,0.7443506709317496,0.7523070147929826,0.8389557079814611,0.8500527476138862,0.8837861634476016,0.8928920599407807,0.9040496324083426,0.8942078764967523,0.10033939405165115,0.44337433619881605,0.7512166643907132,0.14111261460822247,8.576373592737096e+16,4.74767017516221e+16,1.4193232418851465,0.7857025526638824,3.968487729205125,2.9291409041873324,0.4383764717861006,0.030472044460127003,0.5125161927789968,0.0,0.0,0.009023556136554544,0.030279609660630386,0.0022147519253153353,4.0742965536737366,2.072132640971745,1.1470818326819159,44,0.000973190445573948,29,3,0.6952872734329453,0.010484348415980145,0.6832444812297058,5 3 5
bits,hyb,50000,S4,PAT,1,100,1.0659141540527344,sample,10,2e-17,3.1960243236809824,1.3702678901280803,6.000000000000003e-06,20000.0,2e-10,5,0.001,0.38223523424191513,0.012735220116199276,0.38174630799091963,0.017437708860665157,0.3022835812430459,0.5136314514242375,0.5110445949514997,0.48873143901791105,0.48798578256550185,0.42230573727699106,0.42498069542398975,0.38223523424191513,0.38174630799091963,0.39102370671786885,0.3881516221746816,0.5349827603095557,0.5384479665481946,0.7330000842376647,0.7360677938257172,0.7844306590748853,0.783156410799149,0.7962946895983125,0.7915812056629795,0.8344176978070535,0.8270080209546352,0.26535616245550714,0.02189352915304459,0.2022670915360645,4.379409506808364,6.908348549868958e+18,4.377631739554253e+17,43.23088844275347,2.739423293570162,0.06106323579046857,0.0051624847326134935,0.45191913024282476,0.3017653209921419,0.9721184228086996,0.16352,0.07364,0.44474483084766653,0.27349508758952557,0.0016681589181247998,266.60819063186756,166.91220794667763,10.57677061242539,2,0.0009787627786629145,28,3,0.3887333780515494,0.008963986733118497,0.38223523424191513,5 5 4
bits,hyb,50000,S4,XOR,2,100,1.019468069076538,sample,10,1.3124746221503018e-17,10.0,2.0,1.0052775292967657e-05,20000.0,4.9627086375118884e-11,4,0.01,0.36412894216912695,0.010026357977624262,0.3589912848914558,0.008654129006070793,0.3462765908017128,0.4629586641118645,0.44844054067908334,0.45926461179945105,0.44496337315259255,0.43334916665638534,0.42071774885295926,0.3771580291795721,0.3697278325351097,0.36412894216912695,0.3589912848914558,0.5105746372815507,0.49598834589924995,0.8711680094379259,0.8579799644237515,0.9834033679522397,0.9724645097809728,1.0038869073079941,0.9954622839626055,1.0097634033414964,1.0077623459825742,1.2651970858326322,0.16969612509424511,0.524466242056886,20.0,2.1321322276413343e+18,7.24797492005525e+17,2.798369439848041,0.9512783144554378,0.025624227784212316,0.013163543144449983,0.4346947562391636,0.16678949900384732,0.7358132037262708,0.0,0.0,0.23578490242836397,0.14846980557965098,0.0020792279285714783,113.40021898915077,51.51432287773522,17.511790094486674,17,0.001,40,3,0.388015031556397,0.0322109202548256,0.36412894216912695,5 4 4
