group,set,task,design_mode,eval_NR,R,protocol,L,lam,objective,opt_sd,held,meanfield
benchmark,S0,MG,det,1000000,20,retrained,5,0.0001,0.2776051371403908,0.0052814013362446404,0.27700948573557044,0.12154098398610672
benchmark,S0,MG,det,10000000,20,retrained,5,1e-05,0.21585135001125605,0.0036413752331676714,0.21663573576435374,0.12154098398610672
benchmark,S0,MG,det,100000000,20,retrained,5,1e-06,0.16376945502536713,0.0025574962465737794,0.17021450670623411,0.12154098398610672
benchmark,S0,MG,det,1000000000,20,retrained,5,1e-06,0.13269008108746094,0.0009533145356289075,0.13994007928394786,0.12154098398610672
benchmark,S0,SINE,det,1000000,20,retrained,5,0.001,0.37015951031383076,0.005464618132368684,0.38138285139018546,0.29289401142922233
benchmark,S0,SINE,det,10000000,20,retrained,5,0.0001,0.3456679238756675,0.004760164188778087,0.35673478742745246,0.29289401142922233
benchmark,S0,SINE,det,100000000,20,retrained,5,1e-05,0.3227980666818313,0.003322523500181995,0.33053660010241537,0.29289401142922233
benchmark,S0,SINE,det,1000000000,20,retrained,5,1e-06,0.30066809260155414,0.0032132543529750984,0.3048077122229905,0.29289401142922233
benchmark,S0,MGCUBED,det,1000000,20,retrained,5,0.001,0.48749382274664804,0.006555000479254285,0.5278240390557608,0.3464571269528046
benchmark,S0,MGCUBED,det,10000000,20,retrained,5,1e-05,0.45060288735460474,0.006672565142945466,0.5018501050242193,0.3464571269528046
benchmark,S0,MGCUBED,det,100000000,20,retrained,5,1e-06,0.39197685187185416,0.007367797927892676,0.4347970121615591,0.3464571269528046
benchmark,S0,MGCUBED,det,1000000000,20,retrained,5,1e-06,0.35532056177140914,0.0028876450868533057,0.4034185784082349,0.3464571269528046
benchmark,S1,MG,det,1000000,20,retrained,5,0.0001,0.2291286484514548,0.006421866741553631,0.23002257912365104,0.08834456767689301
benchmark,S1,MG,det,10000000,20,retrained,5,1e-05,0.17342716416767837,0.004843719626230353,0.180572338229879,0.08834456767689301
benchmark,S1,MG,det,100000000,20,retrained,5,1e-06,0.11848825337656817,0.0036534139028732704,0.12515852846229863,0.08834456767689301
benchmark,S1,MG,det,1000000000,20,retrained,5,1e-06,0.09303991423613978,0.0011458065581578035,0.1005855624302348,0.08834456767689301
benchmark,S1,SINE,det,1000000,20,retrained,5,0.001,0.3263426821801671,0.003715534767803242,0.3374153254471403,0.25586363935956663
benchmark,S1,SINE,det,10000000,20,retrained,5,0.0001,0.30139849702051635,0.002735180958337124,0.3090601834089298,0.25586363935956663
benchmark,S1,SINE,det,100000000,20,retrained,5,1e-05,0.2777136259363223,0.0019173637645617345,0.285063924395742,0.25586363935956663
benchmark,S1,SINE,det,1000000000,20,retrained,5,1e-06,0.261276161835325,0.0026361444450493246,0.2661317770500847,0.25586363935956663
benchmark,S1,MGCUBED,det,1000000,20,retrained,5,0.001,0.46176802122632454,0.0028469418216850303,0.5042012224050435,0.29860077464888274
benchmark,S1,MGCUBED,det,10000000,20,retrained,5,1e-05,0.4195793649965663,0.008492751094096102,0.46327805275297,0.29860077464888274
benchmark,S1,MGCUBED,det,100000000,20,retrained,5,1e-06,0.35416558970619005,0.008970107604967458,0.4044583703136116,0.29860077464888274
benchmark,S1,MGCUBED,det,1000000000,20,retrained,5,1e-06,0.30864448680610906,0.005137981856377547,0.3582533445539615,0.29860077464888274
benchmark,S4,MG,det,1000000,20,retrained,5,0.0001,0.22400866659247284,0.0058605210870668655,0.22543482423018105,0.08723843001672561
benchmark,S4,MG,det,10000000,20,retrained,5,1e-05,0.16443639701843707,0.004572393088358788,0.16761156929765053,0.08723843001672561
benchmark,S4,MG,det,100000000,20,retrained,5,1e-06,0.11330655026433614,0.0017311008024498465,0.11728850691746615,0.08723843001672561
benchmark,S4,MG,det,1000000000,20,retrained,5,1e-06,0.09152283495711619,0.0008971334479226524,0.09812146973397037,0.08723843001672561
benchmark,S4,SINE,det,1000000,20,retrained,2,0.0001,0.27807556530563254,0.00338397602926018,0.28341692919178973,0.23120978366268508
benchmark,S4,SINE,det,10000000,20,retrained,3,1e-05,0.26351481626001977,0.0032663685008129275,0.26854955943963266,0.23120978366268508
benchmark,S4,SINE,det,100000000,20,retrained,3,1e-06,0.2459148718110403,0.0035066116800984677,0.2513580361413933,0.23120978366268508
benchmark,S4,SINE,det,1000000000,20,retrained,4,1e-06,0.23525738903649457,0.00123005943461874,0.24104733091077785,0.23120978366268508
benchmark,S4,MGCUBED,det,1000000,20,retrained,5,0.0001,0.4652884867222988,0.013831306439609937,0.5043147627231747,0.28470242971096554
benchmark,S4,MGCUBED,det,10000000,20,retrained,5,1e-05,0.4076327639218447,0.013759000991676108,0.4574053702009377,0.28470242971096554
benchmark,S4,MGCUBED,det,100000000,20,retrained,5,1e-06,0.33997972933051096,0.010579901898599068,0.39057039652737086,0.28470242971096554
benchmark,S4,MGCUBED,det,1000000000,20,retrained,5,1e-06,0.29372663375674024,0.0032082148364506865,0.3463391815284491,0.28470242971096554
case,S0,GLUE,det,1000000,20,retrained,2,0.01,0.4880161798178341,0.0026332767838176353,0.4593533528509556,0.41773638535529634
case,S0,GLUE,det,10000000,20,retrained,4,1e-05,0.4687071606828105,0.008871865706102008,0.42590306323872307,0.41773638535529634
case,S0,GLUE,det,100000000,20,retrained,3,1e-06,0.426852435172205,0.005311203407543493,0.46117923670203254,0.41773638535529634
case,S0,GLUE,det,1000000000,20,retrained,3,1e-06,0.419659966300452,0.001785242550073324,0.4689218459922205,0.41773638535529634
case,S0,GLUF,det,1000000,20,retrained,5,0.0001,0.3686429896840883,0.002910897999359283,0.3331653861108794,0.340355750486711
case,S0,GLUF,det,10000000,20,retrained,4,1e-05,0.347434400627209,0.0027594762390796227,0.3220326972620192,0.340355750486711
case,S0,GLUF,det,100000000,20,retrained,4,1e-05,0.34185135207439366,0.0012260546084246749,0.31896905956236477,0.340355750486711
case,S0,GLUF,det,1000000000,20,retrained,4,1e-06,0.3406987385939707,0.0008785403711828906,0.3180436648392051,0.340355750486711
case,S1,GLUE,det,1000000,20,retrained,1,0.01,0.45873658240026194,0.0018302762529382609,0.46809641549875336,0.3736794403370248
case,S1,GLUE,det,10000000,20,retrained,3,1e-05,0.4341481187251678,0.007512889604799427,0.47891770122783023,0.3736794403370248
case,S1,GLUE,det,100000000,20,retrained,3,1e-06,0.3902912310514658,0.008188611019951324,0.3437673502772678,0.3736794403370248
case,S1,GLUE,det,1000000000,20,retrained,1,1e-06,0.3762909282359458,0.0028123348924243828,0.34859025337812694,0.3736794403370248
case,S1,GLUF,det,1000000,20,retrained,5,1e-05,0.3865027189942565,0.002518338723282343,0.3711205720294287,0.33227589075356734
case,S1,GLUF,det,10000000,20,retrained,4,1e-06,0.35233982059820396,0.002978090115834721,0.3373164310417361,0.33227589075356734
case,S1,GLUF,det,100000000,20,retrained,4,1e-06,0.33619607264209794,0.0007739353922440973,0.32299215803930753,0.33227589075356734
case,S1,GLUF,det,1000000000,20,retrained,5,1e-06,0.33244180311637683,0.00025367388451091427,0.3204591799423294,0.33227589075356734
case,S4,GLUE,det,1000000,20,retrained,3,0.1,0.43244632586563664,0.00047554848051536877,0.3885510909645786,0.3439770052785466
case,S4,GLUE,det,10000000,20,retrained,2,1e-05,0.36820714019591727,0.01438785501366453,0.43678938396665606,0.3439770052785466
case,S4,GLUE,det,100000000,20,retrained,1,1e-05,0.34234361515731765,0.002371065115927491,0.3202050707624043,0.3439770052785466
case,S4,GLUE,det,1000000000,20,retrained,1,1e-05,0.3430863290721914,0.0016389960568429834,0.3399404870192889,0.3439770052785466
case,S4,GLUF,det,1000000,20,retrained,5,0.0001,0.3881545556842334,0.002618646242488498,0.3697211799012597,0.3293394212394323
case,S4,GLUF,det,10000000,20,retrained,5,1e-05,0.3553557490027392,0.002426513206952654,0.3418784441899097,0.3293394212394323
case,S4,GLUF,det,100000000,20,retrained,4,1e-06,0.33545057492116925,0.001980711367838501,0.33442482745228175,0.3293394212394323
case,S4,GLUF,det,1000000000,20,retrained,4,1e-06,0.32983519702404757,0.00046765006975870224,0.33313388254022364,0.3293394212394323
bits,S0,NARMA,det,1000000,20,retrained,5,0.0001,0.7076302019160171,0.0056820169573274905,0.7255938359618294,0.6713873537613481
bits,S0,NARMA,det,10000000,20,retrained,5,1e-05,0.6921661674437708,0.007317326101684216,0.7154757652786745,0.6713873537613481
bits,S0,NARMA,det,100000000,20,retrained,5,1e-05,0.6790722764379095,0.002230714096715108,0.7000209555062806,0.6713873537613481
bits,S0,NARMA,det,1000000000,20,retrained,5,1e-06,0.6725939810284921,0.0019597427840551355,0.6916124755880579,0.6713873537613481
bits,S0,PAT,det,1000000,20,retrained,3,0.0001,0.6802157487564645,0.0069454473906217186,0.6897499483812009,0.5111579193136349
bits,S0,PAT,det,10000000,20,retrained,5,1e-05,0.6435577946024527,0.006061825944252238,0.6652109790571552,0.5111579193136349
bits,S0,PAT,det,100000000,20,retrained,4,1e-06,0.5937759431234338,0.008497586180049777,0.6119002102154559,0.5111579193136349
bits,S0,PAT,det,1000000000,20,retrained,5,1e-06,0.5296841258833638,0.0035873375936002973,0.5426564672131339,0.5111579193136349
bits,S0,XOR,det,1000000,20,retrained,5,0.0001,0.6098303084283557,0.010413877707706173,0.5892743012594626,0.25386499768854104
bits,S0,XOR,det,10000000,20,retrained,5,1e-05,0.3954993017409436,0.008890356199958083,0.39560110984909214,0.25386499768854104
bits,S0,XOR,det,100000000,20,retrained,5,1e-06,0.31870072096178853,0.006582961386452756,0.3188411787226873,0.25386499768854104
bits,S0,XOR,det,1000000000,20,retrained,5,1e-06,0.26772277714643117,0.003536763401840163,0.2668004786759357,0.25386499768854104
bits,S1,NARMA,det,1000000,20,retrained,5,1e-05,0.6859790641524288,0.015934235942510984,0.6815802920194454,0.6090760975001179
bits,S1,NARMA,det,10000000,20,retrained,5,1e-05,0.6261700843164195,0.004862301851402138,0.627910701617815,0.6090760975001179
bits,S1,NARMA,det,100000000,20,retrained,5,1e-06,0.6108008512063019,0.0026916449833187775,0.6211525649383947,0.6090760975001179
bits,S1,NARMA,det,1000000000,20,retrained,5,1e-06,0.6098774195488909,0.0007183088438618531,0.6192602977180581,0.6090760975001179
bits,S1,PAT,det,1000000,20,retrained,3,0.001,0.6011104499653249,0.0062843906659652525,0.6185151924155216,0.46727880093659935
bits,S1,PAT,det,10000000,20,retrained,3,0.0001,0.5704201584601843,0.003714957160899841,0.5914388383501171,0.46727880093659935
bits,S1,PAT,det,100000000,20,retrained,4,1e-06,0.535645689256929,0.008499129959060495,0.5575431673538966,0.46727880093659935
bits,S1,PAT,det,1000000000,20,retrained,4,1e-06,0.4803639099774715,0.0037946973402554138,0.5071557812047262,0.46727880093659935
bits,S1,XOR,det,1000000,20,retrained,5,0.0001,0.321018883699584,0.00979103001285825,0.3154374109283428,0.15864719212641573
bits,S1,XOR,det,10000000,20,retrained,3,1e-05,0.2530661463965981,0.005586070419857288,0.25855999472654695,0.15864719212641573
bits,S1,XOR,det,100000000,20,retrained,4,1e-06,0.21166284151346618,0.003895356569733894,0.21093656284810997,0.15864719212641573
bits,S1,XOR,det,1000000000,20,retrained,5,1e-06,0.1713802707206234,0.002047418117167766,0.16834596686785122,0.15864719212641573
bits,S4,NARMA,det,1000000,20,retrained,5,1e-05,0.6615760064112477,0.012274648846981215,0.6702300970406352,0.4305669667544425
bits,S4,NARMA,det,10000000,20,retrained,5,1e-06,0.5262715797428001,0.011258887393838997,0.5406691471405592,0.4305669667544425
bits,S4,NARMA,det,100000000,20,retrained,5,1e-06,0.4484085881483376,0.007095944946026032,0.46623760185784724,0.4305669667544425
bits,S4,NARMA,det,1000000000,20,retrained,5,1e-06,0.4293063473585336,0.0011927300342256715,0.44733895912458105,0.4305669667544425
bits,S4,PAT,det,1000000,20,retrained,5,0.0001,0.17492623382820252,0.004790609711999148,0.16706423597133252,0.005757886985204823
bits,S4,PAT,det,10000000,20,retrained,5,1e-05,0.10070340699325941,0.004868753397632058,0.09628962846936595,0.005757886985204823
bits,S4,PAT,det,100000000,20,retrained,5,1e-06,0.03603239589750029,0.001917737891110436,0.03580068897438923,0.005757886985204823
bits,S4,PAT,det,1000000000,20,retrained,5,1e-06,0.014048343222751383,0.0009325974414173744,0.014007861401328625,0.005757886985204823
bits,S4,XOR,det,1000000,20,retrained,5,0.0001,0.11657870877893602,0.00621104717848991,0.11532908523177281,0.003454746729199915
bits,S4,XOR,det,10000000,20,retrained,5,1e-05,0.042641676203924624,0.0021921054248569545,0.04096141367295039,0.003454746729199915
bits,S4,XOR,det,100000000,20,retrained,5,1e-06,0.015936206263110493,0.0007992577494156011,0.01535107819914035,0.003454746729199915
bits,S4,XOR,det,1000000000,20,retrained,5,1e-06,0.006194005635551192,0.000389544496757299,0.005718949725359125,0.003454746729199915
