group,mode,N_R,set,task,search_seed,n_evaluations,seconds,node,R,k_on,k_off,T,distance,N_max,D,L,lam_best,objective,opt_sd,held,held_sd,train,opt_lam_1e-06,held_lam_1e-06,opt_lam_1e-05,held_lam_1e-05,opt_lam_1e-04,held_lam_1e-04,opt_lam_1e-03,held_lam_1e-03,opt_lam_1e-02,held_lam_1e-02,opt_lam_1e-01,held_lam_1e-01,opt_lam_1e+00,held_lam_1e+00,opt_lam_1e+01,held_lam_1e+01,opt_lam_1e+02,held_lam_1e+02,opt_lam_1e+03,held_lam_1e+03,KD_nM,tau_D_over_T,phi_ISI,koff_T,c_peak,c_mean,c_peak_over_KD,c_mean_over_KD,tauR_mean_over_T,tauR_peak_over_T,occ_mean,occ_std,occ_max,occ_frac_above_0p8,occ_frac_above_0p9,contrast_within,contrast_between,binomial_sd_mean,snr_within,shell_molecules_peak,shell_molecules_mean,history_symbols,dt,n_sub
bits,det,0,S0,NARMA,1,5,0.04954218864440918,sample,1,1e-18,1.0,1.25,7.07e-06,10100.0,3.16e-11,5,1e-06,0.6713873537613481,0.0,0.6907148528953134,0.0,0.6412479114958868,0.6713873537613481,0.6907148528953134,0.6771937214048841,0.6969956981714263,0.6924535459930482,0.7143869241822688,0.7042908891014538,0.7163285104844884,0.7169202290481972,0.7136745805347122,0.7459830115304136,0.7523284388334611,0.7788020299510638,0.8005396888504596,0.7944262834312007,0.8167859025330653,0.8228039986297458,0.8467621051783378,0.8656714223444125,0.8763944363621505,1.6605390671738465,0.21090675105485235,0.5736407405901451,1.25,3.2071893147245215e+18,1.2746070024575383e+18,3.207189314724522,1.2746070024575384,0.35170910805060446,0.19015070160977113,0.5494702876739965,0.07064763215130941,0.7063545485513585,0.0,0.0,0.10280657043542607,0.06149750017336044,inf,0.0,77.48871469923388,30.795705733249317,21,0.001,25
bits,det,0,S0,PAT,1,5,0.04779314994812012,sample,1,1e-18,1.0,1.25,7.07e-06,10100.0,3.16e-11,5,1e-06,0.5111579193136349,0.0,0.526619222743772,0.0,0.48728504711410653,0.5111579193136349,0.526619222743772,0.6167432350320297,0.6402537204822217,0.6427849663835009,0.6645781314013547,0.6712093365518939,0.6836513035234372,0.7277954656631377,0.7299320685647351,0.7854744579588254,0.781264019512306,0.8077282176366813,0.8025396032651062,0.812273341395519,0.8053325003380837,0.846598854506961,0.8348806860406235,0.9520036741407855,0.9475623316789085,1.6605390671738465,0.21090675105485235,0.5736407405901451,1.25,3.432706575721471e+18,1.3122840567621668e+18,3.4327065757214714,1.312284056762167,0.34597825369267987,0.18047664250589185,0.5333417542457717,0.13282068353704105,0.7366379315932347,0.0,0.0,0.1456259050852945,0.1222191829300508,inf,0.0,82.93742413990071,31.7060188533121,21,0.001,25
bits,det,0,S0,XOR,1,5,0.04995918273925781,sample,1,1e-18,1.0,1.25,7.07e-06,10100.0,3.16e-11,5,1e-06,0.25386499768854104,0.0,0.2535629054728462,0.0,0.2505997343088729,0.25386499768854104,0.2535629054728462,0.33453802152969425,0.33836532767605443,0.38121660715048783,0.37734337371083193,0.6243722466250322,0.6073194207578478,0.8854850212648522,0.8698578694243432,0.9682559622997691,0.9564239980811325,0.9881014246560296,0.975736644540706,0.9917097526290765,0.9785327252832086,0.9948202488659631,0.9839341942384513,1.0007891840438488,0.9998943839739797,1.6605390671738465,0.21090675105485235,0.5736407405901451,1.25,3.432706575721471e+18,1.3122840567621668e+18,3.4327065757214714,1.312284056762167,0.34597825369267987,0.18047664250589185,0.5333417542457717,0.13282068353704105,0.7366379315932347,0.0,0.0,0.1456259050852945,0.1222191829300508,inf,0.0,82.93742413990071,31.7060188533121,21,0.001,25
bits,det,0,S1,NARMA,1,100,0.06335186958312988,sample,1,6.151514520854987e-19,7.779797403474055,1.25,7.07e-06,10100.0,3.16e-11,5,1e-06,0.6146007843698801,0.0,0.6532279979999186,0.0,0.588151647671557,0.6146007843698801,0.6532279979999186,0.6259213466886675,0.6681491623744648,0.6465124026224733,0.6796946545676593,0.6809956878022224,0.6995612909522279,0.7081749271937934,0.7205291790684257,0.7539250589909272,0.7727434294534512,0.765376578622856,0.7948972005130835,0.7807921704644132,0.8185051961578946,0.8632164666825103,0.8695805715492919,1.7359554745985888,1.6124848268056853,21.00077546654443,0.21090675105485235,0.5736407405901451,9.724746754342569,3.2071893147245215e+18,1.2746070024575383e+18,0.25359364283508035,0.10078364612039531,0.0934156694947686,0.08202852803135767,0.0905635901220343,0.029800050721480502,0.1827777875067422,0.0,0.0,0.05677251170939798,0.02271581230909365,inf,0.0,77.48871469923388,30.795705733249317,21,0.001,25
bits,det,0,S1,NARMA,2,100,0.04861116409301758,sample,1,5e-20,0.6189912060851676,1.25,7.07e-06,10100.0,3.16e-11,5,1e-06,0.6090760975001179,0.0,0.618801655758364,0.0,0.5949865678198976,0.6090760975001179,0.618801655758364,0.6131094074310838,0.6189001329648548,0.6495131866545426,0.6527443464398643,0.7360558389150732,0.7478860843801565,0.7753569434804607,0.7925856732916251,0.7796323482891839,0.7993800461738497,0.78744170584502,0.8139573730797186,0.8299125459108597,0.8554630711163834,0.8948866890569502,0.8900498993686169,1.7332930154796526,1.6097163424335017,20.557181598829573,0.21090675105485235,0.5736407405901451,0.7737390076064594,3.2071893147245215e+18,1.2746070024575383e+18,0.2590658221954805,0.10295840958055258,1.1717807834329133,1.026495554472735,0.0930468767707735,0.017447389446455873,0.1405783953962406,0.0,0.0,0.015239771885175906,0.01657979305229921,inf,0.0,77.48871469923388,30.795705733249317,21,0.001,25
bits,det,0,S1,NARMA,3,100,0.047419071197509766,sample,1,5e-20,0.6827871357761507,1.25,7.07e-06,10100.0,3.16e-11,5,1e-06,0.6098938998423621,0.0,0.6187349204412801,0.0,0.5961832429068271,0.6098938998423621,0.6187349204412801,0.613865288495712,0.6192842463056843,0.6502001936559183,0.6536794443329157,0.7335469365371688,0.7456249212353252,0.7754137355147727,0.7932895340034886,0.7801049138844769,0.8006535183419877,0.7876956190283034,0.8151802764600432,0.8312718677235458,0.8567151831885595,0.9036038293874201,0.8940144709001696,1.8299777182651624,1.6983272489087187,22.67589427040064,0.21090675105485235,0.5736407405901451,0.8534839197201883,3.2071893147245215e+18,1.2746070024575383e+18,0.2348601157430115,0.0933385337590348,1.0716426809970347,0.9488266910701135,0.0851026534883296,0.01650585405154388,0.12992090598421663,0.0,0.0,0.01507046018162261,0.015610217304761132,inf,0.0,77.48871469923388,30.795705733249317,21,0.001,25
bits,det,0,S1,NARMA,4,100,0.051323890686035156,sample,1,5e-20,0.6551522208881043,1.25,7.07e-06,10100.0,3.16e-11,5,1e-06,0.6093742676840748,0.0,0.6185882891680548,0.0,0.5955450988220399,0.6093742676840748,0.6185882891680548,0.6133352167989515,0.6189118015103393,0.6496604372077361,0.653036644441175,0.7345526393920988,0.7465320777586262,0.7754171035894003,0.7930302175385228,0.7799396306166139,0.8001593177870711,0.7876073704231458,0.8146935190037308,0.8306602213135378,0.8561796643447048,0.8997211658332082,0.8922152856140563,1.789341755726784,1.6610435018612246,21.758117154608136,0.21090675105485235,0.5736407405901451,0.8189402761101304,3.2071893147245215e+18,1.2746070024575383e+18,0.2447667284388469,0.09727563776932023,1.1128382190083443,0.9809791976267828,0.08837085390387653,0.01689989319765456,0.1343202799817406,0.0,0.0,0.015145675801875924,0.016015869312886247,inf,0.0,77.48871469923388,30.795705733249317,21,0.001,25
bits,det,0,S1,NARMA,5,100,0.04613304138183594,sample,1,5.0982174572079043e-20,0.5844962660012557,1.25,7.07e-06,10100.0,3.16e-11,5,1e-06,0.6093514552578252,0.0,0.619523620224394,0.0,0.5947745341267732,0.6093514552578252,0.619523620224394,0.6135058754907726,0.6194214551322557,0.6491229040541298,0.6520645025511448,0.7365249337619723,0.7480158421929045,0.7750231484886863,0.7918252696689558,0.7792275498177395,0.7984430969599791,0.7868382495151377,0.8126842734523855,0.8283096589400337,0.8540395382699487,0.8886838403284204,0.8873320900595426,1.657554467169315,1.5405939014011947,19.037612507879768,0.21090675105485235,0.5736407405901451,0.7306203325015697,3.2071893147245215e+18,1.2746070024575383e+18,0.27974427732039747,0.11117647877316805,1.2317574741277597,1.0695104928850934,0.09971956105381032,0.018299804523999753,0.14963775410976501,0.0,0.0,0.015588715832267166,0.01743374840517535,inf,0.0,77.48871469923388,30.795705733249317,21,0.001,25
bits,det,0,S1,PAT,1,100,0.048850297927856445,sample,1,3.435826366273338e-18,4.421368266378092,1.25,7.07e-06,10100.0,3.16e-11,4,1e-06,0.47279868100703876,0.0,0.5012785941398117,0.0,0.4552766072839478,0.47279868100703876,0.5012785941398117,0.5277370858552345,0.5492047529893952,0.5769641780659228,0.5991279116079588,0.5997297750095649,0.6210996861157345,0.6380723557763364,0.6487734623884757,0.7013010380058046,0.7000050977904638,0.7766347194117701,0.7730347625849964,0.7978413970989956,0.7936100806605744,0.8191841987345133,0.8114001673866338,0.9254313141909967,0.9208793824765541,2.1368526677460866,0.21090675105485235,0.5736407405901451,5.526710332972615,3.432706575721471e+18,1.3122840567621668e+18,2.667541595716315,1.01977032688053,0.08958417728356657,0.049335354027528894,0.46428521116007754,0.14797140678455795,0.7179281222246691,0.0,0.0,0.19458053667499695,0.1329968208974808,inf,0.0,82.93742413990071,31.7060188533121,21,0.001,25
bits,det,0,S1,PAT,2,100,0.060358285903930664,sample,1,4.652296716565415e-18,10.0,1.25,7.07e-06,10100.0,3.16e-11,4,1e-06,0.4721231334538776,0.0,0.4962628334941038,0.0,0.45237627843682393,0.4721231334538776,0.4962628334941038,0.5341338861384328,0.5557414582782785,0.5611562667159601,0.5871569935014612,0.5900846692700943,0.6133642892261832,0.6389428515673589,0.6513444441518975,0.6990102106050383,0.7003104610314546,0.7687342056001705,0.7671560454165353,0.7849249189409151,0.782575533966866,0.8101206884557146,0.804452711090691,0.9268243932976851,0.9234351895234484,3.569288823004715,0.21090675105485235,0.5736407405901451,12.5,3.432706575721471e+18,1.3122840567621668e+18,1.5969969531161508,0.6105134808475771,0.04967359848357046,0.030804810881278687,0.34982742350391777,0.13536772413305775,0.610567679080053,0.0,0.0,0.1890683409883821,0.11978179739376237,inf,0.0,82.93742413990071,31.7060188533121,21,0.001,25
bits,det,0,S1,PAT,3,100,0.04235482215881348,sample,1,3.9983427191122584e-18,7.211480275976521,1.25,7.07e-06,10100.0,3.16e-11,4,1e-06,0.46871469700550683,0.0,0.4943134521426102,0.0,0.44915747937031075,0.46871469700550683,0.4943134521426102,0.5307104822882058,0.5517656648488922,0.5659670791319349,0.5909225809999181,0.5893420630384186,0.6131487037290498,0.6356023278359282,0.6478268109793672,0.6974415981431575,0.6980868344771142,0.7705936698543154,0.7684193528749418,0.7887904333807917,0.7858763308856846,0.8120007298300898,0.8056907601625986,0.9249972341330834,0.9212037856679496,2.9949770621642493,0.21090675105485235,0.5736407405901451,9.014350344970651,3.432706575721471e+18,1.3122840567621668e+18,1.9032344010711681,0.7275845184297624,0.06421348837720639,0.03821056555195863,0.38782029105921245,0.14107222179581794,0.6490368937338569,0.0,0.0,0.19312446234161565,0.12555607290488324,inf,0.0,82.93742413990071,31.7060188533121,21,0.001,25
bits,det,0,S1,PAT,4,100,0.04484415054321289,sample,1,4.628136693979397e-18,7.822339567567382,1.25,7.07e-06,10100.0,3.16e-11,4,1e-06,0.4675948634214242,0.0,0.4946169350538122,0.0,0.4485348088658722,0.4675948634214242,0.4946169350538122,0.5317329432717234,0.5524684477230744,0.5658659219546892,0.5897328886921526,0.5914098983285243,0.6139062639452935,0.6373282773926504,0.648759455767905,0.69372064362999,0.6944724875959059,0.7692884502867348,0.7669051646406432,0.7899557155793218,0.7868599365560468,0.812545077676958,0.8060632011326302,0.9238350871631871,0.9198571643364035,2.8065939507670117,0.21090675105485235,0.5736407405901451,9.777924459459227,3.432706575721471e+18,1.3122840567621668e+18,2.030982562893458,0.7764211644821066,0.057571478595617565,0.03374192722182894,0.40176075050760196,0.14355637354010384,0.6648504791176139,0.0,0.0,0.1965799659977526,0.1279101340793852,inf,0.0,82.93742413990071,31.7060188533121,21,0.001,25
bits,det,0,S1,PAT,5,100,0.05167984962463379,sample,1,4.8998595301011304e-18,8.293744899532822,1.25,7.07e-06,10100.0,3.16e-11,4,1e-06,0.46727880093659935,0.0,0.49449959344041505,0.0,0.4482754320720066,0.46727880093659935,0.49449959344041505,0.5323467913482948,0.553033809246267,0.5653634990621487,0.5890347545231037,0.5922636203308707,0.6143012809956505,0.6381618693645896,0.6493843675747243,0.6927469432632805,0.693622335534708,0.7686532033318237,0.766287198455897,0.789805871810534,0.786728114742169,0.8123957694296731,0.8059428346786933,0.9236275454487451,0.9196445871053243,2.810710661038855,0.21090675105485235,0.5736407405901451,10.367181124416028,3.432706575721471e+18,1.3122840567621668e+18,2.0280078821856584,0.7752839784218671,0.05433397520038784,0.03185534496944396,0.4013075718736434,0.14370247593688526,0.6652205075439842,0.0,0.0,0.19717305621356615,0.12800944504473993,inf,0.0,82.93742413990071,31.7060188533121,21,0.001,25
bits,det,0,S1,XOR,1,100,0.10099411010742188,sample,1,3.93228368603779e-18,8.714314286036208,1.25,7.07e-06,10100.0,3.16e-11,4,1e-06,0.15926540069882034,0.0,0.15889475816500406,0.0,0.1549695480131886,0.15926540069882034,0.15889475816500406,0.21818996520589254,0.21729452031084798,0.2514331166082882,0.2535321494962738,0.27771849538432897,0.2753897340571868,0.36928256134783094,0.353784473985,0.7185305022122692,0.7029067505586835,0.9577726777379374,0.9475266221401462,0.9975612257042149,0.9888495564759693,1.0096410177301247,1.0036352223200071,1.0148159656203661,1.015274020728915,3.6799123539774103,0.21090675105485235,0.5736407405901451,10.89289285754526,3.432706575721471e+18,1.3122840567621668e+18,1.5489888961537621,0.5921605554348853,0.05765937196370784,0.03601544825490912,0.34373169488641586,0.1336416192053853,0.6015481770753909,0.0,0.0,0.18606109696614465,0.11824516231061864,inf,0.0,82.93742413990071,31.7060188533121,21,0.001,25
bits,det,0,S1,XOR,2,100,0.05359482765197754,sample,1,2.8315851110216488e-18,8.038950833340563,1.25,7.07e-06,10100.0,3.16e-11,5,1e-06,0.15864719212641573,0.0,0.1559729455461502,0.0,0.1545151953976617,0.15864719212641573,0.1559729455461502,0.21730377485255561,0.21571066110024778,0.24293489539928265,0.24409893673498645,0.2790863267753728,0.2756110190249124,0.42086648634869983,0.40891111248256695,0.8147363447090892,0.8053866355616949,0.9779842531598986,0.9694407648558696,1.001179463018018,0.9929806254692368,1.0098102548613697,1.006311788365553,1.0128749568502369,1.0176245263293582,4.7143177388142785,0.21090675105485235,0.5736407405901451,10.048688541675704,3.432706575721471e+18,1.3122840567621668e+18,1.209113108393015,0.46222996925765886,0.06805733418376017,0.04504770411854052,0.29435811000883116,0.12164665424071015,0.5379978954752419,0.0,0.0,0.1701961028649127,0.10711569159207242,inf,0.0,82.93742413990071,31.7060188533121,21,0.001,25
bits,det,0,S1,XOR,3,100,0.04283905029296875,sample,1,3.9726061788721766e-18,7.276514364596668,1.25,7.07e-06,10100.0,3.16e-11,5,1e-06,0.16081746752405207,0.0,0.1599114458523121,0.0,0.1544448326512146,0.16081746752405207,0.1599114458523121,0.2262296231639171,0.22318909938397685,0.2674418625972192,0.26628242172175326,0.2870055550239247,0.2848146530963157,0.35512526559342034,0.3439304178764359,0.6770753185677271,0.6643609174345309,0.9465878377513581,0.9360451578839576,0.9953187433223997,0.9851744813650194,1.005324479028204,0.9990487460069701,1.0079412475320213,1.0102625651970116,3.0415641096079638,0.21090675105485235,0.5736407405901451,9.095642955745834,3.432706575721471e+18,1.3122840567621668e+18,1.8740829289522256,0.716440247502733,0.06405276863375908,0.038253158577802565,0.3844604042659159,0.14055803927407495,0.6455081001543677,0.0,0.0,0.1926263463410391,0.12504857406013783,inf,0.0,82.93742413990071,31.7060188533121,21,0.001,25
bits,det,0,S1,XOR,4,100,0.06240987777709961,sample,1,3.2467739300863864e-18,6.355036796501008,1.25,7.07e-06,10100.0,3.16e-11,4,1e-06,0.16075230210815417,0.0,0.16022687743287345,0.0,0.15618565146337693,0.16075230210815417,0.16022687743287345,0.22331747489544665,0.22298514660621596,0.2658761521891005,0.26796167487120437,0.298402500582972,0.294161226801297,0.3903151923146474,0.3698857205005371,0.7290698892710172,0.7118541745078527,0.9586415216148841,0.9476714664384843,0.9968286974224284,0.9875941103568129,1.0079548305312738,1.001495102113683,1.0128315807924915,1.0129135521773627,3.2502376516360902,0.21090675105485235,0.5736407405901451,7.94379599562626,3.432706575721471e+18,1.3122840567621668e+18,1.7537620279122508,0.6704429574206843,0.07535989203840673,0.045713609110580325,0.3705891619434728,0.13748894409626072,0.6274949311574977,0.0,0.0,0.18762961128902003,0.12226776982680922,inf,0.0,82.93742413990071,31.7060188533121,21,0.001,25
bits,det,0,S1,XOR,5,100,0.042307138442993164,sample,1,4.58903092040535e-18,6.885831015209435,1.25,7.07e-06,10100.0,3.16e-11,3,1e-06,0.1717196371969106,0.0,0.17124579328004697,0.0,0.17347722566989648,0.1717196371969106,0.17124579328004697,0.24154133499361255,0.23492939165423735,0.2793280508301348,0.27918129802815894,0.30352223741271384,0.2984998723749559,0.36760245987934187,0.3448317443009322,0.636824968531155,0.6125007194485909,0.9322276434257462,0.9186421091436698,0.9926263621368432,0.9818429830328855,1.005584794378427,0.9960272609659631,1.0102480449402993,1.0045804673857432,2.491635294909417,0.21090675105485235,0.5736407405901451,8.607288769011793,3.432706575721471e+18,1.3122840567621668e+18,2.287711763746423,0.8745657712968705,0.061977341553495394,0.03533783111806833,0.4283421463716492,0.1465779794546013,0.690392504629849,0.0,0.0,0.19857689486192362,0.13102985267638786,inf,0.0,82.93742413990071,31.7060188533121,21,0.001,25
bits,det,0,S4,NARMA,1,100,0.035781145095825195,sample,1,1.2476556991017612e-17,8.712630142854488,1.1049942118844185,6.597800227654488e-06,5641.133932952372,6.979416920719782e-11,5,1e-06,0.4404042009916091,0.0,0.41563704731457835,0.0,0.45124808850662823,0.4404042009916091,0.41563704731457835,0.44948992562869383,0.43166397556241615,0.5218207829601542,0.5028727675945088,0.6249244592796559,0.5887601288221701,0.718826212897095,0.6929072433084892,0.7809518294770802,0.7844995063963149,0.794064813565604,0.8127871241599915,0.7817437543761356,0.8153050032693602,0.7866251553572743,0.8329502240640081,0.8681264772691766,0.8831996666006809,1.1595877564990242,0.09407363546502244,0.4047507627938219,9.627405878143923,1.6945856643038648e+18,3.92352867106607e+17,2.426660407958249,0.5618524861932152,0.06650444987102389,0.03031235313914896,0.33135793051740237,0.12609537091595358,0.6753537794768267,0.0,0.0,0.308318772151565,0.07925819727549362,inf,0.0,40.942785781865446,9.479614826935068,9,0.0009608645320734073,23
bits,det,0,S4,NARMA,2,100,0.025777816772460938,sample,1,1.6189020750310474e-19,0.7053565276905851,0.5,2.23435129251773e-05,20000.0,9.401224904347641e-11,5,1e-06,0.6006002880336672,0.0,0.6129560936232933,0.0,0.5677745523878105,0.6006002880336672,0.6129560936232933,0.6097309267832185,0.6239944526766144,0.6232090656612386,0.6389668262514088,0.6302302720000642,0.6472248443399162,0.6643167950465867,0.6759193332406368,0.7451297371465394,0.7544348305758136,0.8339956881287103,0.843890998631991,0.8784564372763091,0.8881258135552994,0.9085835775833117,0.9033823322345674,1.3802073536534405,1.2768100202295989,7.23497788149938,1.770097602234409,0.9788002069870914,0.35267826384529255,8.888551722234577e+17,6.680063898491846e+17,0.20400597800178855,0.15331777451632683,2.4585119327192304,2.355009495527076,0.13279256562137387,0.01042354504213295,0.15817087785754508,0.0,0.0,0.001959561495298406,0.010400004216698044,inf,0.0,21.475578174679086,16.139663574781775,177,0.001,10
bits,det,0,S4,NARMA,3,100,0.0574650764465332,sample,1,5.3811773761256135e-20,0.15692759025022252,1.4842274744512385,6.903610382987435e-06,12856.734334333181,6.5930194255081e-11,4,1e-06,0.4305669667544425,0.0,0.44428697912074167,0.0,0.4642401400476488,0.4305669667544425,0.44428697912074167,0.4999661379011709,0.5193926258529815,0.6521175091725101,0.661197532462897,0.7464636499040637,0.7572996492276469,0.7741593131072959,0.7880451315181871,0.7730360950026671,0.7904190300304539,0.7723173201821238,0.800090521018017,0.8160984583179153,0.8424589791821099,0.8503268319335067,0.8626241820208431,1.1594771084232378,1.0930177429732182,4.8425163512369105,0.08117391160735704,0.37832597681711144,0.23291624094880656,3.2699474230412375e+18,6.687389668139316e+17,1.1212921237070232,0.22931614466358274,3.492501830003281,2.0239498543874817,0.18585511460163243,0.025631155684357775,0.25970950497776113,0.0,0.0,0.01850870879475601,0.024987968536604264,inf,0.0,79.00500970810377,16.157363324265187,8,0.0009894849829674922,30
bits,det,0,S4,NARMA,4,100,0.08724212646484375,sample,1,2.061317253226373e-18,0.1,1.6280215325839051,4.9999999999999996e-05,9431.029656667419,2e-10,5,1e-06,0.6134314994523108,0.0,0.6267269474928456,0.0,0.5776209622512839,0.6134314994523108,0.6267269474928456,0.6255444339764467,0.6389072172588023,0.6299791827621062,0.6434214336932286,0.6316608361558309,0.6459999714129013,0.6485769657113158,0.6606780056057668,0.6954611654027745,0.703736625307364,0.7961093377613886,0.8066506803661205,0.8694366634050376,0.8814582709035442,0.8943298195337183,0.9035015683002618,0.9504628402809219,0.9211512454148717,0.08055718083059614,1.2796718542332683,0.9499270872454899,0.16280215325839054,2.8605323264763804e+16,2.043255245603302e+16,0.5896464637977539,0.42117972905073764,4.322060591465414,3.864019478673952,0.29576175868507104,0.01914007985525337,0.3388030050867248,0.0,0.0,0.003089803229222672,0.019108825375044682,inf,0.0,0.6911315534652285,0.4936697127835962,128,0.0009866797167175183,33
bits,det,0,S4,NARMA,5,100,0.054216861724853516,sample,1,1.8996249215881866e-17,4.0318169790448275,1.6704688025942411,1.1504485432102315e-05,9833.030885347338,1.510653128872623e-10,5,1e-06,0.44042600823429245,0.0,0.41937048947654276,0.0,0.4538847663608745,0.44042600823429245,0.41937048947654276,0.466673291787509,0.4498629751364554,0.557812515848748,0.5287086389753819,0.6392404164265414,0.5974307100306223,0.7137020566984664,0.6851043701035548,0.777072310341075,0.7793677207673501,0.7929857316393523,0.8122401383596768,0.7814823271296337,0.8156835383963805,0.7854841677702066,0.8331582088244607,0.8667184849004014,0.8837404668553126,0.3524374485359673,0.08741380458840842,0.39141556152394236,6.735024481264143,5.4921717990470016e+17,1.1970118243578205e+17,2.587683537556111,0.5639823198335152,0.09493557432948607,0.0413853558209033,0.3328867345001748,0.1253444665623831,0.6694149269964731,0.0,0.0,0.2959545721128531,0.08149926208070296,inf,0.0,13.269604374822698,2.8920933143368157,9,0.000982628707408377,34
bits,det,0,S4,PAT,1,100,0.049394845962524414,sample,1,2e-17,1.8528192975680815,1.2731884193423122,6.000000000000003e-06,15843.37461951848,2e-10,4,1e-06,0.04192351962538231,0.0,0.04336394278600066,0.0,0.040179683162579485,0.04192351962538231,0.04336394278600066,0.0837646963397585,0.08150592264950966,0.1454336077091718,0.13871651795749126,0.24903180193923213,0.2415056127946369,0.34608005859251223,0.33591304512121595,0.6197508080189345,0.6159932687772531,0.774828971375738,0.7721667328927405,0.8062377680996805,0.8022056106228916,0.8175771507034024,0.8119571250760352,0.8550948140694504,0.8482430431908172,0.15383394140127019,0.023562891041293835,0.2096633003012484,2.3589880727976387,5.480679183117287e+18,3.7133856322399334e+17,59.16042854595648,4.008362431364936,0.08464055565002437,0.007046335761448416,0.5363366040390093,0.29963470311470036,0.9759310815835376,0.23808,0.11092,0.40969363845829165,0.27941646133757564,inf,0.0,132.41837132245627,8.971889451732913,2,0.000979375707186394,26
bits,det,0,S4,PAT,2,100,0.049008846282958984,sample,1,2e-17,6.229596136294048,1.4925172732452623,6.000000000000003e-06,20000.0,2e-10,4,1e-06,0.0289926936867857,0.0,0.02833319184017545,0.0,0.02614105453548774,0.0289926936867857,0.02833319184017545,0.10630563863285607,0.1030924381323614,0.17403584654182805,0.16941071971204497,0.27480622182064013,0.27132647973696855,0.3382163230601278,0.3329047591452221,0.5388359741900258,0.5401619790426121,0.7297734785618514,0.7303243262931916,0.7678608274859242,0.767326258532535,0.7740520036412379,0.7729054819325788,0.8236524404431125,0.8197714810526646,0.5172243878515759,0.020100269884829793,0.19397887119958102,9.297779838760814,6.898184308312062e+18,4.0470568547097696e+17,22.146489619520516,1.299299911636757,0.04677621952538328,0.004646603402474957,0.32271107623892137,0.2753164363686543,0.9469820964642017,0.08416,0.03156,0.4676571074494129,0.2269644681373387,inf,0.0,166.6666302969516,9.778070553752785,2,0.0009950115154968415,30
bits,det,0,S4,PAT,3,100,0.06259465217590332,sample,1,2e-17,4.2153821042658235,1.7616780829214824,6.000000000000003e-06,20000.0,1.4076566111355646e-10,5,1e-06,0.005757886985204823,0.0,0.00522363540081352,0.0,0.005052468782055272,0.005757886985204823,0.00522363540081352,0.04156702527970042,0.0376102956081984,0.11180038378987786,0.1001789473166205,0.17765637605932486,0.16341255369730173,0.2691074768646292,0.259051504573402,0.4429468755659138,0.4442943435353021,0.7016919288540694,0.7048975963554484,0.7755065410899703,0.7743899067425545,0.78870801334548,0.7845822660731524,0.8289988913743829,0.8223587279602943,0.3499903333599449,0.024195130825559626,0.21239101251322448,7.42614626422454,6.922750988287974e+18,4.796601541869386e+17,32.845188488523426,2.275761211310068,0.041107802863437876,0.003978685069161082,0.41803974789828235,0.29833918634327133,0.9669015053079147,0.14248,0.06596,0.454051827511893,0.26613207645169235,inf,0.0,167.2601844245552,11.58904111763504,2,0.0009787100460674901,36
bits,det,0,S4,PAT,4,100,0.054653167724609375,sample,1,2e-17,8.900373866232313,1.397821882485551,6.142766861995689e-06,20000.0,2e-10,4,1e-06,0.03265010861597834,0.0,0.032039666062334674,0.0,0.029327104645363523,0.03265010861597834,0.032039666062334674,0.11376845212551107,0.11100202379960321,0.2148051109356095,0.21280451984506818,0.3026129914026752,0.30131993762180603,0.3597619858876453,0.35696744357685345,0.5751706426531663,0.5780054386764408,0.7376050399676557,0.7381792418416715,0.7656737233052656,0.7654483635708057,0.7709606154271713,0.7701022490813676,0.8270813857181843,0.8233533379882872,0.7389709258665943,0.022495465501021734,0.20496763160320605,12.441137352522054,6.440698606995463e+18,4.1820815473858464e+17,14.472872047389457,0.9397541294871912,0.04143746988269595,0.005194801784328192,0.2814889056503281,0.25959382330942715,0.9244712235844983,0.05832,0.02104,0.4625273943026557,0.2055393307557789,inf,0.0,155.61334484680793,10.1043029292503,2,0.0009984442017753935,28
bits,det,0,S4,PAT,5,100,0.06514501571655273,sample,1,2e-17,3.5715427834745466,2.0,6.533980915494478e-06,20000.0,2e-10,5,1e-06,0.04234431737865091,0.0,0.03871762491120852,0.0,0.03705031801521301,0.04234431737865091,0.03871762491120852,0.09814654307039827,0.08882646237532547,0.1442186165134334,0.1314244555219313,0.26053788862576704,0.25329529764870556,0.3314962724366956,0.32613388669159604,0.5408279381125232,0.543240795828929,0.7312075559961742,0.7326280402363965,0.7707559398714997,0.7697151574990351,0.7779856038196515,0.7748015087559926,0.8230234165886292,0.8177977260581402,0.2965343161021154,0.017788711085019192,0.18269382959880948,7.143085566949093,5.330644020843247e+18,2.7994035190239382e+17,29.8506519115942,1.5676158392819592,0.05452354705449962,0.004537846507494895,0.3464941125425607,0.28289729385304174,0.9571072830848657,0.1004,0.0478,0.4685154054884512,0.2377402289223476,inf,0.0,128.79338048361487,6.763622578117427,2,0.001,40
bits,det,0,S4,XOR,1,100,0.07829022407531738,sample,1,2e-17,10.0,2.0,6.000000000000003e-06,11894.563743789937,2e-10,5,1e-06,0.005328799266075196,0.0,0.004870380722299722,0.0,0.004983273344122484,0.005328799266075196,0.004870380722299722,0.009171693601000414,0.009256518140254891,0.0680729003239884,0.06852735724153827,0.33044092470633896,0.3288122545183826,0.7354030314493901,0.7318826552214244,0.9606343911188453,0.9554865544438168,0.998563753592573,0.9931733178570709,1.0034126716910994,0.9987352742640767,1.0190301449066683,1.018454634345563,1.0411780756282598,1.0472490879715368,0.8302695335869232,0.015000000000000013,0.16799597142736353,20.0,4.085750196172186e+18,1.8406213291774768e+17,8.171500392344374,0.3681242658354954,0.03654638781621614,0.005451670703927131,0.15618973863976338,0.20179952329800727,0.8467683719286003,0.02104,0.0,0.44388625964494033,0.12470620075568312,inf,0.0,98.7155731125649,4.447114499638104,2,0.001,40
bits,det,0,S4,XOR,2,100,0.07111716270446777,sample,1,1.4755615219964954e-17,10.0,2.0,6.822990826594308e-06,11806.13430472332,2e-10,5,1e-06,0.004450673514980657,0.0,0.0048777758458576825,0.0,0.0047315460412572135,0.004450673514980657,0.0048777758458576825,0.02214394309986329,0.023255599193792824,0.13137527018083164,0.1329518014983537,0.4255928830570377,0.42377810853861786,0.8178458242612355,0.8140589137508506,0.9785341109887992,0.9736373663720683,1.0003804320365037,0.9954642821419357,1.0033895222605012,0.9991806903821314,1.0182954955620047,1.0181001619100685,1.0449934199019275,1.05128360831315,1.1253607812482593,0.01939716825824587,0.1906224837034324,20.0,2.767456932165571e+18,1.5770509505773805e+17,4.083552962885982,0.23270357008999792,0.04056125188016578,0.00983564061691501,0.1257534983470426,0.17151482413550237,0.7396619306885177,0.0,0.0,0.38449032548933737,0.10241067274294709,inf,0.0,66.86436615214737,3.8103036392144753,2,0.001,40
bits,det,0,S4,XOR,3,100,0.05714297294616699,sample,1,2e-17,10.0,2.0,6.000000000000003e-06,9481.063121235617,2e-10,5,1e-06,0.00401630528148799,0.0,0.003936750897119118,0.0,0.003983291323103614,0.00401630528148799,0.003936750897119118,0.014881614114269604,0.015453872556750355,0.1114608653409214,0.11241718909288873,0.41071645864705975,0.4092338041879713,0.7942567752872284,0.7906410190452253,0.9733324289181945,0.9683802222866715,0.9998605964011104,0.9948366491523257,1.0034322501296007,0.9991249212984504,1.0187916102167176,1.018477957577997,1.0425604383170326,1.0486995910053147,0.8302695335869232,0.015000000000000013,0.16799597142736353,20.0,3.256719316648643e+18,1.469954220421153e+17,6.513438633297287,0.29399084408423065,0.03864014975730796,0.006654742580636132,0.13776289656626925,0.1877428572152476,0.8129180796767471,0.01052,0.0,0.4284919353912552,0.11072950822753272,inf,0.0,78.6854061980893,3.5515478517030803,2,0.001,40
bits,det,0,S4,XOR,4,100,0.0644989013671875,sample,1,2e-17,9.710928983711248,2.0,6.000000000000003e-06,20000.0,1.4787819081609403e-10,5,1e-06,0.003454746729199915,0.0,0.003130258552056687,0.0,0.0031379083549491803,0.003454746729199915,0.003130258552056687,0.014121307521127655,0.012740759720718234,0.02221090384867145,0.020318910198745793,0.08301676667330721,0.08143540671528508,0.3980096318907341,0.39147107350496463,0.8144797257378209,0.8079282744619418,0.975315969433848,0.9677899635956867,1.0003444825519048,0.9931144414474185,1.016693191389979,1.0139353033804164,1.0338012158178485,1.0383416393194744,0.8062688478001674,0.02028696715481796,0.19485961141988103,19.421857967422497,6.898819477226846e+18,4.081633399369763e+17,14.208361504442408,0.840626763148231,0.027973286523520654,0.0033855310326076837,0.2562015330260929,0.2519474454131049,0.920576160241487,0.0526,0.01052,0.4664342915598075,0.19135506183249568,inf,0.0,166.68197657619916,9.861610742420249,2,0.001,40
bits,det,0,S4,XOR,5,100,0.06271600723266602,sample,1,2e-17,10.0,2.0,6.685924565432492e-06,9040.977540666328,2e-10,5,1e-06,0.0042551617635663485,0.0,0.004544019969923397,0.0,0.004450182082431104,0.0042551617635663485,0.004544019969923397,0.01966915786134944,0.020618263693737017,0.1266772291972222,0.128076594876771,0.4227651044755736,0.4209454349034823,0.8128191488763487,0.8090482671752843,0.9774826761522697,0.9725559711631396,1.0002840691935455,0.995325348613,1.003424604171379,0.9991812400523705,1.0184181329555373,1.0181756575848835,1.0436730365954523,1.0498688797953344,0.8302695335869232,0.01862566137277236,0.18686461432877702,20.0,2.2508399674288445e+18,1.239156899426033e+17,4.501679934857689,0.24783137988520662,0.04006951644748645,0.0090881331869578,0.1300739907576206,0.1756768480450598,0.7598560239146227,0.0,0.0,0.3977437156124486,0.10475526011234311,inf,0.0,54.382413681964955,2.9939197853513284,2,0.001,40
bits,hyb,500,S0,NARMA,1,5,0.7404491901397705,sample,10,1e-18,1.0,1.25,7.07e-06,10100.0,3.16e-11,3,1.0,0.7771484914836052,0.004962823591316415,0.8096429827615186,0.00753056433005888,0.7985620449633876,0.9507902159818062,0.9709770351910759,0.9503482745205787,0.9705520200309412,0.946080034365741,0.9664517477202527,0.9143247096548768,0.9362316086813605,0.83418233468466,0.8628124920921735,0.7876974520690136,0.8212210793794522,0.7771484914836052,0.8096429827615186,0.7832129664964097,0.8122099166265453,0.8107769997965004,0.8348805411183868,0.8544402749882483,0.8519547075362628,1.6605390671738465,0.21090675105485235,0.5736407405901451,1.25,3.2071893147245215e+18,1.2746070024575383e+18,3.207189314724522,1.2746070024575384,0.35170910805060446,0.19015070160977113,0.5494702876739965,0.07064763215130941,0.7063545485513585,0.0,0.0,0.10280657043542607,0.06149750017336044,0.02202222682855338,4.6683094873098865,77.48871469923388,30.795705733249317,21,0.001,25
bits,hyb,500,S0,NARMA,2,5,0.7288103103637695,sample,10,1e-18,1.0,1.25,7.07e-06,10100.0,3.16e-11,3,1.0,0.7774288516642869,0.007496986805055088,0.8002758728265194,0.008474101762032909,0.7946181075329869,0.9455720109940737,0.9571876629416369,0.9451315761579797,0.9567711920488318,0.940884916244193,0.9527526143721083,0.9096646978160802,0.9230220448876969,0.8328368340555029,0.8483134023818316,0.7892464868904776,0.8076885003360925,0.7774288516642869,0.8002758728265194,0.782440776579481,0.8077334439140262,0.8095616396019905,0.8320776796664765,0.8527178769444663,0.8495492102962731,1.6605390671738465,0.21090675105485235,0.5736407405901451,1.25,3.2071893147245215e+18,1.2746070024575383e+18,3.207189314724522,1.2746070024575384,0.35170910805060446,0.19015070160977113,0.5494702876739965,0.07064763215130941,0.7063545485513585,0.0,0.0,0.10280657043542607,0.06149750017336044,0.02202222682855338,4.6683094873098865,77.48871469923388,30.795705733249317,21,0.001,25
bits,hyb,500,S0,NARMA,3,5,0.740833044052124,sample,10,1e-18,1.0,1.25,7.07e-06,10100.0,3.16e-11,3,1.0,0.7788094173918002,0.006525053305848866,0.8039435023051803,0.010491338628399466,0.8011169887123419,0.9482308103476786,0.9500851748155675,0.9478003554795711,0.9497024594135948,0.9436395663805669,0.9460041815290815,0.9124915799636595,0.9183579685176774,0.8336489313799484,0.8480321693456219,0.7904906362374255,0.8105549255772196,0.7788094173918002,0.8039435023051803,0.7844517328363052,0.8102068604060955,0.8115782922542115,0.8338833798299815,0.8544286854940537,0.8510323607753465,1.6605390671738465,0.21090675105485235,0.5736407405901451,1.25,3.2071893147245215e+18,1.2746070024575383e+18,3.207189314724522,1.2746070024575384,0.35170910805060446,0.19015070160977113,0.5494702876739965,0.07064763215130941,0.7063545485513585,0.0,0.0,0.10280657043542607,0.06149750017336044,0.02202222682855338,4.6683094873098865,77.48871469923388,30.795705733249317,21,0.001,25
bits,hyb,500,S0,PAT,1,5,0.7288169860839844,sample,10,1e-18,1.0,1.25,7.07e-06,10100.0,3.16e-11,3,1.0,0.8157586485023,0.0034108832149693,0.8068365884154218,0.007159908325626793,0.7846943872327679,0.9851212417793042,0.964324527643354,0.984667822870318,0.9638779796079391,0.9802900257409484,0.9595716509442352,0.9477722903444716,0.9278876557481839,0.866964094304618,0.8515798889072446,0.8262472688307059,0.8139968423648959,0.8157586485023,0.8068365884154218,0.8164927689388725,0.8103342792485927,0.8593356504193552,0.8539888950546631,0.9556765405424213,0.9533714472742506,1.6605390671738465,0.21090675105485235,0.5736407405901451,1.25,3.432706575721471e+18,1.3122840567621668e+18,3.4327065757214714,1.312284056762167,0.34597825369267987,0.18047664250589185,0.5333417542457717,0.13282068353704105,0.7366379315932347,0.0,0.0,0.1456259050852945,0.1222191829300508,0.02148537279324438,6.777909161114648,82.93742413990071,31.7060188533121,21,0.001,25
bits,hyb,500,S0,PAT,2,5,0.7200498580932617,sample,10,1e-18,1.0,1.25,7.07e-06,10100.0,3.16e-11,3,1.0,0.8166179741839453,0.0034736223677440566,0.8099810865461713,0.006914555881418068,0.783957208436702,0.9981514540798015,0.9848523981380402,0.9976615782127268,0.9843898634631284,0.9929412616524852,0.979936882673023,0.958386645680454,0.947563071478382,0.8742411981302578,0.8700976864161525,0.8279747104103224,0.8246972696893351,0.8166179741839453,0.8099810865461713,0.8172541668764832,0.8102494085541257,0.8598927666053768,0.8539983298535386,0.9562974603057866,0.9537825805585343,1.6605390671738465,0.21090675105485235,0.5736407405901451,1.25,3.432706575721471e+18,1.3122840567621668e+18,3.4327065757214714,1.312284056762167,0.34597825369267987,0.18047664250589185,0.5333417542457717,0.13282068353704105,0.7366379315932347,0.0,0.0,0.1456259050852945,0.1222191829300508,0.02148537279324438,6.777909161114648,82.93742413990071,31.7060188533121,21,0.001,25
bits,hyb,500,S0,PAT,3,5,0.7221271991729736,sample,10,1e-18,1.0,1.25,7.07e-06,10100.0,3.16e-11,3,10.0,0.8143811948584201,0.0035012260922960593,0.8110913356857845,0.00939071280133006,0.797338048675334,0.9917671397196788,1.0066024933435596,0.991280711146886,1.0060844600707015,0.9865943639560587,1.0010924196403153,0.9523225767104654,0.9644858793809042,0.8701343033286116,0.8747264957575098,0.8277666474467662,0.8267196250946179,0.8147369852806869,0.8117709071444587,0.8143811948584201,0.8110913356857845,0.8581473308122703,0.8544747279214875,0.9557365529100688,0.9537297173112316,1.6605390671738465,0.21090675105485235,0.5736407405901451,1.25,3.432706575721471e+18,1.3122840567621668e+18,3.4327065757214714,1.312284056762167,0.34597825369267987,0.18047664250589185,0.5333417542457717,0.13282068353704105,0.7366379315932347,0.0,0.0,0.1456259050852945,0.1222191829300508,0.02148537279324438,6.777909161114648,82.93742413990071,31.7060188533121,21,0.001,25
bits,hyb,500,S0,XOR,1,5,1.0115430355072021,sample,10,1e-18,1.0,1.25,7.07e-06,10100.0,3.16e-11,1,1.0,0.9896660705502048,0.0019494281277908064,0.9818872011564761,0.0023196977053319013,0.9663766729238148,1.0425303519364482,1.0331238115596943,1.0424317726460064,1.0330325086455574,1.0414680503146823,1.0321394856556476,1.033614697603385,1.024830947268217,1.0087087903919951,1.001239927214233,0.9934831285700849,0.9869884674183707,0.9896660705502048,0.9818872011564761,0.9922007886989233,0.9815854292646448,0.9990690938240562,0.986956455866976,1.0002012793539556,0.9907282294783997,1.6605390671738465,0.21090675105485235,0.5736407405901451,1.25,3.432706575721471e+18,1.3122840567621668e+18,3.4327065757214714,1.312284056762167,0.34597825369267987,0.18047664250589185,0.5333417542457717,0.13282068353704105,0.7366379315932347,0.0,0.0,0.1456259050852945,0.1222191829300508,0.02148537279324438,6.777909161114648,82.93742413990071,31.7060188533121,21,0.001,25
bits,hyb,500,S0,XOR,2,5,0.8445203304290771,sample,10,1e-18,1.0,1.25,7.07e-06,10100.0,3.16e-11,1,1.0,0.9907899543754857,0.001779043887175593,0.9789434947335666,0.004070768329461677,0.9682953284427205,1.0426830619152387,1.0265966563834676,1.0425913245564487,1.0265148009640621,1.041693272370534,1.0257140488762055,1.034292342735672,1.019153585270893,1.009829235657461,0.9978979693011422,0.9942763637052817,0.9832700125941439,0.9907899543754857,0.9789434947335666,0.9928631096953708,0.9811724669038165,0.9998649266166222,0.9869805191432578,1.0007962506914088,0.9905468372654385,1.6605390671738465,0.21090675105485235,0.5736407405901451,1.25,3.432706575721471e+18,1.3122840567621668e+18,3.4327065757214714,1.312284056762167,0.34597825369267987,0.18047664250589185,0.5333417542457717,0.13282068353704105,0.7366379315932347,0.0,0.0,0.1456259050852945,0.1222191829300508,0.02148537279324438,6.777909161114648,82.93742413990071,31.7060188533121,21,0.001,25
bits,hyb,500,S0,XOR,3,5,0.864185094833374,sample,10,1e-18,1.0,1.25,7.07e-06,10100.0,3.16e-11,1,1.0,0.9909658849814512,0.0023505150766408465,0.9803530267381824,0.0035309866559821005,0.9683706298705295,1.0518987234751973,1.0361930851115617,1.051796809361214,1.0360897827018225,1.050799269186422,1.0350795275840794,1.0425784299698366,1.0268225474490333,1.014726910828211,1.0003807058095657,0.9954371001675396,0.9841534587152531,0.9909658849814512,0.9803530267381824,0.9928832936292642,0.9816292930161639,0.999566834930064,0.9875280341731237,1.0004954216070976,0.991216749091264,1.6605390671738465,0.21090675105485235,0.5736407405901451,1.25,3.432706575721471e+18,1.3122840567621668e+18,3.4327065757214714,1.312284056762167,0.34597825369267987,0.18047664250589185,0.5333417542457717,0.13282068353704105,0.7366379315932347,0.0,0.0,0.1456259050852945,0.1222191829300508,0.02148537279324438,6.777909161114648,82.93742413990071,31.7060188533121,21,0.001,25
bits,hyb,500,S1,NARMA,1,100,1.161949872970581,sample,10,2.6244307157971633e-18,9.926633161576564,1.25,7.07e-06,10100.0,3.16e-11,4,10.0,0.7510339788069172,0.004743752313242781,0.7916270251667461,0.0025809021714374623,0.7910252805496991,1.0092696167434678,0.9804777174114092,1.009092373686008,0.9803359575007431,1.0073397001126267,0.9789349718571261,0.9915685363589798,0.9663915869692783,0.9135713939870935,0.9054042760247676,0.8164828909795363,0.8273855922513625,0.7686706740713384,0.7946672854786073,0.7510339788069172,0.7916270251667461,0.779944966998208,0.8194785350593661,0.9654603447297886,0.9359007758565759,6.2808143766502464,0.21090675105485235,0.5736407405901451,12.408291451970705,3.2071893147245215e+18,1.2746070024575383e+18,0.8479255767725661,0.3369841227504812,0.060278406689206254,0.04361175238935717,0.24545471855602427,0.06885878216485201,0.4405573666055491,0.0,0.0,0.13892683864757813,0.051645928833151576,0.01891163293715483,7.346104860920542,77.48871469923388,30.795705733249317,21,0.001,25
bits,hyb,500,S1,NARMA,2,100,1.2526159286499023,sample,10,2.9488362471922758e-18,9.955874336032435,1.25,7.07e-06,10100.0,3.16e-11,4,10.0,0.7505738964510731,0.002869356802756936,0.7888555689835223,0.003993947781483664,0.7889583988213793,0.9849010160670904,1.0063904365861949,0.9847318036673952,1.0062427310306679,0.9830583070470317,1.0047815608522055,0.9679804093499518,0.9915827353218729,0.8929124934494107,0.9243246295779958,0.8019616162184764,0.8352947624213869,0.7655707538509283,0.7983826333761672,0.7505738964510731,0.7888555689835223,0.7769413913195886,0.8139405282079455,0.9331250156196693,0.909164293173877,5.606319543377948,0.21090675105485235,0.5736407405901451,12.444842920040545,3.2071893147245215e+18,1.2746070024575383e+18,0.9499392804345469,0.37752659414037404,0.05833249987090068,0.0412087548987415,0.2664796294176922,0.07270808272201904,0.4696502109101817,0.0,0.0,0.14727499564213178,0.05454470947689336,0.019427395458087863,7.580789507263538,77.48871469923388,30.795705733249317,21,0.001,25
bits,hyb,500,S1,NARMA,3,100,1.2030000686645508,sample,10,2.9289242234372233e-18,9.76847592543106,1.25,7.07e-06,10100.0,3.16e-11,4,10.0,0.7518933715107267,0.0036465196165502045,0.7917607231091106,0.005614160725736689,0.7898026101733232,1.0021724148996325,1.0372038203785832,1.0019915463485165,1.0370286993610187,1.0002025105041374,1.0352961489086911,0.9840633963193953,1.019634168089363,0.9032336636323777,0.9398288419135581,0.803603088434461,0.8359522641595678,0.7668159525627246,0.8003057308148065,0.7518933715107267,0.7917607231091106,0.7775574784323728,0.8162746097105499,0.9306994679674961,0.9088530121249292,5.538188994828102,0.21090675105485235,0.5736407405901451,12.210594906788826,3.2071893147245215e+18,1.2746070024575383e+18,0.9616253901584101,0.38217090909151763,0.059251783657941016,0.041749098525471665,0.26882769148650987,0.07302786053599947,0.4724473825969437,0.0,0.0,0.14776950519851276,0.05482848533167314,0.01948223285469445,7.5848341563634545,77.48871469923388,30.795705733249317,21,0.001,25
bits,hyb,500,S1,PAT,1,100,0.8152740001678467,sample,10,8.759643114985617e-19,10.0,1.25,7.07e-06,10100.0,3.16e-11,4,1.0,0.773880735910906,0.005011610851926906,0.7737606242196755,0.010371258554360292,0.7422087518618798,1.049078891004252,1.0313283336725663,1.0484614967337889,1.0307309966290714,1.0424829902917792,1.0249527712822981,0.996995541266247,0.981364410494743,0.8712507581919929,0.8647984530791639,0.7929408952779863,0.7936707314377106,0.773880735910906,0.7737606242196755,0.786144522562336,0.7839877295333394,0.9014295828504253,0.8989607450800401,0.9859866788774401,0.9837453673739539,18.956697725881874,0.21090675105485235,0.5736407405901451,12.5,3.432706575721471e+18,1.3122840567621668e+18,0.3006928452178444,0.1149514000272211,0.07175200640857246,0.06150568160202445,0.10005623168954388,0.051633332124763245,0.22144680071563097,0.0,0.0,0.07490430865971279,0.04433656504856815,0.012823548717931373,5.841152890461038,82.93742413990071,31.7060188533121,21,0.001,25
bits,hyb,500,S1,PAT,2,100,0.9278090000152588,sample,10,1.1198699084034655e-18,9.946261217827507,1.25,7.07e-06,10100.0,3.16e-11,4,1.0,0.7720924978298802,0.004426180800213442,0.7769943158121027,0.006668058610930135,0.743837302119023,1.0296624289975083,1.0614762883837796,1.0292234647634237,1.0610046070963082,1.0249354710891247,1.0563977663406845,0.9900846437418329,1.018992316961539,0.8741424813757901,0.8937476283395187,0.7923824212855126,0.8008325251071445,0.7720924978298802,0.7769943158121027,0.7784788441854152,0.7810901865426899,0.8770555603431646,0.8755725287308769,0.9764418365715841,0.9747646398903562,14.748280314152591,0.21090675105485235,0.5736407405901451,12.432826522284383,3.432706575721471e+18,1.3122840567621668e+18,0.3864954593831627,0.14775274791813356,0.07007801390230686,0.05801117665455704,0.12412921930114362,0.06253780208482589,0.2685189556564745,0.0,0.0,0.09051867909851664,0.053853590993526476,0.014086335937615543,6.425991790867309,82.93742413990071,31.7060188533121,21,0.001,25
bits,hyb,500,S1,PAT,3,100,0.8947081565856934,sample,10,6.79825177287258e-19,8.791945471356092,1.25,7.07e-06,10100.0,3.16e-11,4,1.0,0.7748506739908836,0.0065279185653595185,0.7769979956645742,0.005026678895414184,0.7457991927048727,1.0418532437756984,1.0733865350821286,1.0411330286912812,1.0726381421764104,1.0342177058585622,1.0654371747993778,0.9846931775258755,1.0130355019033608,0.8665939295545421,0.8812255928242443,0.795843438432416,0.7989250866775499,0.7748506739908836,0.7769979956645742,0.7903061744537945,0.7897752378700882,0.9135450636980746,0.9114856902037214,0.990589072318801,0.9881352622213504,21.475181295734878,0.21090675105485235,0.5736407405901451,10.989931839195116,3.432706575721471e+18,1.3122840567621668e+18,0.2654293482617606,0.10147057263333763,0.082609901107965,0.07190632586763061,0.08969910091245525,0.04639105747342747,0.1985484180365574,0.0,0.0,0.06669777215634648,0.0399379510283334,0.012219391078149287,5.458354817337455,82.93742413990071,31.7060188533121,21,0.001,25
bits,hyb,500,S1,XOR,1,100,1.5284910202026367,sample,10,1.9920449006074784e-17,9.767454002234887,1.25,7.07e-06,10100.0,3.16e-11,2,0.1,0.8829942006731658,0.016934267942768373,0.8643676178576749,0.01548483385146462,0.7812353103588043,0.9380994317940987,0.9223816109761811,0.9380817057796407,0.922362520398511,0.9379048966425678,0.9221721059720936,0.9361807222784275,0.9203158118231564,0.9224061561539285,0.9055325138129579,0.8829942006731658,0.8643676178576749,0.9024211738473978,0.8858147058282013,0.9654770300049809,0.9522152796161019,0.9817341761046577,0.9702764209049866,0.9927542801762754,0.9840021698843205,0.8142004707117035,0.21090675105485235,0.5736407405901451,12.209317502793608,3.432706575721471e+18,1.3122840567621668e+18,7.000908965512498,2.676366597501694,0.022278697708190603,0.010236919385444238,0.6723266015723602,0.1414196208661137,0.8747610125499123,0.222,0.0,0.1773562963043169,0.12987631464600424,0.01989849657237177,8.913050071861646,82.93742413990071,31.7060188533121,21,0.001,25
bits,hyb,500,S1,XOR,2,100,1.5171880722045898,sample,10,1.9584169052036143e-17,9.814308844283177,1.25,7.07e-06,10100.0,3.16e-11,2,0.1,0.8890169266332766,0.011298668013646799,0.866626554900048,0.026328939156897338,0.7746634810669388,0.9530865448032484,0.930319620276936,0.9530658418967262,0.9302993168448446,0.952859340850382,0.9300967932718323,0.9508457547972174,0.9281213079831042,0.9347752637014409,0.9123053641981829,0.8890169266332766,0.866626554900048,0.9036854015212665,0.8842372210536056,0.9660192274106448,0.9519743378647789,0.9822835851859153,0.9703419692458191,0.9931250187981553,0.9840543680348748,0.8321539305517605,0.21090675105485235,0.5736407405901451,12.267886055353971,3.432706575721471e+18,1.3122840567621668e+18,6.849866552154089,2.6186248282671767,0.022526136308250334,0.010384079218212588,0.6679528643766067,0.1421715702235309,0.872350354399364,0.21144,0.0,0.17864862292808242,0.1305093815251985,0.019966924503172286,8.947227846717167,82.93742413990071,31.7060188533121,21,0.001,25
bits,hyb,500,S1,XOR,3,100,1.5170292854309082,sample,10,1.9927335817282914e-17,9.896416503895756,1.25,7.07e-06,10100.0,3.16e-11,2,0.1,0.8907134990580907,0.01424901865369307,0.8712492585572378,0.03542987608464885,0.7762674642500286,0.9596231395403283,0.9384958343479187,0.959600695091526,0.9384743594214224,0.9593768364379747,0.9382601611883107,0.957195269875295,0.9361718192274587,0.939862163513002,0.9195115628900545,0.8907134990580907,0.8712492585572378,0.9044701915423593,0.8865240216975241,0.9665938920704662,0.9523372338315905,0.9824225027893837,0.9701539684055513,0.9930341762376962,0.9838790422350863,0.8246654936928546,0.21090675105485235,0.5736407405901451,12.370520629869695,3.432706575721471e+18,1.3122840567621668e+18,6.912067279067057,2.642403447396529,0.022193406801774458,0.01021696840952403,0.6697583390080587,0.14187461432508625,0.8733553686935038,0.21616,0.0,0.17813824576178489,0.1302662854504449,0.019938734697898582,8.934280357346825,82.93742413990071,31.7060188533121,21,0.001,25
bits,hyb,500,S4,NARMA,1,100,2.0954039096832275,sample,10,7.340757189241828e-18,10.0,2.0,1.661916634403865e-05,20000.0,2.7756289061944864e-11,3,1.0,0.7358004287382928,0.0063347632143515,0.7766528515951958,0.010083447165224246,0.7301103726534407,0.8989781166813909,0.9393858913910187,0.8989340040312097,0.9393429542170619,0.8984943387149767,0.9389149998063774,0.894238583395472,0.9347721666456726,0.8620139061305764,0.9033888514512041,0.7763405666750252,0.8197380999040111,0.7358004287382928,0.7766528515951958,0.7694649524212881,0.8027031508794676,0.821563261127294,0.8441050385849265,0.9088617156066741,0.883013729336187,2.2620814506811815,0.8292315582798411,0.8852603189114114,20.0,1.1621886606603402e+18,7.606244617794045e+17,0.8531344765997724,0.5583559486120361,0.032085095863068354,0.02698131227461841,0.3562109811860045,0.03678055387431341,0.4523627048264135,0.0,0.0,0.03603737778641225,0.034022204921336736,0.02134652435803293,1.6882082151631863,28.079572708457082,18.37740342968971,83,0.001,40
bits,hyb,500,S4,NARMA,2,100,1.984910011291504,sample,10,3.668974824163607e-18,10.0,2.0,1.2549334928293371e-05,20000.0,2.2553735543675957e-11,2,1.0,0.7388590443859095,0.0038920248412694053,0.7860104071001993,0.008928530657448263,0.7572822074389242,0.8325305575330603,0.8957567207322097,0.832504048794469,0.8957296395045912,0.8322397995922864,0.895459640780388,0.8296784246439319,0.8928384329963404,0.8101625493095026,0.8725809603280856,0.7602231232601848,0.8164424878376483,0.7388590443859095,0.7860104071001993,0.7529073313907839,0.7952239144743823,0.7903984729276282,0.8201686842242617,1.0135656398547468,0.9590915772816759,4.525893871600466,0.5818910679545308,0.8135784032090141,20.0,2.065188428659278e+18,1.239311299688321e+18,0.757712435190489,0.45470019578579285,0.03437134341828506,0.028446063758194515,0.309973554531435,0.042387816675737766,0.42328776609617896,0.0,0.0,0.05418732152716011,0.03748328394492672,0.020579824861787603,2.6330312279661108,49.89689763988362,29.942928309279957,58,0.001,40
bits,hyb,500,S4,NARMA,3,100,1.7433521747589111,sample,10,1.5213976111345715e-18,10.0,1.5790202470662893,9.370556854766198e-06,18393.521601089615,1.0605719346220534e-11,3,1.0,0.7356449002296711,0.0032277668997146725,0.7847903601244307,0.017491577276572422,0.7288724038360415,0.8700548973223675,0.9355703016491026,0.8700137020602096,0.9355268139463035,0.8696033815909443,0.9350936169320999,0.8656564244493641,0.9309226236917185,0.8370649969159505,0.9004938973427798,0.7682949978906591,0.825458330081128,0.7356449002296711,0.7847903601244307,0.7741647706759167,0.8104359776110632,0.8276032884605901,0.8513589725128579,0.8990793345443298,0.8788283719734954,10.91456339237651,0.873879839959978,0.8945845285705358,15.790202470662893,6.218901926722072e+18,4.1125810823050977e+18,0.9461422535195144,0.6256871034216206,0.038956088223572695,0.03254151134650444,0.38270551208175874,0.03674839635260891,0.47799134348517297,0.0,0.0,0.034286052048412355,0.0342233518994004,0.021670357355840483,1.5821636664967942,150.25452814084173,99.3638325935801,87,0.0009868876544164309,32
bits,hyb,500,S4,PAT,1,100,1.001349925994873,sample,10,3.589039897128581e-18,10.0,1.682080866735528,6.000000000000003e-06,17524.06253362943,2e-10,4,10.0,0.7622399909094509,0.0018523219867649997,0.7625271638381081,0.0017656046316864833,0.7519133743048151,1.0746447897440323,1.0781788267371546,1.0731415096379808,1.0767344400205876,1.0592625893698855,1.0633926282709667,0.9801846577048581,0.9866320506991764,0.8495927317849855,0.852246507821752,0.7796298123633326,0.7807152180411594,0.762661491642846,0.7635573784174717,0.7622399909094509,0.7625271638381081,0.7879205239983612,0.7856956634390494,0.9259701543166237,0.9219336755952344,4.626694366095971,0.017835052162635947,0.18292743270547912,16.82080866735528,6.032420982423308e+18,3.177403157397653e+17,2.165059958219284,0.114038267011625,0.053364570711674435,0.018783269404128687,0.07818405483016398,0.12253427165544249,0.5344258688114983,0.0,0.0,0.27713504456948973,0.06639366875893447,0.008606206036548597,32.201767351671606,145.74897287995694,7.676905308259919,2,0.00098945933337384,34
bits,hyb,500,S4,PAT,2,100,1.6192710399627686,sample,10,2e-17,10.0,2.0,6.000000000000003e-06,20000.0,2e-10,5,1.0,0.7600332258542345,0.004962568334382161,0.7616655602798615,0.005553570242901293,0.7119613479775244,1.1063015261262379,1.1146348116700078,1.105769656948079,1.114101458302954,1.1005820043765104,1.1088975762997042,1.0588092730711687,1.0668906344740483,0.9163815786954743,0.9235355861476181,0.7883568818654949,0.7947393268267379,0.7600332258542345,0.7616655602798615,0.7645600827046245,0.7637698065836646,0.768919557388391,0.7664328363014726,0.8385680501239691,0.835122578410307,0.8302695335869232,0.015000000000000013,0.16799597142736353,20.0,6.869945437562307e+18,3.085459882033676e+17,13.739890875124615,0.6170919764067353,0.030919700752645295,0.0033921553709994673,0.20483618661488492,0.23182379451966173,0.9118007759471685,0.04208,0.02104,0.4693953976675849,0.159676585925019,0.013096194869372956,35.8421207342694,165.98435258141106,7.454761694832338,2,0.001,40
bits,hyb,500,S4,PAT,3,100,1.9165971279144287,sample,10,2e-17,8.700645497080108,1.9608051540537208,6.000000000000003e-06,20000.0,9.463197176147037e-11,5,1.0,0.758679501764105,0.004989751871788314,0.7503916070212526,0.011274131971273601,0.6867174020172396,1.0765038223228887,1.0469728969277847,1.0762780735842725,1.0467456253262373,1.0740432996220508,1.0444957487600426,1.0537229515840507,1.024037013852496,0.946208312835289,0.9161004061028063,0.7981219122172931,0.7747466819252012,0.758679501764105,0.7503916070212526,0.7813635944448658,0.7779364687835829,0.7904181177913298,0.7860202761613364,0.8371663388714243,0.8310525145206322,0.7223880878765866,0.032335450904926746,0.2445478585196984,17.060270534268973,7.037526398431035e+18,6.471610352221934e+17,16.177021350410826,1.4876161439731739,0.02356300740079099,0.0034124494820730444,0.38233631631224846,0.2671288804204463,0.9404832641319066,0.0956,0.03156,0.4359448128976512,0.228672313259142,0.017299306225848153,25.20013272244839,170.033266440709,15.636020172728964,3,0.0009804025770268603,40
bits,hyb,500,S4,XOR,1,100,2.251249074935913,sample,10,2e-17,10.0,2.0,6.000000000000003e-06,11925.007004130906,2.4775099825678264e-11,4,0.1,0.8396708449491758,0.015041783497527281,0.8234933605558632,0.03577649179676585,0.6319639363522879,1.0106691314481486,1.0051449935043846,1.0105985447880546,1.0050738464659126,1.0098953358195653,1.0043649760611804,1.003118389600647,0.9975259567867759,0.9534768934692661,0.9469279209324716,0.8396708449491758,0.8234933605558632,0.8638243448143786,0.8384124830088963,0.9581954464659368,0.9409073203993354,0.9820876291102607,0.9688468829572987,0.9907178133028447,0.9847815029909542,0.8302695335869232,0.12108932037039216,0.4533031284468645,20.0,5.259037780514211e+18,1.4544309680509315e+18,10.518075561028423,2.9088619361018635,0.01279144692684204,0.004341002950976961,0.6479379873953482,0.18077870026689954,0.913056469615222,0.24408,0.03052,0.2421717727809389,0.16635026536950273,0.01957215904646559,12.373278400507948,127.0633062712611,35.140422118396096,12,0.001,40
bits,hyb,500,S4,XOR,2,100,2.6157360076904297,sample,10,2e-17,10.0,2.0,6.000000000000003e-06,20000.0,3.3936478562101115e-11,5,0.1,0.8431038057492121,0.017291784823231144,0.8049401381001069,0.024132768715607718,0.6072135910772632,1.0884594110411678,1.054709062760578,1.0883258620311036,1.0545728195335475,1.0869979346653758,1.0532181093369737,1.0744288090197514,1.0403960586675478,0.9924495368884779,0.9567708138204551,0.8431038057492121,0.8049401381001069,0.8565096286865609,0.8288471449505643,0.9525105128378437,0.9345881256217087,0.9778474048439566,0.9630391674158721,0.986256969329076,0.9799163977318424,0.8302695335869232,0.0884004506982136,0.39343093591320477,20.0,8.124694333759303e+18,1.779963116230208e+18,16.24938866751861,3.5599262324604166,0.01096508966396619,0.002898653451652597,0.6561413949015416,0.1979557522004687,0.9414226780058218,0.28452,0.104,0.2625823151836033,0.18327268165840074,0.01901143695655382,13.81180790193154,196.3002677630314,43.00558543753099,9,0.001,40
bits,hyb,500,S4,XOR,3,100,2.10341477394104,sample,10,2e-17,10.0,1.7465095508249022,6.000000000000003e-06,20000.0,3.0063460039205296e-11,3,0.1,0.8043878711706463,0.010369906370994853,0.7913420558389369,0.02486542862147117,0.6664511245910159,0.8941911969095223,0.8897476687143394,0.8941576892513673,0.8897112779872636,0.8938236106148267,0.8893484614119129,0.8905795958177274,0.8858260212050066,0.8655375483387667,0.858658928490755,0.8043878711706463,0.7913420558389369,0.8541589890221353,0.8382963541511416,0.9492123179949165,0.9335638350155697,0.9709365670387594,0.9570607537076746,0.9831111633483369,0.9750929862935616,0.8302695335869232,0.11427239319518914,0.4417924112324242,17.46509550824902,8.656310493113555e+18,2.2898230102959698e+18,17.312620986227113,4.57964602059194,0.010261772621803524,0.0031266446685337007,0.7240502295704205,0.1677759896516906,0.9452465226367056,0.40672,0.14992,0.21160445423066113,0.1568295831682696,0.01816772210606084,11.647274930524661,209.14461490293277,55.32428071580986,11,0.0009980054576142299,35
bits,hyb,50000,S0,NARMA,1,5,2.597162961959839,sample,10,1e-18,1.0,1.25,7.07e-06,10100.0,3.16e-11,5,0.01,0.7400071667248423,0.008777258057028347,0.7386698977149935,0.014621398204036042,0.6977495445390537,1.0156642353947716,1.0101646756298979,0.9358646793376405,0.932752597010045,0.8073768541128423,0.8069133892789317,0.7522619377936393,0.749451040061668,0.7400071667248423,0.7386698977149935,0.7521398988979546,0.7615516398071815,0.7793254934047533,0.8012355664737558,0.7945031608664105,0.8168209190057663,0.8227335950452488,0.846722344326954,0.8655594033497727,0.8762889874994546,1.6605390671738465,0.21090675105485235,0.5736407405901451,1.25,3.2071893147245215e+18,1.2746070024575383e+18,3.207189314724522,1.2746070024575384,0.35170910805060446,0.19015070160977113,0.5494702876739965,0.07064763215130941,0.7063545485513585,0.0,0.0,0.10280657043542607,0.06149750017336044,0.0022022226828553376,46.68309487309888,77.48871469923388,30.795705733249317,21,0.001,25
bits,hyb,50000,S0,NARMA,2,5,2.2745308876037598,sample,10,1e-18,1.0,1.25,7.07e-06,10100.0,3.16e-11,5,0.01,0.736920917119371,0.004620399523875282,0.7335598863740245,0.01543229973969807,0.690703317369125,0.9905189187699751,0.985396645949938,0.9167408124768878,0.9159014151845504,0.7971598999298011,0.7978436862561654,0.7476909394843018,0.7470969854987005,0.736920917119371,0.7335598863740245,0.7506708243854133,0.7580333508159175,0.778808109867444,0.8007224407429128,0.794319666736742,0.8169131695153397,0.8227260711544769,0.8468999012012297,0.8655988628435713,0.8765802934589502,1.6605390671738465,0.21090675105485235,0.5736407405901451,1.25,3.2071893147245215e+18,1.2746070024575383e+18,3.207189314724522,1.2746070024575384,0.35170910805060446,0.19015070160977113,0.5494702876739965,0.07064763215130941,0.7063545485513585,0.0,0.0,0.10280657043542607,0.06149750017336044,0.0022022226828553376,46.68309487309888,77.48871469923388,30.795705733249317,21,0.001,25
bits,hyb,50000,S0,NARMA,3,5,2.2569079399108887,sample,10,1e-18,1.0,1.25,7.07e-06,10100.0,3.16e-11,5,0.01,0.7435970154143986,0.009779376807129163,0.7320117079866251,0.01392457190230996,0.6948699902533125,1.027251178715916,0.9648557049620747,0.9482901183618495,0.8932845592793963,0.8140909649016473,0.7834251053448266,0.7550352964222115,0.7419889729125642,0.7435970154143986,0.7320117079866251,0.7539991908049474,0.7578669450329271,0.7797808513304685,0.800815726029547,0.7948740739279267,0.8170699939219105,0.8231602992645207,0.8469845942408559,0.8659773808176237,0.8765724878781652,1.6605390671738465,0.21090675105485235,0.5736407405901451,1.25,3.2071893147245215e+18,1.2746070024575383e+18,3.207189314724522,1.2746070024575384,0.35170910805060446,0.19015070160977113,0.5494702876739965,0.07064763215130941,0.7063545485513585,0.0,0.0,0.10280657043542607,0.06149750017336044,0.0022022226828553376,46.68309487309888,77.48871469923388,30.795705733249317,21,0.001,25
bits,hyb,50000,S0,PAT,1,5,2.315047025680542,sample,10,1e-18,1.0,1.25,7.07e-06,10100.0,3.16e-11,3,0.01,0.7611594100390194,0.008635282051074918,0.7547084602054775,0.011603239557421048,0.7327797437278972,0.9055665662116684,0.9073247323560502,0.8738559503155814,0.8741321682287246,0.798510664738626,0.7945512169602124,0.7626282136207619,0.7552043354203123,0.7611594100390194,0.7547084602054775,0.787061460840343,0.7834580643413901,0.8046299825975816,0.8018327254749102,0.8097433867366265,0.8061432325488834,0.8559877964920911,0.8520195979647577,0.9556233918027882,0.9536985842141117,1.6605390671738465,0.21090675105485235,0.5736407405901451,1.25,3.432706575721471e+18,1.3122840567621668e+18,3.4327065757214714,1.312284056762167,0.34597825369267987,0.18047664250589185,0.5333417542457717,0.13282068353704105,0.7366379315932347,0.0,0.0,0.1456259050852945,0.1222191829300508,0.0021485372793244376,67.7790916111465,82.93742413990071,31.7060188533121,21,0.001,25
bits,hyb,50000,S0,PAT,2,5,2.4417998790740967,sample,10,1e-18,1.0,1.25,7.07e-06,10100.0,3.16e-11,3,0.01,0.7609188970931711,0.003982514899274235,0.763722964859509,0.01192978768550125,0.7353955750685153,0.8943963928606898,0.8989114427129301,0.8667889428509327,0.8694413387417779,0.7996255941217779,0.8000022398203782,0.7632033480201257,0.7667129842523185,0.7609188970931711,0.763722964859509,0.7876331800851207,0.7866084017337399,0.8048855751914443,0.8025859457990892,0.8098800094776302,0.8065546238433745,0.8559661148152035,0.8522660973016185,0.9555601653159294,0.9537213889112977,1.6605390671738465,0.21090675105485235,0.5736407405901451,1.25,3.432706575721471e+18,1.3122840567621668e+18,3.4327065757214714,1.312284056762167,0.34597825369267987,0.18047664250589185,0.5333417542457717,0.13282068353704105,0.7366379315932347,0.0,0.0,0.1456259050852945,0.1222191829300508,0.0021485372793244376,67.7790916111465,82.93742413990071,31.7060188533121,21,0.001,25
bits,hyb,50000,S0,PAT,3,5,2.5264248847961426,sample,10,1e-18,1.0,1.25,7.07e-06,10100.0,3.16e-11,3,0.01,0.7640939899796664,0.008193384692940446,0.7660300979095916,0.013425582201008276,0.7330139272100544,0.9114835381567048,0.9295885326083242,0.8814221568877402,0.896930382461863,0.8088916764519413,0.817465934821997,0.7683648693775162,0.7732443193762072,0.7640939899796664,0.7660300979095916,0.7884780834197409,0.7874304774499853,0.8049586392245244,0.8028645067880937,0.8098340372829789,0.8067267894006752,0.8559189768729617,0.8522769243226186,0.9555627786229692,0.9537138793251444,1.6605390671738465,0.21090675105485235,0.5736407405901451,1.25,3.432706575721471e+18,1.3122840567621668e+18,3.4327065757214714,1.312284056762167,0.34597825369267987,0.18047664250589185,0.5333417542457717,0.13282068353704105,0.7366379315932347,0.0,0.0,0.1456259050852945,0.1222191829300508,0.0021485372793244376,67.7790916111465,82.93742413990071,31.7060188533121,21,0.001,25
bits,hyb,50000,S0,XOR,1,5,2.329056978225708,sample,10,1e-18,1.0,1.25,7.07e-06,10100.0,3.16e-11,2,0.001,0.9292949150870798,0.017920082520854953,0.8987096711845066,0.029587036098824546,0.8657913969841339,1.0228407244959132,0.9978179311231617,1.0049749663290926,0.9785303500119426,0.9562107230270185,0.9262116797340489,0.9292949150870798,0.8987096711845066,0.9379897607895564,0.9147412749876865,0.9727918006153891,0.9575732652509445,0.9893299317073412,0.9768972666602386,0.9926452101255336,0.9805307713225337,0.997693472286991,0.9859271239175849,1.0054791120016517,0.9974292205028746,1.6605390671738465,0.21090675105485235,0.5736407405901451,1.25,3.432706575721471e+18,1.3122840567621668e+18,3.4327065757214714,1.312284056762167,0.34597825369267987,0.18047664250589185,0.5333417542457717,0.13282068353704105,0.7366379315932347,0.0,0.0,0.1456259050852945,0.1222191829300508,0.0021485372793244376,67.7790916111465,82.93742413990071,31.7060188533121,21,0.001,25
bits,hyb,50000,S0,XOR,2,5,2.3730521202087402,sample,10,1e-18,1.0,1.25,7.07e-06,10100.0,3.16e-11,2,0.001,0.921700054597298,0.017448862106902243,0.9074067861287304,0.019282542255451056,0.8719121273601486,1.0045297316327826,0.988044178952789,0.9884349182068162,0.9716749157990211,0.9439697354119746,0.9267100454527902,0.921700054597298,0.9074067861287304,0.9363717552336235,0.9226710273484955,0.9730308952879876,0.9600395980105632,0.9892776698998329,0.9771617135307469,0.9925147851665047,0.9804826226125429,0.9975650029300482,0.9858415376616196,1.0053982332011426,0.997362286501092,1.6605390671738465,0.21090675105485235,0.5736407405901451,1.25,3.432706575721471e+18,1.3122840567621668e+18,3.4327065757214714,1.312284056762167,0.34597825369267987,0.18047664250589185,0.5333417542457717,0.13282068353704105,0.7366379315932347,0.0,0.0,0.1456259050852945,0.1222191829300508,0.0021485372793244376,67.7790916111465,82.93742413990071,31.7060188533121,21,0.001,25
bits,hyb,50000,S0,XOR,3,5,2.442317008972168,sample,10,1e-18,1.0,1.25,7.07e-06,10100.0,3.16e-11,2,0.001,0.9301772446735391,0.015403024511461081,0.9165578773215591,0.01786177673576865,0.8721240708995015,1.017245250381587,1.0268806760354672,1.000745254424778,1.008294390765854,0.9540662186335223,0.9523663559312299,0.9301772446735391,0.9165578773215591,0.9412744828895221,0.9246034687720041,0.9745924374077068,0.960520772553585,0.9894991650350494,0.9772399966670452,0.9925172123611425,0.9804526068570991,0.997546699439235,0.9858041530639593,1.005384058713318,0.9973462180792249,1.6605390671738465,0.21090675105485235,0.5736407405901451,1.25,3.432706575721471e+18,1.3122840567621668e+18,3.4327065757214714,1.312284056762167,0.34597825369267987,0.18047664250589185,0.5333417542457717,0.13282068353704105,0.7366379315932347,0.0,0.0,0.1456259050852945,0.1222191829300508,0.0021485372793244376,67.7790916111465,82.93742413990071,31.7060188533121,21,0.001,25
bits,hyb,50000,S1,NARMA,1,100,0.8243660926818848,sample,10,8.681359058838524e-18,7.272565948643169,1.25,7.07e-06,10100.0,3.16e-11,5,0.01,0.7218762861409672,0.006543858776656373,0.7287999516764845,0.00998935845317015,0.6607501940804151,0.9989564602706675,0.9842484510825388,0.9812928375645708,0.96716287028994,0.8876435621711029,0.8760407548261707,0.7619084328402699,0.7596157557773592,0.7218762861409672,0.7287999516764845,0.7277968535264935,0.7432929126120199,0.7565706878402307,0.7786788341368028,0.7856748860739156,0.8073859478474936,0.8153327323453041,0.8397304067783473,0.8642250188911147,0.8758452190119714,1.3910701993169148,0.21090675105485235,0.5736407405901451,9.09070743580396,3.2071893147245215e+18,1.2746070024575383e+18,3.8284646997238196,1.5215153943441664,0.04362552785822241,0.022782073996976734,0.5827973781446637,0.09066556984759999,0.7850877435008053,0.0,0.0,0.18921129913075777,0.06895528290499711,0.002166053670640058,87.35300592752476,77.48871469923388,30.795705733249317,21,0.001,25
bits,hyb,50000,S1,NARMA,2,100,1.7247872352600098,sample,10,5.065003288468587e-20,0.10270063703516376,1.25,7.07e-06,10100.0,3.16e-11,5,0.001,0.7075120094665762,0.005601438059303338,0.7118134557349707,0.007787946777484796,0.6513395973888406,0.8563465481727517,0.867761670785616,0.7529893305070047,0.7569775513705882,0.7128520678598276,0.7164320739606805,0.7075120094665762,0.7118134557349707,0.7089159325600884,0.714172345738003,0.7117208978560216,0.718277350950439,0.7403380785584059,0.7490297840288827,0.8189465281394458,0.8283616414048247,0.866587106454906,0.8726901562075444,0.8967816872206169,0.8799797851358109,3.366995247738392,0.21090675105485235,0.5736407405901451,0.1283757962939547,3.2071893147245215e+18,1.2746070024575383e+18,1.5817257706258505,0.6286123285430141,4.782986239965071,3.017218345297139,0.38445256897224644,0.03136521910885917,0.4620329855132179,0.0,0.0,0.012515432459049222,0.031033476670545925,0.0021707304954332526,5.76553952016567,77.48871469923388,30.795705733249317,21,0.001,25
bits,hyb,50000,S1,NARMA,3,100,1.8462560176849365,sample,10,5.055569432323021e-20,0.10041332325769663,1.25,7.07e-06,10100.0,3.16e-11,5,0.001,0.7060434426746729,0.006022524442062493,0.7074609564323627,0.004315150400069239,0.6533695897018619,0.8720582049479347,0.8772234670788535,0.7515528281012726,0.75018202647839,0.7101853392863401,0.7080823767007892,0.7060434426746729,0.7074609564323627,0.7082209057055564,0.7121780230698338,0.7114624815680312,0.7170835421010656,0.7405779794983481,0.7488749618367634,0.8198589403478446,0.8298062390831668,0.8674202764299386,0.874345137514845,0.8965182549896309,0.8808065737030832,3.2981496617987256,0.21090675105485235,0.5736407405901451,0.1255166540721208,3.2071893147245215e+18,1.2746070024575383e+18,1.6147427191093888,0.6417339841757789,4.852838719615855,3.0469805642794165,0.3893448440549601,0.03136595789008568,0.46663526426693586,0.0,0.0,0.012403828166511954,0.031040059289739113,0.002175845683532766,5.700692958322642,77.48871469923388,30.795705733249317,21,0.001,25
bits,hyb,50000,S1,PAT,1,100,0.6761400699615479,sample,10,7.565513533494993e-18,10.0,1.25,7.07e-06,10100.0,3.16e-11,4,0.01,0.6718209172681265,0.005972053444288048,0.6814561575131661,0.011537537522932562,0.6281816435607763,0.8719680298624454,0.879096645877843,0.862279154987125,0.8692794855740316,0.8031289981195384,0.8099562541583056,0.7067629221247984,0.717714890923822,0.6718209172681265,0.6814561575131661,0.6925333719857079,0.6941916695139018,0.765782522725914,0.7628975605657945,0.7949634954406879,0.7910885111773538,0.8164966702757696,0.8092285886647756,0.9218080932475325,0.9171774723937295,2.19487951455258,0.21090675105485235,0.5736407405901451,12.5,3.432706575721471e+18,1.3122840567621668e+18,2.5970188055138044,0.9928102791223885,0.04014431320337785,0.0222406399091852,0.45586139063824904,0.15053323146803385,0.7199137026766955,0.0,0.0,0.2044955912755092,0.13492907667846585,0.0021181235586927305,96.54563844317013,82.93742413990071,31.7060188533121,21,0.001,25
bits,hyb,50000,S1,PAT,2,100,0.6427381038665771,sample,10,9.919022133499835e-18,10.0,1.25,7.07e-06,10100.0,3.16e-11,3,0.01,0.6718405067825731,0.004159898784948697,0.675379220933226,0.007811730059058609,0.649806562663354,0.8118191535936414,0.8401680143721982,0.8069411600761708,0.8350199349571705,0.7723551984559489,0.7980745630452993,0.6982609756238782,0.7136389268988993,0.6718405067825731,0.675379220933226,0.693032103252258,0.6903812331130827,0.7660726417224106,0.7626313561647993,0.8004804042374403,0.797945418709668,0.8320533657675664,0.8297613821995654,0.9273317009291354,0.9240146527807859,1.6740955356533123,0.21090675105485235,0.5736407405901451,12.5,3.432706575721471e+18,1.3122840567621668e+18,3.40490925023917,1.3016574604462887,0.03475756118136193,0.018161554632630923,0.5169357633711272,0.15354879825783116,0.7719475343548744,0.0,0.0,0.20460130337259244,0.13862503790702238,0.0021234022609350777,96.35541373234322,82.93742413990071,31.7060188533121,21,0.001,25
bits,hyb,50000,S1,PAT,3,100,0.6386549472808838,sample,10,5.699927194271379e-18,8.648995256908398,1.25,7.07e-06,10100.0,3.16e-11,4,0.01,0.6649365208852782,0.007615575902414421,0.6747890667481607,0.007143207360526824,0.6235346693416685,0.8758007785818858,0.8750812266059864,0.863359230860126,0.863542575324477,0.793691320626545,0.7993185345025371,0.6947137074082483,0.7065882960306713,0.6649365208852782,0.6747890667481607,0.6944256719900398,0.6960403659555973,0.7675798385498898,0.7648746587820527,0.7920615445139024,0.7885670774222346,0.8139869969018498,0.8071538943289778,0.9225545302179121,0.9182752346974606,2.5196803443966775,0.21090675105485235,0.5736407405901451,10.811244071135498,3.432706575721471e+18,1.3122840567621668e+18,2.2622486172923364,0.8648315046505362,0.049600348789818255,0.028353538897866105,0.4253074869370267,0.14703189081502605,0.6901178534801738,0.0,0.0,0.20082069865007862,0.13132165328237913,0.0021040244379388617,95.44599151462613,82.93742413990071,31.7060188533121,21,0.001,25
bits,hyb,50000,S1,XOR,1,100,0.6844499111175537,sample,10,9.299938321884843e-18,10.0,1.25,7.07e-06,10100.0,3.16e-11,5,0.01,0.4229275523184043,0.010211871291494406,0.40464967921993117,0.012431766016716365,0.3925686122359491,0.5999853255987802,0.5759929843987501,0.5893446764480889,0.5651203765016934,0.5298655640019541,0.504994101292628,0.44403356544754463,0.4226271664156214,0.4229275523184043,0.40464967921993117,0.5495213505941623,0.5268680056301573,0.8774862008376048,0.8617402037373736,0.9812455931563415,0.9685267454058278,0.9966256378442363,0.9872632124392686,1.0007290366253399,1.000129904912464,1.7855377204666243,0.21090675105485235,0.5736407405901451,12.5,3.432706575721471e+18,1.3122840567621668e+18,3.1923959431338202,1.220416078868098,0.03602928332278228,0.01908216711520809,0.5023992940986013,0.15321697216498148,0.7602471788275923,0.0,0.0,0.20513708001409506,0.13809171524851993,0.002125030909421586,96.53369233576535,82.93742413990071,31.7060188533121,21,0.001,25
bits,hyb,50000,S1,XOR,2,100,0.6315248012542725,sample,10,9.53034712811808e-18,10.0,1.25,7.07e-06,10100.0,3.16e-11,3,0.01,0.4204115382292707,0.012863233891311495,0.40857786206188906,0.01020160495632107,0.4155692167957425,0.4985055199163774,0.4921892316906457,0.4956772676835263,0.48941026279799366,0.4753364587530845,0.46940193384800766,0.4299333583912591,0.4233643022790128,0.4204115382292707,0.40857786206188906,0.5507919048812113,0.5275168185902402,0.8781557106140279,0.8621370995177241,0.9815836156722243,0.9694490585959386,0.9985850586799356,0.9881291239654072,1.003710605574244,0.9975346408422574,1.74236997336082,0.21090675105485235,0.5736407405901451,12.5,3.432706575721471e+18,1.3122840567621668e+18,3.271488525559917,1.250652259163846,0.03554525123739964,0.018728834110472863,0.5079222750671308,0.1533716523903192,0.7647410538116252,0.0,0.0,0.20497482965563302,0.1383201908481008,0.0021246241290621424,96.47580805086385,82.93742413990071,31.7060188533121,21,0.001,25
bits,hyb,50000,S1,XOR,3,100,0.659074068069458,sample,10,1.1240648689689746e-17,10.0,1.25,7.07e-06,10100.0,3.16e-11,3,0.01,0.4254731877006166,0.005975707164880064,0.4121824123860655,0.01254708149784323,0.41725511679020794,0.5109005985161039,0.505206250688546,0.5079114996798211,0.502190003134501,0.4865823774638627,0.48058343206139387,0.43896125391275104,0.43147706123073915,0.4254731877006166,0.4121824123860655,0.5392406534653562,0.5137727595199718,0.8638527930782741,0.8464706107745075,0.9772452578047707,0.964503194283707,0.9949600209036126,0.9841739604602043,1.0006619514986632,0.9944223536045312,1.4772626678538063,0.21090675105485235,0.5736407405901451,12.5,3.432706575721471e+18,1.3122840567621668e+18,3.8585848672472927,1.4750924063144395,0.03232202555181557,0.016465699825333142,0.5450274524483744,0.15349789165189126,0.7934321876252473,0.0,0.0,0.20257209070830917,0.13902747128113122,0.0021151431517434636,95.77228403729255,82.93742413990071,31.7060188533121,21,0.001,25
bits,hyb,50000,S4,NARMA,1,100,1.7656350135803223,sample,10,1.6549223591275231e-18,0.1,1.4111261460822246,2.7400520833998754e-05,10423.250913879598,2e-10,5,0.001,0.6832444812297058,0.007215357276646401,0.6875989818297595,0.007916821645338369,0.6321197262126087,0.8681783812122081,0.871782849281119,0.7470831229719538,0.752213100211133,0.6952239065149957,0.6984564732449015,0.6832444812297058,0.6875989818297595,0.690133090230927,0.695265376518723,0.7031264938657176,0.709535180030272,0.7443506709317496,0.7523070147929826,0.8389557079814611,0.8500527476138862,0.8837861634476016,0.8928920599407807,0.9040496324083426,0.8942078764967523,0.10033939405165115,0.44337433619881605,0.7512166643907132,0.14111261460822247,8.576373592737096e+16,4.74767017516221e+16,1.4193232418851465,0.7857025526638824,3.968487729205125,2.9291409041873324,0.4383764717861006,0.030472044460127003,0.5125161927789968,0.0,0.0,0.009023556136554544,0.030279609660630386,0.0022147519253153353,4.0742965536737366,2.072132640971745,1.1470818326819159,44,0.000973190445573948,29
bits,hyb,50000,S4,NARMA,2,100,1.1260507106781006,sample,10,2e-17,10.0,2.0,3.4029313701971384e-05,17709.67818490137,6.084513791829778e-11,3,0.1,0.7002363222634524,0.0016980547287127415,0.7428434346394355,0.0021222006776747673,0.7032037991224949,0.8353221513928281,0.8705299374875224,0.8306482362333212,0.8659038618557509,0.7995306258588275,0.8349935068708108,0.737745471129445,0.7733331559197476,0.7078344707950092,0.7455966693641258,0.7002363222634524,0.7428434346394355,0.7295813287816147,0.7690762786662872,0.8139267143572887,0.8381842645614382,0.8609164268904822,0.8710601163996585,1.1192144037183616,1.0485188149450064,0.8302695335869232,1.585985655065981,0.9708368555961941,20.0,2.031138896467889e+17,1.5015045115207434e+17,0.40622777929357784,0.3003009023041487,0.03845263808661472,0.03555611739167721,0.23044308534256897,0.019730856705354516,0.282558677302663,0.0,0.0,0.009679996367313988,0.019422883047953515,0.0018803535572186564,5.147966099328815,4.907422887084416,3.6277763267254204,159,0.001,40
bits,hyb,50000,S4,NARMA,3,100,1.4005329608917236,sample,10,1.0573056635321535e-19,0.1,2.0,3.4963263219885176e-05,13990.660599764507,2e-10,5,0.0001,0.7023810168056774,0.007960678285588822,0.7153267582293383,0.012999948318438186,0.6391579945881756,0.7698465097665588,0.7705464953723076,0.713467462062199,0.725874177320048,0.7023810168056774,0.7153267582293383,0.7079308285700727,0.7196327925286411,0.7303670513731959,0.741408150013846,0.7940251396311727,0.8044831352696621,0.8493515205307004,0.8563807580485253,0.9212154153609735,0.9224262549904809,1.0793788035729943,1.007664943474425,2.5123633551324023,2.3288778941553034,1.5705383262834935,0.5093457395762397,0.7835927376122632,0.2,6.077957469499447e+16,3.51775730699209e+16,0.0642625885520932,0.037193447236143526,4.820701493365319,4.698088661372936,0.035838974634250204,0.003929722075058872,0.04572010301804891,0.0,0.0,0.0009576369818820632,0.003913333505172535,0.0008299561859650728,1.1538404051637052,1.4684917729858862,0.8499232991678539,51,0.001,40
bits,hyb,50000,S4,PAT,1,100,1.0659141540527344,sample,10,2e-17,3.1960243236809824,1.3702678901280803,6.000000000000003e-06,20000.0,2e-10,5,0.001,0.38223523424191513,0.012735220116199276,0.38174630799091963,0.017437708860665157,0.3022835812430459,0.5136314514242375,0.5110445949514997,0.48873143901791105,0.48798578256550185,0.42230573727699106,0.42498069542398975,0.38223523424191513,0.38174630799091963,0.39102370671786885,0.3881516221746816,0.5349827603095557,0.5384479665481946,0.7330000842376647,0.7360677938257172,0.7844306590748853,0.783156410799149,0.7962946895983125,0.7915812056629795,0.8344176978070535,0.8270080209546352,0.26535616245550714,0.02189352915304459,0.2022670915360645,4.379409506808364,6.908348549868958e+18,4.377631739554253e+17,43.23088844275347,2.739423293570162,0.06106323579046857,0.0051624847326134935,0.45191913024282476,0.3017653209921419,0.9721184228086996,0.16352,0.07364,0.44474483084766653,0.27349508758952557,0.0016681589181247998,266.60819063186756,166.91220794667763,10.57677061242539,2,0.0009787627786629145,28
bits,hyb,50000,S4,PAT,2,100,1.0283191204071045,sample,10,2e-17,3.5101538732499646,1.4778623539249711,6.175436705432699e-06,20000.0,2e-10,5,0.001,0.3850050827291448,0.006949878350465858,0.38052565288194323,0.020935039200656015,0.3029032383456846,0.5229714509710784,0.5101523583640739,0.498511418937269,0.4873592920658577,0.42895692167312766,0.4225113667989936,0.3850050827291448,0.38052565288194323,0.38917094022269827,0.3851769036011278,0.5291149336881626,0.5325841948122082,0.7267648775552564,0.729704720381033,0.7784779514232707,0.7772562069778217,0.7891200239981022,0.7849155703969045,0.829098915073988,0.8224174636985037,0.29143738191615803,0.021504042872870947,0.2004985542805263,5.1875242657600475,6.334327522011327e+18,3.9494732988660704e+17,36.0914521171491,2.2503134856645763,0.05930818164443688,0.0051971592268837295,0.4176580709285088,0.2968350255235969,0.9666597763950135,0.14248,0.06312,0.45306063555827675,0.26415483737320444,0.0016501454352932023,274.5580031118746,153.0433192425378,9.542299491427496,2,0.000985241569283314,30
bits,hyb,50000,S4,PAT,3,100,1.8904900550842285,sample,10,2e-17,2.1416582977973677,1.8471102837001079,6.458404012809338e-06,20000.0,2e-10,4,0.001,0.3989598171835883,0.004585522088002808,0.39929729469178377,0.016541073073804907,0.32905827564970414,0.5011391667576788,0.5131083566373895,0.4855930496172629,0.49576241993642267,0.4345401859054408,0.43956817111268454,0.3989598171835883,0.39929729469178377,0.40970301156470973,0.40714286653342285,0.561039514879815,0.5614291743523941,0.740345786638583,0.7397016957108299,0.7848375554386692,0.7827188473715934,0.7945201181887627,0.7914441085289742,0.8337975094007393,0.8285803077856839,0.17781536360147845,0.018818124884381043,0.18780965279248676,3.955879066033186,5.525116613412633e+18,3.0536448761776275e+17,51.59662135733839,2.8516639459415267,0.06563093709023506,0.0048061701988685885,0.45142833472607496,0.3015688867576987,0.9750606764285218,0.16352,0.07936,0.447235851280868,0.2724259969173206,0.001671090816864323,267.6310866934645,133.49202149406108,7.37789364402488,2,0.0009984379911892475,37
bits,hyb,50000,S4,XOR,1,100,0.7044751644134521,sample,10,2e-17,10.0,1.1788135954176666,1.0059903199751648e-05,20000.0,7.231009815940687e-11,5,0.01,0.4246488525440298,0.005129731608386082,0.4117566494892356,0.01164714981814737,0.4001982468070663,0.5924977529833766,0.5919604525005072,0.5825641160283384,0.5820818984172977,0.5274392350163846,0.5263222013460747,0.44634286299158854,0.44050967258302176,0.4246488525440298,0.4117566494892356,0.517742739645475,0.4968341482669115,0.8437333428583675,0.8266794774310474,0.9715578812609607,0.9576028240987595,0.990057802995109,0.9790504950505022,0.9960022320411058,0.993838471013149,0.8302695335869232,0.1978756097470056,0.5589799366175603,11.788135954176667,2.2843643500702226e+18,8.436602207560813e+17,4.568728700140446,1.6873204415121628,0.03156715250094479,0.015233468671939655,0.5704862740442014,0.15873852955474949,0.8196138647564747,0.02288,0.0,0.20766981168048784,0.144399305995455,0.0020921104249498855,99.26331287482704,55.192394343237154,20.383625578047898,20,0.0009823446628480555,24
bits,hyb,50000,S4,XOR,2,100,1.019468069076538,sample,10,1.3124746221503018e-17,10.0,2.0,1.0052775292967657e-05,20000.0,4.9627086375118884e-11,4,0.01,0.36412894216912695,0.010026357977624262,0.3589912848914558,0.008654129006070793,0.3462765908017128,0.4629586641118645,0.44844054067908334,0.45926461179945105,0.44496337315259255,0.43334916665638534,0.42071774885295926,0.3771580291795721,0.3697278325351097,0.36412894216912695,0.3589912848914558,0.5105746372815507,0.49598834589924995,0.8711680094379259,0.8579799644237515,0.9834033679522397,0.9724645097809728,1.0038869073079941,0.9954622839626055,1.0097634033414964,1.0077623459825742,1.2651970858326322,0.16969612509424511,0.524466242056886,20.0,2.1321322276413343e+18,7.24797492005525e+17,2.798369439848041,0.9512783144554378,0.025624227784212316,0.013163543144449983,0.4346947562391636,0.16678949900384732,0.7358132037262708,0.0,0.0,0.23578490242836397,0.14846980557965098,0.0020792279285714783,113.40021898915077,51.51432287773522,17.511790094486674,17,0.001,40
bits,hyb,50000,S4,XOR,3,100,1.1208958625793457,sample,10,1.108558452020288e-17,10.0,2.0,7.5425298646927e-06,10034.692677691737,2.8195686469737773e-11,4,0.01,0.3752672999560342,0.0078766248222435,0.3680259580208843,0.017654142541293025,0.35679758048802446,0.4746010546723885,0.4597560161136053,0.47082869376710973,0.45619339975410095,0.4448499981294006,0.43190293253861356,0.38973028576227486,0.38162098314995757,0.3752672999560342,0.3680259580208843,0.5228218018745553,0.5072857176149617,0.8771843707759835,0.864125858228963,0.9844541107118239,0.9736213229204973,1.0041650133046012,0.9957974002491742,1.0097025629581102,1.0076965293474056,1.497926486553419,0.1681396574048086,0.5224351273285706,20.0,2.523740454688588e+18,8.57549406916597e+17,2.7977138117505587,0.9506436430623788,0.025632565014029617,0.013165815666597707,0.4350738306660282,0.16549885718397214,0.7357402515052044,0.0,0.0,0.23595936608807866,0.14690451040761035,0.0020820047988904214,113.33276763522845,60.975946499458935,20.719201397927176,17,0.001,40
