task,set,N_R,protocol,objective,held,Mp,tau_over_T,L,lam
MG,S0,0,meanfield,0.12154098398610672,0.12945343537616683,,,,
SINE,S0,0,meanfield,0.2928940114292218,0.2974288948781531,,,,
MGCUBED,S0,0,meanfield,0.3464571269528046,0.39571283151856046,,,,
MG,S1,0,meanfield,0.08834456767689301,0.09575238389875625,,,,
SINE,S1,0,meanfield,0.25586363935958933,0.2596733521030466,,,,
MGCUBED,S1,0,meanfield,0.29860077464888274,0.34847179058171085,,,,
MG,S4,0,meanfield,0.08723843001672561,0.09424198339513142,,,,
SINE,S4,0,meanfield,0.23120978366268727,0.23653707927402026,,,,
MGCUBED,S4,0,meanfield,0.28470242971096554,0.3370092390793476,,,,
MG,S0,500,retrained,0.6869670901631119,0.69514716537621,,,,
MG,S0,2000,retrained,0.625075411560033,0.6283548739191135,,,,
MG,S0,5000,retrained,0.565760325932516,0.5573516597969516,,,,
MG,S0,20000,retrained,0.4519837623621449,0.4546615421712027,,,,
MG,S0,50000,retrained,0.38704116159500224,0.39216940104340237,,,,
MG,S0,200000,retrained,0.32489405975038743,0.32736694882952944,,,,
MG,S0,500000,retrained,0.2980163941063405,0.3053531997043169,,,,
SINE,S0,500,retrained,0.5312401453547395,0.5663578388979478,,,,
SINE,S0,2000,retrained,0.4913883609913001,0.5111544749989545,,,,
SINE,S0,5000,retrained,0.46030798456332583,0.4700831637598118,,,,
SINE,S0,20000,retrained,0.4234784100645268,0.42659175796741367,,,,
SINE,S0,50000,retrained,0.40906520302926813,0.4057870344406186,,,,
SINE,S0,200000,retrained,0.3877190805520494,0.38682046776392887,,,,
SINE,S0,500000,retrained,0.3779107901665175,0.3816807227899181,,,,
MGCUBED,S0,500,retrained,0.8434853447355717,0.8752300146495764,,,,
MGCUBED,S0,2000,retrained,0.7898444491056137,0.8315239769520553,,,,
MGCUBED,S0,5000,retrained,0.7401480697796068,0.7768117906364842,,,,
MGCUBED,S0,20000,retrained,0.6257221473126016,0.6645709507733589,,,,
MGCUBED,S0,50000,retrained,0.5717575049727115,0.6179098759338167,,,,
MGCUBED,S0,200000,retrained,0.511129708985874,0.559585811857221,,,,
MGCUBED,S0,500000,retrained,0.4906956267194096,0.5402665518933888,,,,
MG,S1,500,retrained,0.6148248093745453,0.623674928634781,,,,
MG,S1,2000,retrained,0.5092960878011761,0.5079166999550672,,,,
MG,S1,5000,retrained,0.4492687714288786,0.44881482287137997,,,,
MG,S1,20000,retrained,0.3730555924276877,0.3727919012358064,,,,
MG,S1,50000,retrained,0.3375694846971169,0.34090678091527254,,,,
MG,S1,200000,retrained,0.27896768776645176,0.28186150439385527,,,,
MG,S1,500000,retrained,0.24909963934314072,0.25304352752019027,,,,
SINE,S1,500,retrained,0.4679296874617909,0.49794392054754577,,,,
SINE,S1,2000,retrained,0.4318777511240188,0.456242808981462,,,,
SINE,S1,5000,retrained,0.4038566487404728,0.4219597272270867,,,,
SINE,S1,20000,retrained,0.37889928409190576,0.39168795730739736,,,,
SINE,S1,50000,retrained,0.36435824041779524,0.3732205741076056,,,,
SINE,S1,200000,retrained,0.34753223943478206,0.3553301126114501,,,,
SINE,S1,500000,retrained,0.33292299188160146,0.34097302455230505,,,,
MGCUBED,S1,500,retrained,0.8046952559981654,0.8336091907848173,,,,
MGCUBED,S1,2000,retrained,0.7038612163222356,0.745112034932813,,,,
MGCUBED,S1,5000,retrained,0.6484678993242733,0.6916541223888565,,,,
MGCUBED,S1,20000,retrained,0.5765770347111073,0.6157406402600231,,,,
MGCUBED,S1,50000,retrained,0.5384387200481848,0.5787464434590567,,,,
MGCUBED,S1,200000,retrained,0.49168524149295023,0.537337714749008,,,,
MGCUBED,S1,500000,retrained,0.4706781339098741,0.5125342617113257,,,,
MG,S4,500,retrained,0.574786726388061,0.5783100453406524,,,,
MG,S4,2000,retrained,0.45992681210688496,0.45997885366529695,,,,
MG,S4,5000,retrained,0.40450765227776414,0.4063285817063872,,,,
MG,S4,20000,retrained,0.34370227033445916,0.3425574843574578,,,,
MG,S4,50000,retrained,0.3146863455108107,0.31685943651829646,,,,
MG,S4,200000,retrained,0.2681807709015586,0.26880996922747924,,,,
MG,S4,500000,retrained,0.2418859956703725,0.24331773783680194,,,,
SINE,S4,500,retrained,0.3806310750597769,0.38914065974700696,,,,
SINE,S4,2000,retrained,0.36052624018401047,0.368431304019855,,,,
SINE,S4,5000,retrained,0.3480629354828666,0.35544455404242487,,,,
SINE,S4,20000,retrained,0.3213338001330945,0.3307023090946361,,,,
SINE,S4,50000,retrained,0.31080523139574084,0.3208171205292053,,,,
SINE,S4,200000,retrained,0.2917958492519515,0.2975468497887766,,,,
SINE,S4,500000,retrained,0.282678693934403,0.291118611705216,,,,
MGCUBED,S4,500,retrained,0.7411480631745719,0.7670364225320659,,,,
MGCUBED,S4,2000,retrained,0.6662909704698781,0.6993379165391801,,,,
MGCUBED,S4,5000,retrained,0.6303045700231942,0.6610311818345153,,,,
MGCUBED,S4,20000,retrained,0.5625106152084375,0.5900169700033664,,,,
MGCUBED,S4,50000,retrained,0.5384826823622444,0.5681326596490579,,,,
MGCUBED,S4,200000,retrained,0.4978083986211533,0.533073577828501,,,,
MGCUBED,S4,500000,retrained,0.4798489271135933,0.5118824798195463,,,,
MG,S0,500,noiseaware,0.6869163603386051,0.6935350292594455,,,,
SINE,S0,500,noiseaware,0.5299768306708825,0.5664249017430785,,,,
MGCUBED,S0,500,noiseaware,0.8422376182482322,0.8705318785999132,,,,
MG,S1,500,noiseaware,0.5355455003112958,0.5394013857459975,,,,
SINE,S1,500,noiseaware,0.4224789230435414,0.44134352353928696,,,,
MGCUBED,S1,500,noiseaware,0.7392443957306095,0.7924496309892866,,,,
MG,S4,500,noiseaware,0.4558177617185947,0.44526576647206534,,,,
SINE,S4,500,noiseaware,0.37685605472317696,0.3808206958629119,,,,
MGCUBED,S4,500,noiseaware,0.6920292246529369,0.726297218342643,,,,
MG,S0,5000,noiseaware,0.5617044467474914,0.5685176859027679,,,,
SINE,S0,5000,noiseaware,0.4609617920599586,0.47349218755936073,,,,
MGCUBED,S0,5000,noiseaware,0.7417386964325771,0.7646903368714811,,,,
MG,S1,5000,noiseaware,0.4327782066414613,0.43493046080123876,,,,
SINE,S1,5000,noiseaware,0.3948001202355709,0.4039793682747896,,,,
MGCUBED,S1,5000,noiseaware,0.6144954064513517,0.6510716064753262,,,,
MG,S4,5000,noiseaware,0.35998518623956616,0.3527166667910086,,,,
SINE,S4,5000,noiseaware,0.33804380884457075,0.34903087138065275,,,,
MGCUBED,S4,5000,noiseaware,0.5888623528004823,0.6281895401086678,,,,
MG,S0,50000,noiseaware,0.3874903824000522,0.39038264721777083,,,,
SINE,S0,50000,noiseaware,0.40693601306530963,0.40724619685121033,,,,
MGCUBED,S0,50000,noiseaware,0.575353668369764,0.6141852834547479,,,,
MG,S1,50000,noiseaware,0.30661188943448353,0.3118874825066739,,,,
SINE,S1,50000,noiseaware,0.3606967236105487,0.37124493795966884,,,,
MGCUBED,S1,50000,noiseaware,0.530674049156393,0.5695933964161597,,,,
MG,S4,50000,noiseaware,0.28208216608197323,0.2834784684005572,,,,
SINE,S4,50000,noiseaware,0.2995781424104862,0.3075974220344031,,,,
MGCUBED,S4,50000,noiseaware,0.5216811656196984,0.5637666831937183,,,,
MG,S0,500000,noiseaware,0.29722391933533143,0.29831781584951306,,,,
SINE,S0,500000,noiseaware,0.37819509564207104,0.3829926376926923,,,,
MGCUBED,S0,500000,noiseaware,0.4920406215496104,0.5379631346681231,,,,
MG,S1,500000,noiseaware,0.25735807985095627,0.2651867461683223,,,,
SINE,S1,500000,noiseaware,0.3334614805265215,0.3427280574746282,,,,
MGCUBED,S1,500000,noiseaware,0.4655416112367037,0.5094852618901249,,,,
MG,S4,500000,noiseaware,0.2244584460249893,0.2251136891296795,,,,
SINE,S4,500000,noiseaware,0.28112057381846717,0.28791921621831784,,,,
MGCUBED,S4,500000,noiseaware,0.4559811403781449,0.49809693766878815,,,,
GLUE,S0,0,meanfield,0.41773638535529634,0.4709410497646672,,,,
GLUE,S0,500,retrained,0.6081364511587837,0.6339886750444123,,,,
GLUE,S0,50000,retrained,0.5134319121635252,0.47564298155429297,,,,
GLUF,S0,0,meanfield,0.340355750486711,0.3177551754347275,,,,
GLUF,S0,500,retrained,0.5516046012521274,0.49853700699842707,,,,
GLUF,S0,50000,retrained,0.42388336515804687,0.37616667236216167,,,,
GLUE,S1,0,meanfield,0.3736794403370248,0.3497772326806812,,,,
GLUE,S1,500,retrained,0.6300395188232174,0.6667138358595074,,,,
GLUE,S1,50000,retrained,0.48125724712957896,0.4844479181036568,,,,
GLUF,S1,0,meanfield,0.33227589075356734,0.3200401791380774,,,,
GLUF,S1,500,retrained,0.6981887732075569,0.6786461914226883,,,,
GLUF,S1,50000,retrained,0.46934162516190514,0.45005762524766774,,,,
GLUE,S4,0,meanfield,0.3439770052785466,0.34573722869250606,,,,
GLUE,S4,500,retrained,0.5192496993796192,0.48227477367762434,,,,
GLUE,S4,50000,retrained,0.43569936686613425,0.3875908179331107,,,,
GLUF,S4,0,meanfield,0.3293394212394323,0.33276140899172246,,,,
GLUF,S4,500,retrained,0.6427661144788627,0.630016927916209,,,,
GLUF,S4,50000,retrained,0.4660999148398278,0.44572714607486347,,,,
GLUE,S0,500,noiseaware,0.6081435823594571,0.6365604779265442,,,,
GLUF,S0,500,noiseaware,0.5500862218773029,0.4971599960240541,,,,
GLUE,S1,500,noiseaware,0.5214678762636238,0.5154638034739382,,,,
GLUF,S1,500,noiseaware,0.4802101977088787,0.4276385289232429,,,,
GLUE,S0,50000,noiseaware,0.5126974762802028,0.4774990039784606,,,,
GLUF,S0,50000,noiseaware,0.42220251147429316,0.37436563489361985,,,,
GLUE,S1,50000,noiseaware,0.4784322607172255,0.4596035627955206,,,,
GLUF,S1,50000,noiseaware,0.3834095909573067,0.3447245489899611,,,,
GLUE,S4,50000,noiseaware,0.4190288442879415,0.3796700876055448,,,,
GLUF,S4,50000,noiseaware,0.36415427516444765,0.334638881648987,,,,
NARMA,S0,0,meanfield,0.6713873537613481,0.6907148528953134,,,,
NARMA,S0,500,retrained,0.7791771420866931,0.8096787008870914,,,,
NARMA,S0,2000,retrained,0.767677186116763,0.7980173918261647,,,,
NARMA,S0,5000,retrained,0.7622037581634067,0.7881458696312592,,,,
NARMA,S0,20000,retrained,0.7509948615263912,0.7768313654486313,,,,
NARMA,S0,50000,retrained,0.7406581322483915,0.7365865428895284,,,,
NARMA,S0,200000,retrained,0.7229449480302388,0.7229911648019456,,,,
NARMA,S0,500000,retrained,0.712732903594835,0.7192837426333434,,,,
PAT,S0,0,meanfield,0.5111579193136349,0.526619222743772,,,,
PAT,S0,500,retrained,0.814248571290085,0.8118968407712158,,,,
PAT,S0,2000,retrained,0.8070026287291455,0.8045019673806177,,,,
PAT,S0,5000,retrained,0.8013981485613325,0.799965802095229,,,,
PAT,S0,20000,retrained,0.781812508198881,0.7779137743460466,,,,
PAT,S0,50000,retrained,0.7619342605371903,0.7604567498629542,,,,
PAT,S0,200000,retrained,0.7222579125773971,0.7208765557970875,,,,
PAT,S0,500000,retrained,0.6982966547126174,0.6984218961601097,,,,
XOR,S0,0,meanfield,0.25386499768854104,0.2535629054728462,,,,
XOR,S0,500,retrained,0.9916623815621434,0.9812696717945936,,,,
XOR,S0,2000,retrained,0.989443686876279,0.9779615615608698,,,,
XOR,S0,5000,retrained,0.9850784494928055,0.9710242853937652,,,,
XOR,S0,20000,retrained,0.9638665712685124,0.9449489427655249,,,,
XOR,S0,50000,retrained,0.9298393677420067,0.9102914055153897,,,,
XOR,S0,200000,retrained,0.8122965303855687,0.7964526908593474,,,,
XOR,S0,500000,retrained,0.7047734355083373,0.6853494405344123,,,,
NARMA,S1,0,meanfield,0.6090760975001179,0.618801655758364,,,,
NARMA,S1,500,retrained,0.8354403215320164,0.8667317068274596,,,,
NARMA,S1,2000,retrained,0.7831789479688923,0.8192316260936896,,,,
NARMA,S1,5000,retrained,0.7668779777008348,0.8046930184143177,,,,
NARMA,S1,20000,retrained,0.756067790750674,0.7934436092735866,,,,
NARMA,S1,50000,retrained,0.7540270906217738,0.7902745828851785,,,,
NARMA,S1,200000,retrained,0.7445421283802903,0.7713090194579263,,,,
NARMA,S1,500000,retrained,0.7160402702647104,0.715497103335577,,,,
PAT,S1,0,meanfield,0.46727880093659935,0.49449959344041505,,,,
PAT,S1,500,retrained,0.7872235509115718,0.7886483683330493,,,,
PAT,S1,2000,retrained,0.7682761733742295,0.773972911228242,,,,
PAT,S1,5000,retrained,0.7420789920697082,0.7386414329386028,,,,
PAT,S1,20000,retrained,0.7016167254434404,0.6997700604354395,,,,
PAT,S1,50000,retrained,0.6698687160029847,0.6789095187728704,,,,
PAT,S1,200000,retrained,0.6367242371276213,0.6445621793808566,,,,
PAT,S1,500000,retrained,0.6118789729690105,0.6273546248047664,,,,
XOR,S1,0,meanfield,0.15864719212641573,0.1559729455461502,,,,
XOR,S1,500,retrained,0.9971282970655814,0.9881930543788374,,,,
XOR,S1,2000,retrained,0.9725719480045096,0.9623277761364092,,,,
XOR,S1,5000,retrained,0.9342366680545336,0.9190039952832626,,,,
XOR,S1,20000,retrained,0.7621522584849307,0.754696684244044,,,,
XOR,S1,50000,retrained,0.628968090279203,0.6191107620192313,,,,
XOR,S1,200000,retrained,0.4321543428211428,0.4202883272028815,,,,
XOR,S1,500000,retrained,0.3546384666709463,0.35223612487163264,,,,
NARMA,S4,0,meanfield,0.4305669667544425,0.44428697912074167,,,,
NARMA,S4,500,retrained,0.82828665804807,0.8525238371550412,,,,
NARMA,S4,2000,retrained,0.7778044135788087,0.8069616272337771,,,,
NARMA,S4,5000,retrained,0.7643593101615851,0.7926297153591355,,,,
NARMA,S4,20000,retrained,0.7538314154065159,0.7858263603300466,,,,
NARMA,S4,50000,retrained,0.7502808086410458,0.7813628222377426,,,,
NARMA,S4,200000,retrained,0.7281718919544621,0.7332889618037959,,,,
NARMA,S4,500000,retrained,0.6903217240897928,0.7053225382175968,,,,
PAT,S4,0,meanfield,0.005757886985204823,0.00522363540081352,,,,
PAT,S4,500,retrained,0.7486357547427168,0.7503844832976289,,,,
PAT,S4,2000,retrained,0.6490948636528713,0.6495353502280146,,,,
PAT,S4,5000,retrained,0.5483756708719549,0.5441136735882265,,,,
PAT,S4,20000,retrained,0.39669597240910137,0.39326795455770347,,,,
PAT,S4,50000,retrained,0.3360396679580646,0.3268467610811727,,,,
PAT,S4,200000,retrained,0.25460134408345175,0.24765713283775026,,,,
PAT,S4,500000,retrained,0.20808480602099627,0.20007394412292728,,,,
XOR,S4,0,meanfield,0.003454746729199915,0.003130258552056687,,,,
XOR,S4,500,retrained,0.989267045199236,0.9800805837429685,,,,
XOR,S4,2000,retrained,0.928204221928215,0.9138524852718882,,,,
XOR,S4,5000,retrained,0.8352600616661539,0.8248944516589465,,,,
XOR,S4,20000,retrained,0.6252315273063493,0.6112643025427537,,,,
XOR,S4,50000,retrained,0.44841412965183053,0.44079054064675327,,,,
XOR,S4,200000,retrained,0.2523324519422592,0.24954097165623262,,,,
XOR,S4,500000,retrained,0.16120050797593155,0.15964984966189374,,,,
NARMA,S0,500,noiseaware,0.7776155238548604,0.8076187018727562,,,,
PAT,S0,500,noiseaware,0.8152607024713895,0.8123403162619175,,,,
XOR,S0,500,noiseaware,0.9910801952421141,0.9792751400757301,,,,
NARMA,S1,500,noiseaware,0.7513592832120469,0.7916417181553451,,,,
PAT,S1,500,noiseaware,0.7754108401734082,0.7730190808092391,,,,
XOR,S1,500,noiseaware,0.8885833157341751,0.8658697090094064,,,,
NARMA,S4,500,noiseaware,0.7375178422229033,0.7811340578656774,,,,
PAT,S4,500,noiseaware,0.7576299743336462,0.7532073171771257,,,,
XOR,S4,500,noiseaware,0.8129304634594867,0.7933215838266117,,,,
NARMA,S0,50000,noiseaware,0.7387497491527896,0.7353427363433989,,,,
PAT,S0,50000,noiseaware,0.7612590337151613,0.7584516316509378,,,,
XOR,S0,50000,noiseaware,0.9296744846680686,0.8995384264314175,,,,
NARMA,S1,50000,noiseaware,0.7030752914767922,0.7079198632201918,,,,
PAT,S1,50000,noiseaware,0.6710451937522816,0.6767572482875398,,,,
XOR,S1,50000,noiseaware,0.42160503204708677,0.412248184349248,,,,
NARMA,S4,50000,noiseaware,0.6816756706230983,0.6920790524133698,,,,
PAT,S4,50000,noiseaware,0.38755899998115245,0.3807729151412169,,,,
XOR,S4,50000,noiseaware,0.36894915086294405,0.36620408591877857,,,,
MG,S0,1000000,retrained,0.2776051371403908,0.27700948573557044,,,,
MG,S0,10000000,retrained,0.21585135001125605,0.21663573576435374,,,,
MG,S0,100000000,retrained,0.16376945502536713,0.17021450670623411,,,,
MG,S0,1000000000,retrained,0.13269008108746094,0.13994007928394786,,,,
SINE,S0,1000000,retrained,0.37015951031383076,0.38138285139018546,,,,
SINE,S0,10000000,retrained,0.3456679238756675,0.35673478742745246,,,,
SINE,S0,100000000,retrained,0.3227980666818313,0.33053660010241537,,,,
SINE,S0,1000000000,retrained,0.30066809260155414,0.3048077122229905,,,,
MGCUBED,S0,1000000,retrained,0.48749382274664804,0.5278240390557608,,,,
MGCUBED,S0,10000000,retrained,0.45060288735460474,0.5018501050242193,,,,
MGCUBED,S0,100000000,retrained,0.39197685187185416,0.4347970121615591,,,,
MGCUBED,S0,1000000000,retrained,0.35532056177140914,0.4034185784082349,,,,
MG,S1,1000000,retrained,0.2291286484514548,0.23002257912365104,,,,
MG,S1,10000000,retrained,0.17342716416767837,0.180572338229879,,,,
MG,S1,100000000,retrained,0.11848825337656817,0.12515852846229863,,,,
MG,S1,1000000000,retrained,0.09303991423613978,0.1005855624302348,,,,
SINE,S1,1000000,retrained,0.3263426821801671,0.3374153254471403,,,,
SINE,S1,10000000,retrained,0.30139849702051635,0.3090601834089298,,,,
SINE,S1,100000000,retrained,0.2777136259363223,0.285063924395742,,,,
SINE,S1,1000000000,retrained,0.261276161835325,0.2661317770500847,,,,
MGCUBED,S1,1000000,retrained,0.46176802122632454,0.5042012224050435,,,,
MGCUBED,S1,10000000,retrained,0.4195793649965663,0.46327805275297,,,,
MGCUBED,S1,100000000,retrained,0.35416558970619005,0.4044583703136116,,,,
MGCUBED,S1,1000000000,retrained,0.30864448680610906,0.3582533445539615,,,,
MG,S4,1000000,retrained,0.22400866659247284,0.22543482423018105,,,,
MG,S4,10000000,retrained,0.16443639701843707,0.16761156929765053,,,,
MG,S4,100000000,retrained,0.11330655026433614,0.11728850691746615,,,,
MG,S4,1000000000,retrained,0.09152283495711619,0.09812146973397037,,,,
SINE,S4,1000000,retrained,0.27807556530563254,0.28341692919178973,,,,
SINE,S4,10000000,retrained,0.26351481626001977,0.26854955943963266,,,,
SINE,S4,100000000,retrained,0.2459148718110403,0.2513580361413933,,,,
SINE,S4,1000000000,retrained,0.23525738903649457,0.24104733091077785,,,,
MGCUBED,S4,1000000,retrained,0.4652884867222988,0.5043147627231747,,,,
MGCUBED,S4,10000000,retrained,0.4076327639218447,0.4574053702009377,,,,
MGCUBED,S4,100000000,retrained,0.33997972933051096,0.39057039652737086,,,,
MGCUBED,S4,1000000000,retrained,0.29372663375674024,0.3463391815284491,,,,
GLUE,S0,1000000,retrained,0.4880161798178341,0.4593533528509556,,,,
GLUE,S0,10000000,retrained,0.4687071606828105,0.42590306323872307,,,,
GLUE,S0,100000000,retrained,0.426852435172205,0.46117923670203254,,,,
GLUE,S0,1000000000,retrained,0.419659966300452,0.4689218459922205,,,,
GLUF,S0,1000000,retrained,0.3686429896840883,0.3331653861108794,,,,
GLUF,S0,10000000,retrained,0.347434400627209,0.3220326972620192,,,,
GLUF,S0,100000000,retrained,0.34185135207439366,0.31896905956236477,,,,
GLUF,S0,1000000000,retrained,0.3406987385939707,0.3180436648392051,,,,
GLUE,S1,1000000,retrained,0.45873658240026194,0.46809641549875336,,,,
GLUE,S1,10000000,retrained,0.4341481187251678,0.47891770122783023,,,,
GLUE,S1,100000000,retrained,0.3902912310514658,0.3437673502772678,,,,
GLUE,S1,1000000000,retrained,0.3762909282359458,0.34859025337812694,,,,
GLUF,S1,1000000,retrained,0.3865027189942565,0.3711205720294287,,,,
GLUF,S1,10000000,retrained,0.35233982059820396,0.3373164310417361,,,,
GLUF,S1,100000000,retrained,0.33619607264209794,0.32299215803930753,,,,
GLUF,S1,1000000000,retrained,0.33244180311637683,0.3204591799423294,,,,
GLUE,S4,1000000,retrained,0.43244632586563664,0.3885510909645786,,,,
GLUE,S4,10000000,retrained,0.36820714019591727,0.43678938396665606,,,,
GLUE,S4,100000000,retrained,0.34234361515731765,0.3202050707624043,,,,
GLUE,S4,1000000000,retrained,0.3430863290721914,0.3399404870192889,,,,
GLUF,S4,1000000,retrained,0.3881545556842334,0.3697211799012597,,,,
GLUF,S4,10000000,retrained,0.3553557490027392,0.3418784441899097,,,,
GLUF,S4,100000000,retrained,0.33545057492116925,0.33442482745228175,,,,
GLUF,S4,1000000000,retrained,0.32983519702404757,0.33313388254022364,,,,
NARMA,S0,1000000,retrained,0.7076302019160171,0.7255938359618294,,,,
NARMA,S0,10000000,retrained,0.6921661674437708,0.7154757652786745,,,,
NARMA,S0,100000000,retrained,0.6790722764379095,0.7000209555062806,,,,
NARMA,S0,1000000000,retrained,0.6725939810284921,0.6916124755880579,,,,
PAT,S0,1000000,retrained,0.6802157487564645,0.6897499483812009,,,,
PAT,S0,10000000,retrained,0.6435577946024527,0.6652109790571552,,,,
PAT,S0,100000000,retrained,0.5937759431234338,0.6119002102154559,,,,
PAT,S0,1000000000,retrained,0.5296841258833638,0.5426564672131339,,,,
XOR,S0,1000000,retrained,0.6098303084283557,0.5892743012594626,,,,
XOR,S0,10000000,retrained,0.3954993017409436,0.39560110984909214,,,,
XOR,S0,100000000,retrained,0.31870072096178853,0.3188411787226873,,,,
XOR,S0,1000000000,retrained,0.26772277714643117,0.2668004786759357,,,,
NARMA,S1,1000000,retrained,0.6859790641524288,0.6815802920194454,,,,
NARMA,S1,10000000,retrained,0.6261700843164195,0.627910701617815,,,,
NARMA,S1,100000000,retrained,0.6108008512063019,0.6211525649383947,,,,
NARMA,S1,1000000000,retrained,0.6098774195488909,0.6192602977180581,,,,
PAT,S1,1000000,retrained,0.6011104499653249,0.6185151924155216,,,,
PAT,S1,10000000,retrained,0.5704201584601843,0.5914388383501171,,,,
PAT,S1,100000000,retrained,0.535645689256929,0.5575431673538966,,,,
PAT,S1,1000000000,retrained,0.4803639099774715,0.5071557812047262,,,,
XOR,S1,1000000,retrained,0.321018883699584,0.3154374109283428,,,,
XOR,S1,10000000,retrained,0.2530661463965981,0.25855999472654695,,,,
XOR,S1,100000000,retrained,0.21166284151346618,0.21093656284810997,,,,
XOR,S1,1000000000,retrained,0.1713802707206234,0.16834596686785122,,,,
NARMA,S4,1000000,retrained,0.6615760064112477,0.6702300970406352,,,,
NARMA,S4,10000000,retrained,0.5262715797428001,0.5406691471405592,,,,
NARMA,S4,100000000,retrained,0.4484085881483376,0.46623760185784724,,,,
NARMA,S4,1000000000,retrained,0.4293063473585336,0.44733895912458105,,,,
PAT,S4,1000000,retrained,0.17492623382820252,0.16706423597133252,,,,
PAT,S4,10000000,retrained,0.10070340699325941,0.09628962846936595,,,,
PAT,S4,100000000,retrained,0.03603239589750029,0.03580068897438923,,,,
PAT,S4,1000000000,retrained,0.014048343222751383,0.014007861401328625,,,,
XOR,S4,1000000,retrained,0.11657870877893602,0.11532908523177281,,,,
XOR,S4,10000000,retrained,0.042641676203924624,0.04096141367295039,,,,
XOR,S4,100000000,retrained,0.015936206263110493,0.01535107819914035,,,,
XOR,S4,1000000000,retrained,0.006194005635551192,0.005718949725359125,,,,
MG,S1,500,remedy,0.34125358124758576,0.3358565227870006,25,0.1,20,0.1
MG,S1,5000,remedy,0.20412998189915682,0.20698474872687928,50,1.0,20,0.001
MG,S1,50000,remedy,0.13343164764865986,0.14129985047324428,50,2.0,20,1e-05
MG,S1,500000,remedy,0.08811009101567484,0.09419049980846905,50,0.0,20,0.001
SINE,S1,500,remedy,0.4427385543820782,0.4667259545114911,50,0.0,20,1.0
SINE,S1,5000,remedy,0.3695798206857149,0.3837283181020769,20,0.5,20,0.001
SINE,S1,50000,remedy,0.3452271379851857,0.3502776511063284,20,0.0,20,0.01
SINE,S1,500000,remedy,0.3136154092901256,0.3244588356118322,50,0.0,20,0.001
NARMA,S1,500,remedy,0.6444032267195682,0.6422004188014114,5,0.25,20,0.01
NARMA,S1,5000,remedy,0.4272038478966779,0.41912353010942976,10,0.0,20,0.01
MGCUBED,S1,500,remedy,0.49907481513799307,0.5375226890035167,5,1.0,20,0.001
MGCUBED,S1,5000,remedy,0.3299372726449355,0.3939735894788339,5,0.0,20,0.01
MGCUBED,S1,50000,remedy,0.2770819719864408,0.33896814810184506,25,0.0,20,0.01
MGCUBED,S1,500000,remedy,0.24368185579463447,0.29126183620408314,50,2.0,20,1e-06
NARMA,S1,50000,remedy,0.3747789153258707,0.3664987756364034,10,0.0,20,0.01
NARMA,S1,500000,remedy,0.36926255741203795,0.36038533932242534,10,0.0,20,0.001
MG,S4,500,remedy,0.290878079159256,0.30022156651296855,25,0.1,20,0.1
MG,S4,5000,remedy,0.17738111774620494,0.18762871302368012,50,1.0,20,0.001
MG,S4,50000,remedy,0.12376822439754989,0.13137494254285992,10,0.0,20,0.001
MG,S4,500000,remedy,0.08861334925637411,0.0947664633965872,50,0.0,20,0.001
PAT,S1,500,remedy,0.7893052787548734,0.7890262562554368,25,1.0,5,0.01
PAT,S1,5000,remedy,0.7345505973226059,0.7341714715579117,25,5.0,5,1e-05
PAT,S1,50000,remedy,0.6660136059756789,0.6756196626891329,25,0.5,5,0.0001
PAT,S1,500000,remedy,0.6160682421601258,0.6407178372827362,10,0.0,5,0.0001
SINE,S4,500,remedy,0.3690540970704951,0.3784238384679187,50,0.0,20,1.0
SINE,S4,5000,remedy,0.3414433028683622,0.35005933340615286,100,0.0,5,0.01
SINE,S4,50000,remedy,0.30670971457614443,0.31646249697191614,100,0.0,5,0.001
SINE,S4,500000,remedy,0.2812924743726972,0.29426059057426157,50,0.0,20,0.001
MGCUBED,S4,500,remedy,0.34809661873214537,0.41357384908715655,25,5.0,20,0.0001
XOR,S1,500,remedy,0.9966028928861903,0.989574674387039,5,0.5,5,0.01
MGCUBED,S4,5000,remedy,0.29440392604381255,0.36434775948743675,50,0.0,20,0.1
MGCUBED,S4,50000,remedy,0.25417131112075547,0.3106942738601604,50,0.0,20,0.01
XOR,S1,5000,remedy,0.9134949806428588,0.9071809688410702,5,1.0,5,0.0001
MGCUBED,S4,500000,remedy,0.19655942225170658,0.24687858750912378,50,0.0,20,0.001
GLUE,S1,500,remedy,0.5837469499719697,0.563437380492909,5,5.0,20,0.1
GLUE,S1,5000,remedy,0.5502753134218179,0.4916186128992866,10,0.0,5,0.01
GLUE,S1,50000,remedy,0.482228439492938,0.46981217698350586,50,0.0,1,0.01
XOR,S1,50000,remedy,0.6045999284481915,0.5818675757960625,10,0.5,5,1e-05
GLUE,S1,500000,remedy,0.46061365114389224,0.4682403132815063,50,0.0,1,0.01
XOR,S1,500000,remedy,0.33975613316320524,0.327995767022475,10,0.5,20,1e-05
GLUF,S1,500,remedy,0.6739928919533914,0.6848442119960197,5,5.0,20,1e-05
GLUF,S1,5000,remedy,0.5532366142707277,0.5389525451287529,5,5.0,10,1e-06
GLUF,S1,50000,remedy,0.4641584034409729,0.44290422923174944,5,2.0,10,1e-06
GLUF,S1,500000,remedy,0.40114846074297256,0.38414848519864636,50,2.0,5,1e-06
NARMA,S4,500,remedy,0.6406466905536603,0.6253587712557284,50,0.0,20,0.1
NARMA,S4,5000,remedy,0.4219867236717776,0.41936396891494565,10,0.0,20,0.01
GLUE,S4,500,remedy,0.5192530665727728,0.4860947621752512,50,0.0,5,1.0
GLUE,S4,5000,remedy,0.45978996330910027,0.3960858928925229,25,0.0,5,0.1
GLUE,S4,50000,remedy,0.444884740858506,0.4381029791626633,50,0.0,1,0.01
GLUE,S4,500000,remedy,0.44554692173398003,0.3879923887013947,10,0.0,5,0.1
NARMA,S4,50000,remedy,0.3767686327826203,0.370044931306846,10,0.0,20,0.01
GLUF,S4,500,remedy,0.625900694171395,0.6169255839081716,5,1.0,20,0.001
GLUF,S4,5000,remedy,0.5282081563679957,0.519175446953415,5,1.0,20,0.0001
GLUF,S4,50000,remedy,0.45051556970840434,0.4359402440119046,50,5.0,5,1e-06
NARMA,S4,500000,remedy,0.37198542519831224,0.364655379388812,10,0.0,20,0.01
GLUF,S4,500000,remedy,0.3984975750026817,0.3774599726141433,5,0.5,5,1e-06
PAT,S4,500,remedy,0.7434382172439054,0.7484279131140559,10,0.0,5,0.1
PAT,S4,5000,remedy,0.5341355166168456,0.5294615912982776,25,0.0,5,0.01
PAT,S4,50000,remedy,0.3263872202343598,0.32171037229832167,25,0.0,5,0.001
PAT,S4,500000,remedy,0.1880529002939412,0.1852790748359186,50,0.0,10,0.0001
XOR,S4,500,remedy,0.983079534127229,0.9709712271195473,5,1.0,5,0.001
XOR,S4,5000,remedy,0.8183872902870414,0.8094160786897493,10,5.0,5,1e-06
XOR,S4,50000,remedy,0.43864669579199544,0.41768852055980465,50,0.0,5,0.001
XOR,S4,500000,remedy,0.15477990225356214,0.1537975037237654,25,0.0,5,0.0001
MG,S1,0,remedy_meanfield,0.026816616370797564,0.026018440660362557,50,0.0,20,1e-06
SINE,S1,0,remedy_meanfield,0.2288252509264511,0.23289123205018253,50,0.0,20,1e-06
MGCUBED,S1,0,remedy_meanfield,0.06325875743304879,0.08127240302888634,50,0.0,20,1e-06
MG,S4,0,remedy_meanfield,0.02927000363564231,0.02980049430797974,50,0.0,20,1e-06
SINE,S4,0,remedy_meanfield,0.2199245996957675,0.22249249609638952,50,0.0,20,1e-06
MGCUBED,S4,0,remedy_meanfield,0.05506255701707615,0.06294625937964854,50,0.0,20,1e-06
GLUE,S1,0,remedy_meanfield,0.3736794403370248,0.3497772326806812,50,0.0,1,1e-06
GLUF,S1,0,remedy_meanfield,0.3319437830944551,0.3200890480035732,50,0.0,5,1e-06
GLUE,S4,0,remedy_meanfield,0.3439770052785466,0.34573722869250606,50,0.0,1,1e-05
GLUF,S4,0,remedy_meanfield,0.32824989232190527,0.3366559474998729,50,0.0,20,1e-06
NARMA,S1,0,remedy_meanfield,0.3679337698069067,0.3581174250895875,50,1.0,10,1e-06
PAT,S1,0,remedy_meanfield,0.46727880093659935,0.49449959344041505,50,0.0,4,1e-06
XOR,S1,0,remedy_meanfield,0.15864719212641573,0.1559729455461502,50,0.0,5,1e-06
NARMA,S4,0,remedy_meanfield,0.37124333144904736,0.36406116253483684,5,0.25,20,1e-05
PAT,S4,0,remedy_meanfield,0.0005824474851917168,0.0005154256252235774,50,0.0,20,1e-06
XOR,S4,0,remedy_meanfield,0.0014324747052016544,0.0011655492150185822,50,0.0,20,1e-06
MG,S1,5000,joint,0.18929198728257599,0.19414032800632275,10,1.1844944240725908,20,0.0001
MGCUBED,S1,5000,joint,0.3132918327144235,0.376129205275788,50,0.39308110631225956,20,0.01
NARMA,S1,5000,joint,0.3721483948687747,0.3688825641845932,50,4.999999999999999,17,0.001
SINE,S1,5000,joint,0.37146258289984346,0.3808564290182425,20,3.6835707514194906,20,1e-05
MG,S3,5000,joint,0.12294413574370551,0.1268272925231136,50,0.05,18,0.01
MGCUBED,S3,5000,joint,0.2717365823021262,0.332726540086507,50,4.999999999999999,19,1e-05
NARMA,S3,5000,joint,0.3682211652081703,0.36515879222885983,50,4.999999999999999,17,0.001
SINE,S3,5000,joint,0.3499300875887525,0.3546715407526363,10,2.976722019452227,20,1e-05
MG,S1,50000,joint,0.12705910635983492,0.13159763550339856,25,4.999999999999999,20,1e-06
MGCUBED,S1,50000,joint,0.27105019320506557,0.32315787943316776,25,0.08480896558849241,18,0.001
NARMA,S1,50000,joint,0.3669922451300753,0.366409329920788,50,4.999999999999999,15,0.0001
SINE,S1,50000,joint,0.344730525563194,0.3507075470205451,10,0.846953884577386,20,1e-05
MG,S3,50000,joint,0.08345360521274335,0.09151306622595604,50,4.999999999999999,20,1e-06
MGCUBED,S3,50000,joint,0.2275646014787579,0.2785064821043279,50,4.999999999999999,20,1e-06
NARMA,S3,50000,joint,0.3664448472545987,0.3619696583710269,10,4.999999999999999,17,1e-05
SINE,S3,50000,joint,0.31392425814409725,0.3242545991413948,100,0.20687425179091665,20,0.0001
