task,search_seed,N,rho,s_in,leak,s_b,search_objective,fresh_mean,fresh_sd,held_mean,held_sd,lam,seconds
MG,1,250,1.2178763093960783,0.5441830998507209,0.6391917309173194,0.0,0.0020441457817587877,0.0036733913424959624,0.0026532372169694018,0.0027920725600188343,0.0017429009580587618,1e-06,204.06293201446533
MG,2,250,1.3443041921305914,0.8988700954234513,0.5598640385261897,0.15779524401722053,0.0008862136524308199,0.003202351840276807,0.004629390301911736,0.0021925796631911396,0.002937552160131323,1e-06,205.40725421905518
MG,3,250,1.5,0.7005701851688555,0.5478981606360062,1.0,0.0014364460811218372,0.0034321553628815066,0.0035504818578749376,0.002601669706406836,0.0016861986990378344,1e-06,201.0433692932129
SINE,1,500,1.5,0.4875732101320792,1.0,0.7449059836148737,0.0943727374064364,0.17613974349859846,0.08969063071137802,0.1663103656463243,0.08606448765384499,1e-06,316.3326680660248
SINE,2,500,1.4942257691649872,1.0925847804306714,0.7976816649582706,0.12092643725523913,0.09191696106147548,0.10314688102007188,0.0073874791367716025,0.0906462884891445,0.011111483245160416,1e-06,294.2621068954468
SINE,3,500,1.4766930715383204,1.310104735260946,0.9975813224616926,0.29787006856068815,0.0934523090671898,0.10031781808505066,0.005849281232879952,0.08425542654006878,0.014138339309580274,1e-06,318.99455213546753
MGCUBED,1,250,1.346357791963699,1.0593499551166359,0.6011611049766924,0.8902935296850873,0.0038698499544788526,0.005317092274593062,0.001824414309773466,0.00552836142934688,0.0020231292041709022,1e-06,219.5308849811554
MGCUBED,2,250,1.3342583608665426,1.0633069405053912,0.7980565071567248,0.39618585800128225,0.0013257712225007898,0.005627372842273345,0.00263051586041135,0.00470985404138316,0.0020937851192300806,1e-06,210.07123732566833
MGCUBED,3,250,1.5,0.7378285954697903,0.6609356864545678,1.0,0.0019144693351709683,0.007569391044917759,0.006748700879624679,0.006457482815711399,0.004442883690312306,1e-06,196.25798797607422
XOR,1,250,0.25180834924139406,3.54147904223981,1.0,0.6270049060113762,3.727396472184043e-05,3.597887513364811e-05,7.178593332909102e-06,3.719337233966024e-05,6.160520522211948e-06,1e-06,193.31684517860413
XOR,2,250,0.1,3.5417910223545905,1.0,1.0,3.309156398099192e-05,3.016890869505874e-05,6.198844271188657e-06,3.0274184471824655e-05,5.788385252177064e-06,1e-06,197.61387395858765
XOR,3,250,0.1,5.1286240926729665,1.0,0.22977970405008602,2.6171155588375975e-05,3.110133915914245e-05,8.564776209266392e-06,3.088032246722544e-05,8.355874894487551e-06,1e-06,221.8052761554718
PAT,1,250,0.41166084964957195,2.9679597107351925,1.0,1.0,0.00021782944789081553,0.0002610738849762549,3.171391924783112e-05,0.0002635820673144942,3.888898776443092e-05,1e-06,169.7149748802185
PAT,2,250,0.29168093824023694,4.384889841785188,1.0,0.8416331839617225,0.00024055668597177348,0.00023106220469413835,4.4649113167959344e-05,0.0002402655827346974,4.779220333822934e-05,1e-06,179.6778690814972
PAT,3,250,0.2778907772481318,3.673142681509337,0.9890382388498451,0.6155880590112441,0.00018842030891424373,0.00023517385176678108,3.65250121179542e-05,0.00024232672870676467,4.281140460966243e-05,1e-06,210.1623170375824
NARMA,1,250,0.9730907412435045,0.08298509841781075,1.0,0.36912922799585385,0.13752439570098643,0.17851711395353181,0.01813248378203616,0.17653351348012697,0.021706438759249668,1e-06,182.23947095870972
NARMA,2,250,1.5,0.09396075069568198,0.9666922465231876,1.0,0.18531675405026518,0.2615455393700933,0.05176004174544181,0.24822454102710106,0.047080505271971794,1e-06,198.12879490852356
NARMA,3,250,1.0378937549263743,0.09203532157886675,1.0,0.5441152865608535,0.18030832876605082,0.17664518263420084,0.009786438569766368,0.1789820584964885,0.01741524810981748,1e-06,206.55433702468872
GLUF,1,250,0.8212670380940733,0.051742433334222876,1.0,0.0,0.3325423517199586,0.33228347865527263,0.00019598815448247534,0.32220670161026077,0.00022942106788619414,1e-06,206.65623712539673
GLUF,2,250,0.8515377564945695,0.023186594942825524,1.0,0.0,0.33206800755498017,0.332099004981434,0.0002835627396797422,0.3213103247337427,7.015212292695817e-05,1e-06,188.71723985671997
GLUF,3,250,0.7491739352574279,0.03865342971707387,1.0,0.0,0.332232437618581,0.3323659184063291,0.00032443748106473656,0.3209982654005231,0.00010990253453728678,1e-06,196.87954902648926
GLUE,1,250,0.8955297149088177,6.291460060630063,0.9826488921995218,0.9575077741941553,0.27283195271696437,0.29346706920324606,0.012782726981700953,0.22393751436716963,0.02281610202453742,0.001,177.5380232334137
GLUE,2,250,0.95806966924212,7.658304921358163,0.8538837962857099,0.98081265904241,0.25994147951133817,0.2983075764274034,0.010159811579850016,0.2400420184701224,0.034932296818319185,0.1,149.9054877758026
GLUE,3,250,1.0690975584306637,9.902752783031893,0.7500205778943624,0.9311383040535154,0.24125188277074264,0.29324156394876194,0.013622754122659215,0.24365320744472269,0.03407258960264938,0.1,187.43438482284546
