task,taps,lam_best,objective,held,train,opt_lam_1e-06,opt_lam_1e-05,opt_lam_1e-04,opt_lam_1e-03,opt_lam_1e-02,opt_lam_1e-01,opt_lam_1e+00,opt_lam_1e+01,opt_lam_1e+02,opt_lam_1e+03
GLUF,1,0.1,0.6745493448698461,0.6456891599357343,0.6499454143881288,0.6746683864124917,0.6746683743715928,0.6746682539758944,0.67466705134782,0.6746551578056141,0.6745493448698461,0.6746634616859918,0.7201178984927434,0.9260849023090735,1.2041957048863887
GLUF,2,0.001,0.4101161670927352,0.3926831481304912,0.385663295879161,0.410249577020245,0.41024815404931975,0.41023414824739457,0.4101161670927352,0.4108564321539935,0.4750926661390986,0.6556967283055803,0.7187647987751616,0.8751137589170976,1.1815536307724983
GLUF,3,0.0001,0.34011108463385886,0.3250585537474018,0.3178320428160928,0.340161546164571,0.3401346257940208,0.34011108463385886,0.3511258796278613,0.41533328527905017,0.45097437322500133,0.5900878785043893,0.7271363108896459,0.8526592527472903,1.1631281450301951
GLUF,5,1e-05,0.33510061994494666,0.32238141285065414,0.3118165732022533,0.3355262951979722,0.33510061994494666,0.33655688167820513,0.35327878432635496,0.3873227611307243,0.45952540356208665,0.5329465096220556,0.7119105120377967,0.8449638689138826,1.1368122420596416
GLUF,10,1e-05,0.33342932563124994,0.3213558427131933,0.3104813074558546,0.33403401603243044,0.33342932563124994,0.33517799247449315,0.3509664842419165,0.38643060066895835,0.4487291068747581,0.5395769755235069,0.6645560177891279,0.8533266679435288,1.1092559015590377
GLUF,20,1e-05,0.3323978112081525,0.32197292423350166,0.3099543225772453,0.33308135482952683,0.3323978112081525,0.33387517828150176,0.34946328317225056,0.3847570566118064,0.4437392654271153,0.5347027033318522,0.6668970737191683,0.845153240004655,1.1033584735803366
GLUF,50,1e-05,0.331990843985152,0.32364705930940824,0.3076701622420861,0.332785833067475,0.331990843985152,0.3334720705965829,0.3488728129523703,0.38358681174445364,0.44007593973948106,0.5269570689886582,0.6534353645776139,0.8381805321880444,1.0894994915917475
GLUE,1,1.0,0.5126281747807713,0.49897193377956933,0.48217559376801056,0.5245478893039954,0.5245477483559666,0.5245463389119261,0.5245322480960773,0.5243917020894562,0.5230221548080293,0.5126281747807713,0.5564042876883796,0.8723070123568093,1.0252221553546017
GLUE,2,10.0,0.5184435726252031,0.49529832686077885,0.5266948822564985,0.5255084014657004,0.5255077871479398,0.5255016530665831,0.5254412115151602,0.5249173083755289,0.5231607823381604,0.5196297698584063,0.5184435726252031,0.7860139750869181,1.0036940176437585
GLUE,3,10.0,0.5199965436944671,0.49567859536187,0.5205710690557599,0.5361427599121866,0.5359704779268979,0.5343761055124627,0.5260512259184006,0.5226939760179107,0.5223070020466127,0.52120001997757,0.5199965436944671,0.7314232485368609,0.9846002567904806
GLUE,5,1.0,0.5124912902727313,0.4964165796310856,0.4676892347113976,0.5591578430252241,0.5586317747009362,0.555853023104765,0.5491697668442369,0.536775020457946,0.5212958041200915,0.5124912902727313,0.5321039227082099,0.6826861643110498,0.954828788242815
GLUE,10,10.0,0.49887158427897865,0.471338400105345,0.4690377326912083,0.5489420073703605,0.5480819288459818,0.5453053807501956,0.539271718521698,0.539005543213296,0.5428137722473897,0.5279025655476157,0.49887158427897865,0.6766869932932961,0.9241214908035014
GLUE,20,10.0,0.5006396271074331,0.4357038640895839,0.416340876622343,0.5289065121038588,0.5284795735305344,0.5264845458207085,0.5229036693069778,0.5181900379064696,0.5097120437429365,0.5142628281987781,0.5006396271074331,0.6183795916428927,0.9211163573468089
GLUE,50,10.0,0.5001672997106447,0.41588596139659323,0.4078406759735008,0.558646291095261,0.5579988629930009,0.5555405429738945,0.5501072013453264,0.5384199496766461,0.5178475348991207,0.5138461246982788,0.5001672997106447,0.6177269855918744,0.9211488302129153
