group,mode,N_R,set,task,search_seed,domain,n_evaluations,seconds,node,R,k_on,k_off,T,distance,N_max,D,L,lam_best,objective,opt_sd,held,held_sd,train,opt_lam_1e-06,held_lam_1e-06,opt_lam_1e-05,held_lam_1e-05,opt_lam_1e-04,held_lam_1e-04,opt_lam_1e-03,held_lam_1e-03,opt_lam_1e-02,held_lam_1e-02,opt_lam_1e-01,held_lam_1e-01,opt_lam_1e+00,held_lam_1e+00,opt_lam_1e+01,held_lam_1e+01,opt_lam_1e+02,held_lam_1e+02,opt_lam_1e+03,held_lam_1e+03,KD_nM,tau_D_over_T,phi_ISI,koff_T,c_peak,c_mean,c_peak_over_KD,c_mean_over_KD,tauR_mean_over_T,tauR_peak_over_T,occ_mean,occ_std,occ_max,occ_frac_above_0p8,occ_frac_above_0p9,contrast_within,contrast_between,binomial_sd_mean,snr_within,shell_molecules_peak,shell_molecules_mean,history_symbols,dt,n_sub,n_searches,obj_mean,obj_sd,obj_min,obj_max,L_values,lam_values,obj_MG,ratio_MG,lam_MG,held_MG,ref_MG,obj_SINE,ratio_SINE,lam_SINE,held_SINE,ref_SINE,obj_MGCUBED,ratio_MGCUBED,lam_MGCUBED,held_MGCUBED,ref_MGCUBED
case,det,0,S0,GLUE,1,default,5,0.04187607765197754,sample,1,1e-18,1.0,1.25,7.07e-06,10100.0,3.16e-11,3,1e-06,0.41773638535529634,0.0,0.4709410497646672,0.0,0.3281867173431062,0.41773638535529634,0.4709410497646672,0.43751147763879605,0.4429847145815882,0.48201943131571173,0.43468161673512595,0.500578877286931,0.4364286167558965,0.49279531729415604,0.44823644184001704,0.54844283489576,0.5618343345024086,0.6088717799035571,0.6585808605682928,0.6299733253424279,0.6716671913016062,0.7154392542098738,0.7228044816678927,0.813764073346673,0.8098958727428955,1.6605390671738465,0.21090675105485235,0.5736407405901451,1.25,3.254342618629908e+18,5.855267780293005e+17,3.2543426186299085,0.5855267780293005,0.5045641682534964,0.1880431530118833,0.31723765986534114,0.16760758440924692,0.7229177239007926,0.0,0.0,0.04321016432572506,0.1667787855575391,inf,0.0,78.62798293534193,14.146878465567374,21,0.001,25,1,0.41773638535529634,0.0,0.41773638535529634,0.41773638535529634,3,1e-06,,,,,,,,,,,,,,,
case,det,0,S0,GLUF,1,default,5,0.04650378227233887,sample,1,1e-18,1.0,1.25,7.07e-06,10100.0,3.16e-11,4,1e-06,0.340355750486711,0.0,0.3177551754347275,0.0,0.3073332175237001,0.340355750486711,0.3177551754347275,0.3408267554428774,0.3184585513853263,0.346388201571101,0.31924065167569365,0.3704389755373078,0.3263571313192893,0.4017101621295679,0.34981682970636424,0.43959099848055905,0.38497789048685493,0.47898945645567764,0.42324057985176533,0.533148112209414,0.4888825431316245,0.7508726354473712,0.711994359248112,0.8718747019046267,0.8300343678356549,1.6605390671738465,0.21090675105485235,0.5736407405901451,1.25,3.254342618629908e+18,5.855267780293005e+17,3.2543426186299085,0.5855267780293005,0.5045641682534964,0.1880431530118833,0.31723765986534114,0.16760758440924692,0.7229177239007926,0.0,0.0,0.04321016432572506,0.1667787855575391,inf,0.0,78.62798293534193,14.146878465567374,21,0.001,25,1,0.340355750486711,0.0,0.340355750486711,0.340355750486711,4,1e-06,,,,,,,,,,,,,,,
case,det,0,S1,GLUE,2,default,100,0.039788007736206055,sample,1,2.5874957007629755e-18,1.6867362117339566,1.25,7.07e-06,10100.0,3.16e-11,1,1e-06,0.3736794403370248,0.0,0.3497772326806812,0.0,0.3285117984775211,0.3736794403370248,0.3497772326806812,0.46662899078108805,0.46421971845808474,0.4958912301388628,0.5285424515917934,0.49290934397985303,0.5547822397108485,0.45788582525832244,0.4684834127431059,0.578054973299216,0.6055854610524632,0.6847246158892549,0.752227173101629,0.7005319401887435,0.7487298964637136,0.7544591073355841,0.7629246849266147,0.853147459291706,0.8496179341522551,1.0824718954219528,0.21090675105485235,0.5736407405901451,2.108420264667446,3.254342618629908e+18,5.855267780293005e+17,4.99224328969512,0.8982127793859066,0.24986068450926355,0.07915044858362648,0.40117241884948673,0.18243070505799747,0.8182404690570676,0.0046,0.0,0.07735155706609532,0.18031386358548246,inf,0.0,78.62798293534193,14.146878465567374,21,0.001,25,5,0.3837057489058974,0.009067647227597852,0.3736794403370248,0.3975138243229314,3 1 1 1 2,1e-06 1e-06 1e-06 1e-06 1e-06,,,,,,,,,,,,,,,
case,det,0,S1,GLUF,4,default,100,0.060539960861206055,sample,1,7.849380246467661e-20,1.9017496624748158,1.25,7.07e-06,10100.0,3.16e-11,4,1e-06,0.33227589075356734,0.0,0.3200401791380774,0.0,0.31055157800880556,0.33227589075356734,0.3200401791380774,0.3392451111035896,0.3239741749720735,0.3620692181997044,0.3454149875482937,0.4025353097465486,0.38386854625145184,0.4748772360840355,0.4573487634948772,0.5409486831887196,0.5245241924059991,0.7139349589459552,0.6929694765697388,0.8537105754747806,0.8328748504226549,0.9531582595250546,0.9431624834505593,1.1981796513835314,1.179770047607705,40.23157894465903,0.21090675105485235,0.5736407405901451,2.37718707809352,3.254342618629908e+18,5.855267780293005e+17,0.13432142605283476,0.02416733609017748,0.41073878910939554,0.37085189595235674,0.023188344106019828,0.019486163840982947,0.09273028618162277,0.0,0.0,0.0058592812076037025,0.0193091171876645,inf,0.0,78.62798293534193,14.146878465567374,21,0.001,25,5,0.33235481224366237,8.511839121428211e-05,0.33227589075356734,0.33248534802507224,4 5 4 4 4,1e-06 1e-06 1e-06 1e-06 1e-06,,,,,,,,,,,,,,,
case,det,0,S4,GLUE,5,default,100,0.013972997665405273,sample,1,2e-17,4.050722669499845,0.5,6.000000000000003e-06,19715.316009726484,2e-10,1,1e-05,0.3439770052785466,0.0,0.34573722869250606,0.0,0.30279969805612345,0.6629436645752482,1.2142334534905308,0.3439770052785466,0.34573722869250606,0.6137042862206299,1.1179230487042624,0.6065121305757206,1.0832090297150485,0.4618130186828545,0.5613551900307744,0.45282813063832594,0.4002965672741917,0.4912586476300829,0.4673254316231661,0.631379884328802,0.6622661564803828,0.7977313381385905,0.7995642212284138,0.9063286580180018,0.9009225727792229,0.33631916214956137,0.06000000000000005,0.3286267594591275,2.0253613347499226,7.36972024483642e+18,5.249268934003226e+17,36.38718740400157,2.5917691050675504,0.13746403089313253,0.013206103307122794,0.5939945802848644,0.18837184450453373,0.9699177586392137,0.1734,0.04924,0.25219110435640607,0.16956744220880454,inf,0.0,178.05938266364828,12.682728173826739,6,0.001,10,5,0.35735676552818896,0.010297730526956556,0.3439770052785466,0.3713819419503542,1 1 2 2 1,1e-05 1e-05 1e-05 1e-04 1e-05,,,,,,,,,,,,,,,
case,det,0,S4,GLUF,5,default,100,0.06756711006164551,sample,1,2e-17,10.0,1.2287351519076855,3.593662445342736e-05,20000.0,2e-10,4,1e-06,0.3293394212394323,0.0,0.33276140899172246,0.0,0.305600502375924,0.3293394212394323,0.33276140899172246,0.3384528756531084,0.3278096988825643,0.36234642967326924,0.3427558797306341,0.4084051225851001,0.3857019273527591,0.46300189953774057,0.44553436978952987,0.5492913094482289,0.5344161658716429,0.6351586169018766,0.6216935530570069,0.8536500809213389,0.8303141566044862,0.9358977720809235,0.9108556825360878,1.1054641923334083,1.0786871372349083,0.8302695335869232,0.8758606869712275,0.8949784622925617,12.287351519076854,1.166457823649505e+17,3.5672102823453124e+16,0.23329156472990104,0.07134420564690626,0.07596485130593725,0.06598966992632309,0.06462038246029328,0.04189857919847083,0.18868272843638834,0.0,0.0,0.004892743550184431,0.04181689819310287,inf,0.0,2.818271970740508,0.8618716038113646,88,0.0009829881215261483,25,5,0.3306187836273962,0.0007787602298270981,0.3293394212394323,0.3312726828832086,5 5 5 4 4,1e-06 1e-06 1e-06 1e-06 1e-06,,,,,,,,,,,,,,,
case,hyb,500,S0,GLUE,3,default,5,0.6510488986968994,sample,10,1e-18,1.0,1.25,7.07e-06,10100.0,3.16e-11,5,1.0,0.6066545673768724,0.010778910765907791,0.636736888865696,0.01563600864132414,0.5282959559750745,0.7955265063407873,0.8160735926771648,0.7936618239020033,0.8142649066667917,0.7773149878680038,0.7983864631558231,0.7054253837875144,0.7280348280690179,0.633238513748193,0.6561504850561813,0.6096238929513829,0.6350248962134504,0.6066545673768724,0.636736888865696,0.609050094924322,0.6374601236117555,0.678093392431692,0.6845341902924493,0.815355834077263,0.8122465094170017,1.6605390671738465,0.21090675105485235,0.5736407405901451,1.25,3.254342618629908e+18,5.855267780293005e+17,3.2543426186299085,0.5855267780293005,0.5045641682534964,0.1880431530118833,0.31723765986534114,0.16760758440924692,0.7229177239007926,0.0,0.0,0.04321016432572506,0.1667787855575391,0.019196157623851313,2.25097986651434,78.62798293534193,14.146878465567374,21,0.001,25,3,0.6077201910456301,0.0015840275023164593,0.6066545673768724,0.6095404335676704,5 5 5,1e+01 1e+00 1e+00,,,,,,,,,,,,,,,
case,hyb,500,S0,GLUF,2,default,5,0.659473180770874,sample,10,1e-18,1.0,1.25,7.07e-06,10100.0,3.16e-11,5,1.0,0.5485688218639945,0.009129210205506425,0.5031573138636176,0.01662515124420289,0.5072689291021686,0.7060976941883752,0.6860653430111443,0.7042971225403706,0.6841070953381517,0.6887706404787046,0.6670963131315891,0.6251184001706126,0.5942565333395833,0.5662000093167971,0.5224944435509649,0.5494092193147825,0.5046653700528598,0.5485688218639945,0.5031573138636176,0.5686677960128115,0.527062930795225,0.7152396989698799,0.6787984439941344,0.8753410111759091,0.8338426271840038,1.6605390671738465,0.21090675105485235,0.5736407405901451,1.25,3.254342618629908e+18,5.855267780293005e+17,3.2543426186299085,0.5855267780293005,0.5045641682534964,0.1880431530118833,0.31723765986534114,0.16760758440924692,0.7229177239007926,0.0,0.0,0.04321016432572506,0.1667787855575391,0.019196157623851313,2.25097986651434,78.62798293534193,14.146878465567374,21,0.001,25,3,0.5497069460948104,0.0012068198256942895,0.5485688218639945,0.5509723694800425,5 5 5,1e+00 1e+00 1e-01,,,,,,,,,,,,,,,
case,hyb,500,S1,GLUE,3,default,100,0.6810750961303711,sample,10,8.679695369541943e-19,10.0,1.25,7.07e-06,10100.0,3.16e-11,5,1.0,0.5202939435966697,0.009682627023849191,0.5238314411933348,0.012312749064695589,0.48096228556906667,0.7201656325705857,0.7511122754646353,0.7188641087506097,0.749689048381785,0.7071968444970012,0.7369441705461207,0.6495794995820449,0.6741807920129117,0.5745862323800254,0.5908354812326562,0.5380213257568043,0.5478229368336922,0.5202939435966697,0.5238314411933348,0.5871549390434493,0.5772377049029126,0.7219835457995195,0.7071439910125543,0.9332205381898889,0.9260955410808427,19.131305840535266,0.21090675105485235,0.5736407405901451,12.5,3.254342618629908e+18,5.855267780293005e+17,0.28246702557825015,0.050821940640037325,0.07613088089050882,0.062379771490755395,0.04662527582526248,0.039380214832595635,0.2102509714383505,0.0,0.0,0.028402695168947858,0.03746344268527548,0.008624162255765367,3.2933859923565656,78.62798293534193,14.146878465567374,21,0.001,25,3,0.521060150193015,0.0009114364158461778,0.5202939435966697,0.5220680830110714,5 5 5,1e+00 1e+00 1e+00,,,,,,,,,,,,,,,
case,hyb,500,S1,GLUF,1,default,100,1.1982159614562988,sample,10,8.794228609386685e-18,9.997534026316021,1.25,7.07e-06,10100.0,3.16e-11,4,1.0,0.48019629708371153,0.006026511933971646,0.4316321866100511,0.007055109296116348,0.41609500340416317,0.5615954035520941,0.5198091952763432,0.5615161119796425,0.5197250269210842,0.5607324679832751,0.5188934048712524,0.5537181307441807,0.5114677143939769,0.5203000690585925,0.4765595518514287,0.4847311374935169,0.43920987954248847,0.48019629708371153,0.4316321866100511,0.5254837283084142,0.4836261030243626,0.7397761080160012,0.7019794128874313,0.8583583010723521,0.8184120428676532,1.8877489503033722,0.21090675105485235,0.5736407405901451,12.496917532895026,3.254342618629908e+18,5.855267780293005e+17,2.8626492179139356,0.5150526449175512,0.05281647005728134,0.0207162825669964,0.2906771192065679,0.1644059774809341,0.7393824670100574,0.0,0.0,0.1266285269732657,0.15840705300032412,0.018645542332675583,6.791356599553244,78.62798293534193,14.146878465567374,21,0.001,25,3,0.4838357144632054,0.004047882373676723,0.48019629708371153,0.4881953705076235,4 4 4,1e+00 1e+00 1e+00,,,,,,,,,,,,,,,
case,hyb,50000,S0,GLUE,2,default,5,2.4960439205169678,sample,10,1e-18,1.0,1.25,7.07e-06,10100.0,3.16e-11,3,0.01,0.5127372548204339,0.011067956781256017,0.4811861300055177,0.018371973511032622,0.4142465560637711,0.5919825852145877,0.5362429963049099,0.5730413269715984,0.5143145223304706,0.5396830560076616,0.47933405192955103,0.5211692474166758,0.4679944265967405,0.5127372548204339,0.4811861300055177,0.5517281969285467,0.5709898440401635,0.609101753535173,0.6597949752443328,0.6301985517531772,0.6721216073007446,0.715370798006634,0.7228243206508885,0.8137002934764024,0.8098758529461829,1.6605390671738465,0.21090675105485235,0.5736407405901451,1.25,3.254342618629908e+18,5.855267780293005e+17,3.2543426186299085,0.5855267780293005,0.5045641682534964,0.1880431530118833,0.31723765986534114,0.16760758440924692,0.7229177239007926,0.0,0.0,0.04321016432572506,0.1667787855575391,0.0019196157623851315,22.509798665143396,78.62798293534193,14.146878465567374,21,0.001,25,3,0.5152142577093809,0.0037808435206215193,0.5127372548204339,0.5195661367800888,2 3 3,1e-02 1e-02 1e-02,,,,,,,,,,,,,,,
case,hyb,50000,S0,GLUF,3,default,5,2.706324815750122,sample,10,1e-18,1.0,1.25,7.07e-06,10100.0,3.16e-11,3,0.001,0.42303117347874714,0.00402548396109934,0.37393963847654127,0.004440253266746389,0.3673059145566078,0.4609576249869776,0.4148024496525662,0.44760982235106717,0.4015564699357622,0.42808299244357145,0.38105471986053097,0.42303117347874714,0.37393963847654127,0.428258868890888,0.3768406005913903,0.4483754644765904,0.39358113296308606,0.4754713487192769,0.4220559652678449,0.5703199737033204,0.5312513601223561,0.7921618128208303,0.7507520749486876,0.8647423701144117,0.8239533969202391,1.6605390671738465,0.21090675105485235,0.5736407405901451,1.25,3.254342618629908e+18,5.855267780293005e+17,3.2543426186299085,0.5855267780293005,0.5045641682534964,0.1880431530118833,0.31723765986534114,0.16760758440924692,0.7229177239007926,0.0,0.0,0.04321016432572506,0.1667787855575391,0.0019196157623851315,22.509798665143396,78.62798293534193,14.146878465567374,21,0.001,25,3,0.42392432399065094,0.001182762203059623,0.42303117347874714,0.42526568304803253,3 3 3,1e-03 1e-03 1e-03,,,,,,,,,,,,,,,
case,hyb,50000,S1,GLUE,2,default,100,1.6103579998016357,sample,10,2.4216109718773663e-18,2.1341605230236675,1.25,7.07e-06,10100.0,3.16e-11,2,0.01,0.4767931986933317,0.008265148198757667,0.4658187304824685,0.012570467120624394,0.4116308149095639,0.534840356911406,0.5340601310976569,0.5292888113005793,0.5279926877675114,0.5104906820053438,0.5073808108449942,0.4939565503673712,0.4896421094045012,0.4767931986933317,0.4658187304824685,0.5113995053139645,0.51253876050056,0.6309678650225535,0.6876728553532268,0.6668542914790432,0.7108126750169363,0.726058725400509,0.734709368789994,0.8214832940217555,0.8178949197460975,1.4634294960076004,0.21090675105485235,0.5736407405901451,2.667700653779584,3.254342618629908e+18,5.855267780293005e+17,3.692670587101338,0.6643914807283842,0.22522024190860107,0.07988087912043473,0.34039124553036026,0.17341667298760116,0.7692059678783739,0.0,0.0,0.07999947295614095,0.17095448912496466,0.0019536505419568725,40.948711777291315,78.62798293534193,14.146878465567374,21,0.001,25,3,0.4805013672487142,0.003408361781275949,0.4767931986933317,0.4834973992072197,1 2 1,1e-02 1e-02 1e-02,,,,,,,,,,,,,,,
case,hyb,50000,S1,GLUF,3,default,100,0.6804530620574951,sample,10,5.71192856923138e-18,8.933960018075654,1.25,7.07e-06,10100.0,3.16e-11,5,0.01,0.38351150100693837,0.0024488584469419842,0.34373274322497777,0.0031239907137421367,0.3328452101327175,0.5027264701075025,0.4568427857478253,0.4856069196962539,0.4398840165155951,0.4292545119696764,0.3845357168782001,0.3893010963024004,0.34771874647935597,0.38351150100693837,0.34373274322497777,0.40663101455414424,0.36497195657437537,0.4523358529470281,0.40731146590224937,0.515023776358686,0.4745837171430559,0.7167551605026575,0.6811891469191266,0.8722852830832348,0.8321580015315174,2.597229544237818,0.21090675105485235,0.5736407405901451,11.167450022594567,3.254342618629908e+18,5.855267780293005e+17,2.0806644018789053,0.3743566262563098,0.06515481886724092,0.029067092471386325,0.2367957732473244,0.14664659386379203,0.6715853332780616,0.0,0.0,0.10920225402507197,0.14126247264849637,0.0017445775543226919,62.595241899388206,78.62798293534193,14.146878465567374,21,0.001,25,3,0.38360077928877034,0.00015359018964359873,0.38351150100693837,0.3837781285937643,4 5 5,1e-03 1e-02 1e-02,,,,,,,,,,,,,,,
case,hyb,50000,S4,GLUE,3,default,100,2.088665008544922,sample,10,2e-17,10.0,2.0,6.000000000000003e-06,15105.839906568337,1.3421695879702072e-10,3,0.001,0.42117568526392474,0.01550445460125792,0.3813681531127936,0.014650956721254623,0.3094565133491562,0.491269995007904,0.4535687012388303,0.48149737848002855,0.4447203811893308,0.444925545384104,0.4095589859522651,0.42117568526392474,0.3813681531127936,0.47320546449560863,0.44851538647265804,0.5072436608405867,0.4969425901283098,0.48545346060335337,0.4466234475767978,0.4937095002157516,0.4667011731055726,0.605663769175163,0.6039915043308659,0.7897528112168334,0.7834858617922027,0.8302695335869232,0.02235186988953437,0.2043269364984435,20.0,5.219672658161109e+18,1.4929411885189386e+17,10.43934531632222,0.29858823770378773,0.038503351985084866,0.004370879505548062,0.16063373433915407,0.17002099810733418,0.9000568385277992,0.00644,4e-05,0.4620702356025717,0.0970473260961034,0.0013525572899698395,341.6271081669859,126.11220783715387,3.607086531772632,2,0.001,40,3,0.4283309102310424,0.008323088470283119,0.42117568526392474,0.4374651285523957,2 4 3,1e-03 1e-03 1e-03,,,,,,,,,,,,,,,
case,hyb,50000,S4,GLUF,2,default,100,2.5157058238983154,sample,10,1.9286977073348678e-17,10.0,2.0,8.248030576783745e-06,19065.121185463417,2e-10,4,0.001,0.36158569070118535,0.003381733229888209,0.33126546792579004,0.004512541872808925,0.3086874889795576,0.4282185880037421,0.4046003602869668,0.4117216073406933,0.3881656218174264,0.3768344563589855,0.35032466351477987,0.36158569070118535,0.33126546792579004,0.36679583030189183,0.3320577704072885,0.39421348171107917,0.35190165929638495,0.4342600249611512,0.3908415372090662,0.5466903829077285,0.5103786166745622,0.7451005843615726,0.7060864446356951,0.8549878557303412,0.8213934412491584,0.8609638829655837,0.028345836831483163,0.22941663763186196,20.0,2.5674161023781e+18,9.280236994857382e+16,4.951769550431264,0.17898771815505657,0.04240926281933004,0.008400862899064533,0.11775318294232907,0.13294198461699158,0.7969987901716815,0.0,0.0,0.3249312306602923,0.08149167541586257,0.0012024788466672603,270.2178350670018,62.03119128578287,2.2421926686218927,3,0.001,40,3,0.3626720688773234,0.0015269721051305314,0.36158569070118535,0.3644179552064531,5 4 5,1e-02 1e-03 1e-03,,,,,,,,,,,,,,,
compromise,det,0,S1,MG+SINE+MGCUBED,2,default,100,0.05390310287475586,sample,1,1.0973468198619366e-17,8.123676522227033,1.25,7.07e-06,10100.0,3.16e-11,5,1e-06,1.0444823793347644,0.0,1.1955471286896786,0.0,0.09274275452771508,0.09113723001120444,0.09919127625884143,0.11376371092939577,0.11960119398966874,0.1703993585168421,0.17464448444447286,0.22238054620143938,0.2261223446583131,0.30398474988530455,0.3048935917958038,0.4031380552614541,0.4076992816579893,0.5646308362077609,0.5703838702430513,0.6880459344625567,0.697663533082874,0.79543377798779,0.7874939194337768,0.9535127971542632,0.9413369375221108,1.2292997974822735,0.21090675105485235,0.5736407405901451,10.15459565278379,3.449056891438664e+18,1.425334035277529e+18,4.658988576154609,1.9253422592262426,0.03366360948764912,0.017401975301251954,0.6219278788936802,0.12720907688766672,0.8212992667919415,0.01404,0.0,0.16128908658326652,0.1159737889230104,inf,0.0,83.33246316801024,34.43741281615457,21,0.001,25,5,1.0646383196614264,0.024165138437794317,1.0444823793347644,1.0974039404462066,5 5 5 5 5,1e-06 1e-06 1e-06 1e-06 1e-06,0.09113723001120444,1.031611024964491,1e-06,0.09919127625884143,0.08834456767689301,0.2672450628235559,1.0444823793347644,1e-06,0.2708045674872588,0.25586363935958933,0.3059831585967731,1.0247232578568195,1e-06,0.35699129875598556,0.29860077464888274
compromise,det,0,S4,MG+SINE+MGCUBED,5,default,100,0.059751033782958984,sample,1,2e-17,10.0,1.3902694674174856,7.301925045118233e-06,20000.0,6.004291620162385e-11,5,1e-06,1.0772128770360385,0.0,1.1958451089970548,0.0,0.09436951063050493,0.09350300296729497,0.10089732013528968,0.12137831113230821,0.12807019482678705,0.1624832082727375,0.16554701643734324,0.22498939505334883,0.22364841185191978,0.29233808873779454,0.28765653246414713,0.38457048655664117,0.3797700276898715,0.507069351733695,0.502282732371275,0.6756322577379994,0.6793981869180927,0.787230678485834,0.7829831584283984,0.9262591533517761,0.9163060979240991,0.8302695335869232,0.10645418233722581,0.42800901711992095,13.902694674174857,4.717076264603682e+18,1.292099913113274e+18,9.434152529207365,2.5841998262265484,0.020068217556697583,0.006893564348235203,0.6556592632930925,0.15811662352425046,0.9030031644175084,0.18368,0.00072,0.2824856175923169,0.1309626136155879,inf,0.0,113.96900557265626,31.21835093128557,11,0.0009930496195839182,28,5,1.104744396188998,0.02475617974815297,1.0772128770360385,1.1429403448747695,5 5 5 5 5,1e-06 1e-06 1e-06 1e-06 1e-06,0.09350300296729497,1.0718097855425446,1e-06,0.10089732013528968,0.08723843001672561,0.24906215625816341,1.0772128770360385,1e-06,0.25370356303378455,0.23120978366268727,0.28707603498708895,1.0083371444301796,1e-06,0.34046000808943594,0.28470242971096554
compromise,hyb,50000,S1,MG+SINE+MGCUBED,3,default,100,0.6611478328704834,sample,10,3.722626978509789e-18,6.799903421162917,1.25,7.07e-06,10100.0,3.16e-11,5,0.01,1.0684673941294378,0.005119822000490384,1.1011872585114253,0.006871025978258658,0.3012880531783323,0.4422474848646397,0.4393993622476923,0.43054062404705606,0.4282777204106055,0.38064081931834537,0.3790702215317031,0.33345418777350505,0.33153209595774424,0.32326142493434806,0.3267977624536535,0.3639580938224505,0.36884317125581745,0.5227446683075454,0.5317365237702996,0.6061255612288452,0.6116235422020352,0.7860183894140917,0.7721729397349558,0.9844669907457522,0.9684571569782635,3.03320890033689,0.21090675105485235,0.5736407405901451,8.499879276453646,3.449056891438664e+18,1.425334035277529e+18,1.8881962638652985,0.7803032785140537,0.06608353261001368,0.040734326552984125,0.41519044846266095,0.11922429839747102,0.6445084807308141,0.0,0.0,0.15635641714533838,0.10717548513776468,0.0021314153811274467,73.35802234036198,83.33246316801024,34.43741281615457,21,0.001,25,3,1.0801339152925586,0.010261227876784356,1.0684673941294378,1.0877593841494422,5 5 5,1e-02 1e-02 1e-02,0.32326142493434806,1.0684673941294378,0.01,0.3267977624536535,0.3025468317615194,0.37772890845000956,1.0632416427288747,0.1,0.3830650803401353,0.35526158238172956,0.5343384238893407,1.0065378182752538,0.01,0.5845847552238815,0.5308677072908724
compromise,hyb,50000,S4,MG+SINE+MGCUBED,2,default,100,0.9007441997528076,sample,10,2e-17,10.0,2.0,6.000000000000003e-06,9530.0692613197,6.312821824497922e-11,5,0.01,1.092193336971547,0.004453994362433793,1.1487924639889788,0.005908139534516035,0.27498797234914496,0.408816063576871,0.3886771702921157,0.4017683288473413,0.38250419521539014,0.36247935131671444,0.3486678310117469,0.30338670240722587,0.3004094334611786,0.29736134272182363,0.2925268465921819,0.3395576648838423,0.33237836127016684,0.41683060474257105,0.40915325241139266,0.5704530437259197,0.5680274089052817,0.7380636981596991,0.7274575846154059,0.9112097594357722,0.8981228268433948,0.8302695335869232,0.04752232968714592,0.2942577028953245,20.0,3.4712702988778655e+18,4.9808762830181754e+17,6.942540597755732,0.9961752566036352,0.02504790089677387,0.006295214910721155,0.40835074883089983,0.19447680158954883,0.8695575612241718,0.031,0.0,0.5188936887004261,0.11412552640326738,0.0019995213952230338,259.5089454606945,83.86916001457664,12.03426624911064,5,0.001,40,3,1.1055434517696723,0.02151789121871452,1.092193336971547,1.1303665247257617,5 5 5,1e-03 1e-02 1e-03,0.29736134272182363,1.0611972317339653,0.01,0.2925268465921819,0.2802130780495383,0.3213432208228344,1.0780077664498147,0.01,0.32640015623514035,0.29808989399131025,0.5662331635368572,1.092193336971547,0.01,0.5955762309770677,0.5184367495840236
wide,det,0,S1,MG,2,wide,100,0.051217079162597656,sample,1,1.0760860562221542e-17,16.253759005832894,1.25,7.07e-06,10100.0,3.16e-11,5,1e-06,0.08677720275577792,0.0,0.09330632902328186,0.0,0.0880149686063173,0.08677720275577792,0.09330632902328186,0.11536397696676949,0.11992133921213005,0.17046311564356367,0.1746435011945997,0.22421265682984345,0.227424694892203,0.2890177290098402,0.29228703451675203,0.34605187912331714,0.3490167519822353,0.5212802186659338,0.5285516327541,0.6202787563799211,0.6268361228665116,0.77823347384827,0.7659672998053632,0.9728687298238426,0.9576297604775711,2.508163883506569,0.21090675105485235,0.5736407405901451,20.317198757291116,3.449056891438664e+18,1.425334035277529e+18,2.283460722324083,0.9436476080828967,0.02532320335700298,0.014990093622620649,0.457959340953626,0.12583041988847987,0.6929114972275837,0.0,0.0,0.17674242920289396,0.11174773426776421,inf,0.0,83.33246316801024,34.43741281615457,21,0.001,25,5,0.08733089213293306,0.0005399720209779127,0.08677720275577792,0.08806856459837552,5 5 5 5 5,1e-06 1e-06 1e-06 1e-06 1e-06,,,,,,,,,,,,,,,
wide,det,0,S1,MGCUBED,1,wide,100,0.05048084259033203,sample,1,6.471048406191074e-18,3.3002290246124124,1.25,7.07e-06,10100.0,3.16e-11,5,1e-06,0.29835013483713096,0.0,0.3477199253972137,0.0,0.31112450026797484,0.29835013483713096,0.3477199253972137,0.3549752842664367,0.4044166742306764,0.42012194827211374,0.4661312420536453,0.4494840051061776,0.4938814964896888,0.4932973634513122,0.5368278421069724,0.583927292103644,0.6282471771022528,0.7243606705678638,0.7569776621573587,0.8532600191616745,0.8780415398704484,0.930708353957131,0.9301859505577014,1.0034903126969774,0.9935423077127579,0.8468734711900614,0.21090675105485235,0.5736407405901451,4.125286280765516,3.449056891438664e+18,1.425334035277529e+18,6.7628682536139175,2.794777413472317,0.06387921941085371,0.0312265275013137,0.700700845930311,0.11712338000054469,0.8677963852328152,0.1814,0.0,0.1301823760577163,0.10912830143196921,inf,0.0,83.33246316801024,34.43741281615457,21,0.001,25,5,0.2989596453856259,0.0006984482341094645,0.29835013483713096,0.30007602705675496,5 5 5 5 5,1e-06 1e-06 1e-06 1e-06 1e-06,,,,,,,,,,,,,,,
wide,det,0,S1,SINE,3,wide,100,0.13616013526916504,sample,1,1.1313379145884569e-17,2.5348057262789014,1.25,7.07e-06,10100.0,3.16e-11,5,1e-06,0.25614262978659597,0.0,0.2597802624359139,0.0,0.2563545092439922,0.25614262978659597,0.2597802624359139,0.2674865916446294,0.274772975293231,0.28810693481578475,0.29768036159505634,0.3121788311028243,0.32064145767248675,0.3363261236872162,0.344470931647347,0.36365171549787156,0.3734949893593136,0.39546059261587313,0.4106534659043099,0.4418055304059822,0.4690837644313008,0.5307294160849528,0.5660225483540762,0.707343439442117,0.7483240720523892,0.3720501082749656,0.21090675105485235,0.5736407405901451,3.1685071578486266,3.5317197925357875e+18,1.252999095510113e+18,15.762819468077012,5.592402482759979,0.047874206988303525,0.018827742052039336,0.7268138194286811,0.23651038949755654,0.9399746518354287,0.58145,0.22055,0.08879220321088704,0.23456726719568866,inf,0.0,85.32967671880311,30.273638348885868,21,0.0009615384615384616,13,5,0.2566931703052895,0.0004148379768007756,0.25614262978659597,0.2572461294486583,5 4 5 5 5,1e-06 1e-06 1e-06 1e-06 1e-06,,,,,,,,,,,,,,,
wide,det,0,S4,MG,5,wide,100,0.35576796531677246,sample,1,1.444754610351526e-18,3.6347033306343315,5.0,8.508255087285205e-06,44537.15905834307,2.0277666093134398e-11,5,1e-06,0.09019012515393418,0.0,0.09785296225015752,0.0,0.09082605212101501,0.09019012515393418,0.09785296225015752,0.10443324860869947,0.1111548603538942,0.15278937367786985,0.15745179391807718,0.19952741916780758,0.2016230927742334,0.2649895269405919,0.2645941643935811,0.319615378626933,0.3187662820712645,0.4548503350617412,0.45543109140867327,0.5946186109103699,0.5984457004906721,0.7496285148240661,0.7383015554349873,0.9515288693037693,0.9365918786923872,4.177572326027519,0.1189985808324435,0.44982052415465595,18.173516653171657,6.867830986415688e+18,2.0250510588576333e+18,2.72988730527492,0.8049355304525524,0.030485921888519053,0.014752489577197417,0.4061950595335757,0.14957994846534434,0.7271248130704963,0.0,0.0,0.2893885518282417,0.11718906705739107,inf,0.0,165.93326545010464,48.927140980038786,12,0.001,100,5,0.09239131911797258,0.0026736931892519123,0.09019012515393418,0.09666274054918897,5 5 5 5 5,1e-06 1e-06 1e-06 1e-06 1e-06,,,,,,,,,,,,,,,
wide,det,0,S4,MGCUBED,4,wide,100,0.2267932891845703,sample,1,1.1231073619363909e-19,2.3877649301253276,3.2545348810993002,3.5000000000000004e-06,96477.19870085835,5e-12,5,1e-06,0.28469934556131143,0.0,0.33209091481907016,0.0,0.29911941831202465,0.28469934556131143,0.33209091481907016,0.3576843584661175,0.40710741325172195,0.4002907557065591,0.4469324225337898,0.4428598231862461,0.48502884931107615,0.4952481301573303,0.5312905610707065,0.5961041337863987,0.6296522737151309,0.7243127510599197,0.7536445156545198,0.8547871825850695,0.8788636840102768,0.9227914115033076,0.9278793548851472,0.9941629953214095,0.9850071981508438,35.30363244048702,0.1254659569650729,0.4604626324359188,7.771064252958512,2.1773682403057913e+20,6.6521768587272e+19,10.241453291658678,3.128913030206568,0.031166193664416995,0.011447141200011657,0.7011290246823225,0.14481416379742873,0.909765208115887,0.26044,0.00516,0.22364987974550557,0.1262328240217677,inf,0.0,5260.726755156346,1607.2285860026745,13,0.0009862226912422123,66,5,0.2886709424079737,0.0034578380934095682,0.28469934556131143,0.2935304208141774,5 5 5 5 5,1e-06 1e-06 1e-06 1e-06 1e-06,,,,,,,,,,,,,,,
wide,det,0,S4,SINE,1,wide,100,0.35628414154052734,sample,1,7.945616068647189e-19,2.3608812965541115,5.0,3.5000000000000004e-06,87277.10891824224,2.360794345278782e-11,5,1e-06,0.2287169665508773,0.0,0.2326114052327992,0.0,0.22889281198256806,0.2287169665508773,0.2326114052327992,0.24510669256647094,0.2493343533622789,0.2632836400549309,0.2659901115465032,0.2718884337809028,0.2759477316264888,0.2833213653741154,0.2912359473336895,0.3106106671648079,0.32040597330378406,0.3568830648413239,0.36301154497538457,0.38352027437655617,0.3875662746252792,0.40495621392212466,0.419409559566259,0.4427412178064766,0.4676360981215952,4.933960553867559,0.017296438131086514,0.18019225700376398,11.804406482770558,1.5130114591097166e+20,7.338332321973253e+18,50.92084968056738,2.4697375213081707,0.024415140145873673,0.0016316013388325116,0.45521143446561496,0.2750209052173014,0.9801828271109915,0.13655,0.0615,0.58243379681938,0.2070784351951856,inf,0.0,3655.578195941163,177.30102088295172,2,0.001,50,5,0.23040615153951313,0.0013047819993282474,0.2287169665508773,0.23160555769351723,5 5 5 3 5,1e-06 1e-06 1e-06 1e-06 1e-06,,,,,,,,,,,,,,,
wide,hyb,50000,S1,MG,2,wide,100,0.5957682132720947,sample,10,1.9867592241991025e-17,78.70145010371213,1.25,7.07e-06,10100.0,3.16e-11,5,0.01,0.2756136621542762,0.004256706249495787,0.2854604778685448,0.006999430470446502,0.25658582943649677,0.37152612429499543,0.3832757200542367,0.3671810438966908,0.37950556138085106,0.3382313884969236,0.3538226769680598,0.2836146958790207,0.3000948849634691,0.2756136621542762,0.2854604778685448,0.3717298283401574,0.378993215326341,0.5009772219952444,0.5095284181811213,0.5671362472997016,0.5660876583890541,0.8448844868625471,0.826382684665548,1.0340938694417807,1.016953484679857,6.577889809125177,0.21090675105485235,0.5736407405901451,98.37681262964017,3.449056891438664e+18,1.425334035277529e+18,0.8706886067312802,0.3598149129934509,0.007475279796908804,0.005433826298005258,0.2533287571155062,0.09148787905115165,0.46315704037104216,0.0,0.0,0.1412716119452781,0.07819544062914024,0.0018816981594148147,75.07665947295811,83.33246316801024,34.43741281615457,21,0.001,25,3,0.2783315538788376,0.002530058433366777,0.2756136621542762,0.2806183974221267,5 5 5,1e-02 1e-02 1e-02,,,,,,,,,,,,,,,
wide,hyb,50000,S1,MGCUBED,2,wide,100,0.640963077545166,sample,10,1.9792423293238675e-17,53.47875852972281,1.25,7.07e-06,10100.0,3.16e-11,5,0.01,0.5239830857762239,0.0045818426481418015,0.5705265097629264,0.01125639790945079,0.48488922709317633,0.7511079033479026,0.7869415047356656,0.7445703977145662,0.7803514131079643,0.6967739778751186,0.732679724643077,0.576443792017671,0.6185598916658235,0.5239830857762239,0.5705265097629264,0.5613228783757171,0.6064810022150898,0.6940701625557026,0.7385108031319392,0.7702251496415558,0.7990932910506686,0.9163113571107326,0.909982832350386,1.0421556784396429,1.0286954289201544,4.486745583745556,0.21090675105485235,0.5736407405901451,66.84844816215352,3.449056891438664e+18,1.425334035277529e+18,1.2764917480250606,0.5275143876945766,0.009793171511824387,0.006571168289298679,0.3280686064154006,0.1082279309987486,0.5583612458854789,0.0,0.0,0.16280315905054832,0.09372976725389023,0.002029831312901351,80.20526534189912,83.33246316801024,34.43741281615457,21,0.001,25,3,0.5246468075418318,0.00084929665391611,0.5239830857762239,0.5256038962788991,5 5 5,1e-02 1e-02 1e-02,,,,,,,,,,,,,,,
wide,hyb,50000,S1,SINE,1,wide,100,2.0579640865325928,sample,10,9.396008525881994e-18,3.6549601578251236,1.25,7.07e-06,10100.0,3.16e-11,5,0.01,0.35889768409660233,0.007369405396335506,0.3712227551585558,0.007176954870515114,0.34290495903103185,0.4248059009179096,0.43342686230152694,0.4230342528809513,0.43169848540694195,0.40986532660379893,0.41893687339780533,0.3766063642971679,0.38776689285232274,0.35889768409660233,0.3712227551585558,0.36379616382233093,0.3738456311667017,0.3891816148806962,0.4017542718300814,0.4204808826056487,0.44190958323145696,0.490342405480409,0.5230319750921868,0.6489000974610477,0.6916718325846188,0.6459342937284953,0.21090675105485235,0.5736407405901451,4.568700197281404,3.5317197925357875e+18,1.252999095510113e+18,9.079187692551637,3.2211541784195705,0.0518532670642855,0.021716098718437805,0.6409687806586043,0.24895628749817858,0.8999980633214985,0.38495,0.0,0.11098710717513517,0.2461270705112809,0.0018116958196255975,61.2614468570511,85.32967671880311,30.273638348885868,21,0.0009615384615384616,13,3,0.3591030957965062,0.0003439531388737543,0.35889768409660233,0.3595001794426623,5 5 5,1e-02 1e-02 1e-02,,,,,,,,,,,,,,,
wide,hyb,50000,S4,MG,3,wide,100,2.4169299602508545,sample,10,2.7769065680144243e-19,31.849580251857564,4.443639065877947,3.5000000000000004e-06,41353.36005904629,5e-12,5,0.001,0.27127843372520627,0.005654617935779379,0.27500998349336053,0.012290980343876103,0.2076523636702318,0.36875776924877074,0.38514808919146215,0.36147312949103605,0.37722292530887735,0.3221947876886463,0.3337936717752651,0.27127843372520627,0.27500998349336053,0.2762481178384298,0.27669270628342846,0.37797194569808784,0.38034299346909434,0.4804581681946739,0.484198226633277,0.57693807589082,0.5692774075665319,0.8562742337136872,0.8360258989900385,1.070882608699387,1.05485811696931,190.45463354971406,0.0918916517025123,0.4004498805975155,141.52803903896904,8.494469029107396e+19,2.0812225652761256e+19,0.7406171965907681,0.18145798360020876,0.0059805238871780955,0.0040593289015284405,0.14369176472765685,0.0871054979518149,0.4228410047366811,0.0,0.0,0.21340223252714702,0.054110317313084334,0.0014677282101911643,145.39628729991668,2052.343726938735,502.84297483119303,9,0.0009985705766017857,89,3,0.2738812180947796,0.0039744452075363415,0.27127843372520627,0.27845604117876627,5 5 5,1e-03 1e-03 1e-03,,,,,,,,,,,,,,,
wide,hyb,50000,S4,MGCUBED,1,wide,100,1.8220298290252686,sample,10,1.911893709157576e-18,52.41473113473777,3.580458117054009,5.015223633013036e-06,38243.21209275769,8.555670908353187e-12,5,0.01,0.512591583579982,0.005884862437734078,0.5587865176458819,0.008739529263534664,0.47962302573963367,0.7639619138571436,0.7879091540759616,0.754440573447868,0.7788017386354953,0.6904880436646579,0.718442272323397,0.5588655358115154,0.6000307022775992,0.512591583579982,0.5587865176458819,0.5573433846385216,0.600687949502125,0.6984145256956523,0.7407753155266353,0.768047070273614,0.7952373596487942,0.9214287780744923,0.9141254584927063,1.045111690838596,1.0321660806305206,45.523821919470514,0.13684744307067917,0.4783056312322196,187.66874954457532,3.0250958373567816e+19,9.777488499015082e+18,1.1034420239939167,0.3566462776385089,0.0039277280675218745,0.0025332467458562364,0.24619477578604815,0.10870883897298228,0.5226441656443498,0.0,0.0,0.21604039790769003,0.08250600592872825,0.001835031852015145,117.73114328802778,730.8916477196301,236.23333156443167,14,0.000994571699181669,72,3,0.5153813702490682,0.0035892665588938464,0.512591583579982,0.5194306283261694,5 5 5,1e-02 1e-02 1e-02,,,,,,,,,,,,,,,
wide,hyb,50000,S4,SINE,1,wide,100,7.461965084075928,sample,10,8.987757538928016e-19,2.0570915041024094,3.7902114036590144,3.5000000000000004e-06,100000.0,3.827495602580387e-11,3,0.01,0.2938910067464614,0.0027913407645466016,0.3034789268476344,0.003998943035888086,0.28636967168524174,0.3146726721476983,0.31818118612489144,0.3140081634728902,0.317550825307776,0.3089980256780095,0.3128624539121279,0.2960124229861997,0.30182636024077214,0.2938910067464614,0.3034789268476344,0.3165122910830124,0.32611445342925294,0.36075746088472865,0.3670855290434244,0.3841249210258768,0.38982405747076393,0.406617795533138,0.4231384225060485,0.4627423443445805,0.48905573488183157,3.800592964950941,0.014073648628544409,0.16280081596702775,7.796811677219027,1.7168789758068228e+20,6.567231313009235e+18,75.01315292713677,2.869327038961142,0.03314725102993505,0.0016873073900815943,0.457988426948526,0.27910956245519397,0.9859429186374009,0.1497,0.07175,0.6130375605551569,0.1998421624991334,0.0017646839223553477,347.3922739302386,4148.141318587394,158.67049420540928,1,0.0009974240535944774,38,3,0.29599034222563286,0.001935495671124095,0.2938910067464614,0.2977038897753944,3 5 5,1e-02 1e-02 1e-02,,,,,,,,,,,,,,,
