kind,group,design_mode,design_NR,set,design_task,eval_task,eval_NR,protocol,R,L,lam,objective,opt_sd,held
case,case,det,0,S0,GLUE,GLUE,0,designed,50,3,1e-06,0.41773638535529634,0.0,0.4709410497646672
case,case,det,0,S0,GLUE,GLUE,500,retrained,50,5,1.0,0.6081364511587837,0.010976480799216563,0.6339886750444123
case,case,det,0,S0,GLUE,GLUE,50000,retrained,50,3,0.01,0.5134319121635252,0.010781212270514448,0.47564298155429297
case,case,det,0,S0,GLUF,GLUF,0,designed,50,4,1e-06,0.340355750486711,0.0,0.3177551754347275
case,case,det,0,S0,GLUF,GLUF,500,retrained,50,5,1.0,0.5516046012521274,0.008523752926805928,0.49853700699842707
case,case,det,0,S0,GLUF,GLUF,50000,retrained,50,3,0.001,0.42388336515804687,0.003997150191285268,0.37616667236216167
case,case,det,0,S1,GLUE,GLUE,0,designed,50,1,1e-06,0.3736794403370248,0.0,0.3497772326806812
case,case,det,0,S1,GLUE,GLUE,500,retrained,50,5,1.0,0.6300395188232174,0.013238994896279539,0.6667138358595074
case,case,det,0,S1,GLUE,GLUE,50000,retrained,50,2,0.01,0.48125724712957896,0.008590891393029598,0.4844479181036568
case,case,det,0,S1,GLUF,GLUF,0,designed,50,4,1e-06,0.33227589075356734,0.0,0.3200401791380774
case,case,det,0,S1,GLUF,GLUF,500,retrained,50,5,0.1,0.6981887732075569,0.012021909452567463,0.6786461914226883
case,case,det,0,S1,GLUF,GLUF,50000,retrained,50,5,0.001,0.46934162516190514,0.003993394285271543,0.45005762524766774
case,case,det,0,S4,GLUE,GLUE,0,designed,50,1,1e-05,0.3439770052785466,0.0,0.34573722869250606
case,case,det,0,S4,GLUE,GLUE,500,retrained,50,5,1.0,0.5192496993796192,0.012555146898803781,0.48227477367762434
case,case,det,0,S4,GLUE,GLUE,50000,retrained,50,3,0.1,0.43569936686613425,0.0027879059705717656,0.3875908179331107
case,case,det,0,S4,GLUF,GLUF,0,designed,50,4,1e-06,0.3293394212394323,0.0,0.33276140899172246
case,case,det,0,S4,GLUF,GLUF,500,retrained,50,5,0.1,0.6427661144788627,0.010829569873158125,0.630016927916209
case,case,det,0,S4,GLUF,GLUF,50000,retrained,50,4,0.001,0.4660999148398278,0.005443285738047216,0.44572714607486347
case,case,hyb,500,S0,GLUE,GLUE,500,designed,50,5,1.0,0.6081435823594571,0.012048864441646948,0.6365604779265442
case,case,hyb,500,S0,GLUF,GLUF,500,designed,50,5,1.0,0.5500862218773029,0.007945580809865639,0.4971599960240541
case,case,hyb,500,S1,GLUE,GLUE,500,designed,50,5,1.0,0.5214678762636238,0.008143365450167675,0.5154638034739382
case,case,hyb,500,S1,GLUF,GLUF,500,designed,50,4,1.0,0.4802101977088787,0.005447813012832568,0.4276385289232429
case,case,hyb,50000,S0,GLUE,GLUE,50000,designed,50,3,0.01,0.5126974762802028,0.010706096248863563,0.4774990039784606
case,case,hyb,50000,S0,GLUF,GLUF,50000,designed,50,3,0.001,0.42220251147429316,0.004352707403299306,0.37436563489361985
case,case,hyb,50000,S1,GLUE,GLUE,50000,designed,50,2,0.01,0.4784322607172255,0.009374287109217682,0.4596035627955206
case,case,hyb,50000,S1,GLUF,GLUF,50000,designed,50,5,0.01,0.3834095909573067,0.002391257918721925,0.3447245489899611
case,case,hyb,50000,S4,GLUE,GLUE,50000,designed,50,3,0.001,0.4190288442879415,0.010733430071036252,0.3796700876055448
case,case,hyb,50000,S4,GLUF,GLUF,50000,designed,50,4,0.001,0.36415427516444765,0.004566252723645878,0.334638881648987
compromise,compromise,det,0,S1,MG+SINE+MGCUBED,MG,0,retrained,50,5,1e-06,0.09113723001120444,0.0,0.09919127625884143
compromise,compromise,det,0,S1,MG+SINE+MGCUBED,SINE,0,retrained,50,5,1e-06,0.2672450628235559,0.0,0.2708045674872588
compromise,compromise,det,0,S1,MG+SINE+MGCUBED,MGCUBED,0,retrained,50,5,1e-06,0.3059831585967731,0.0,0.35699129875598556
compromise,compromise,det,0,S4,MG+SINE+MGCUBED,MG,0,retrained,50,5,1e-06,0.09350300296729497,0.0,0.10089732013528968
compromise,compromise,det,0,S4,MG+SINE+MGCUBED,SINE,0,retrained,50,5,1e-06,0.24906215625816341,0.0,0.25370356303378455
compromise,compromise,det,0,S4,MG+SINE+MGCUBED,MGCUBED,0,retrained,50,5,1e-06,0.28707603498708895,0.0,0.34046000808943594
compromise,compromise,hyb,50000,S1,MG+SINE+MGCUBED,MG,50000,retrained,50,5,0.01,0.3228374092292496,0.0063374155271724245,0.32694033208311746
compromise,compromise,hyb,50000,S1,MG+SINE+MGCUBED,SINE,50000,retrained,50,5,0.1,0.3779953991853894,0.004660613405569333,0.38308220056654846
compromise,compromise,hyb,50000,S1,MG+SINE+MGCUBED,MGCUBED,50000,retrained,50,5,0.01,0.5345812435366243,0.009937177512501146,0.5794842207311351
compromise,compromise,hyb,50000,S4,MG+SINE+MGCUBED,MG,50000,retrained,50,5,0.01,0.29748885597235797,0.003765849509569653,0.2890396815539762
compromise,compromise,hyb,50000,S4,MG+SINE+MGCUBED,SINE,50000,retrained,50,4,0.01,0.3195046526312459,0.004096733116506776,0.3310940294339116
compromise,compromise,hyb,50000,S4,MG+SINE+MGCUBED,MGCUBED,50000,retrained,50,5,0.01,0.5676350129551384,0.007222749592642264,0.593884867600745
wide,wide,det,0,S1,MG,MG,0,designed,50,5,1e-06,0.08677720275577792,0.0,0.09330632902328186
wide,wide,det,0,S1,MGCUBED,MGCUBED,0,designed,50,5,1e-06,0.29835013483713096,0.0,0.3477199253972137
wide,wide,det,0,S1,SINE,SINE,0,designed,50,5,1e-06,0.25614262978659597,0.0,0.2597802624359139
wide,wide,det,0,S4,MG,MG,0,designed,50,5,1e-06,0.09019012515393418,0.0,0.09785296225015752
wide,wide,det,0,S4,MGCUBED,MGCUBED,0,designed,50,5,1e-06,0.28469934556131143,0.0,0.33209091481907016
wide,wide,det,0,S4,SINE,SINE,0,designed,50,5,1e-06,0.2287169665508773,0.0,0.2326114052327992
wide,wide,hyb,50000,S1,MG,MG,50000,designed,50,5,0.01,0.278262479365849,0.003116720643146346,0.2816303305367243
wide,wide,hyb,50000,S1,MGCUBED,MGCUBED,50000,designed,50,5,0.01,0.5247412140782175,0.00600714585010872,0.5722320808778029
wide,wide,hyb,50000,S1,SINE,SINE,50000,designed,50,5,0.01,0.3602074855189859,0.005793690036643888,0.3688624572115333
wide,wide,hyb,50000,S4,MG,MG,50000,designed,50,5,0.001,0.2703420803670018,0.006741248617539178,0.272261253819094
wide,wide,hyb,50000,S4,MGCUBED,MGCUBED,50000,designed,50,5,0.01,0.5123500583895733,0.005755774920035304,0.5586796670145125
wide,wide,hyb,50000,S4,SINE,SINE,50000,designed,50,3,0.01,0.29356599572271835,0.0031714041647999524,0.30254493639021107
