design_mode,design_NR,set,task,design_objective,design_L,det_L1,det_L1_lam,det_L1_held,hyb_NR,hyb_L1,hyb_L1_sd,hyb_L1_lam,hyb_L1_held
det,0,S0,MG,0.12154098398610672,5,0.3619208031451826,1e-06,0.37584732747601335,500,0.8014868893706893,0.009796655657043662,0.1,0.7843309769616935
det,0,S0,SINE,0.2928940114292218,5,0.32022418349050213,1e-06,0.3306040147711789,500,0.5461394413942028,0.003927398262012228,1.0,0.5893077214792599
det,0,S0,MGCUBED,0.3464571269528046,5,0.6362333241381113,1e-06,0.6952439984236946,500,0.9254051807258984,0.010287249776913593,0.1,0.9232041324649469
det,0,S1,MG,0.08834456767689301,5,0.3012677390357043,1e-06,0.29904985407034557,500,0.753870388279303,0.013015361208064163,0.1,0.7505708178870015
det,0,S1,SINE,0.25586363935958933,5,0.27293575824200794,1e-06,0.2781267632577822,500,0.5385270160319858,0.00675821472726136,1.0,0.5736759384273803
det,0,S1,MGCUBED,0.29860077464888274,5,0.5312281383042984,1e-06,0.569899712606307,500,0.9084261881538721,0.008960321326641938,0.1,0.9162498023844986
det,0,S2,MG,0.11086174132230099,5,0.3662577725483615,1e-06,0.3786134503133558,500,0.7625361236326903,0.011902442156913474,0.1,0.7506879474129039
det,0,S2,SINE,0.2726308519528773,5,0.288787085549175,1e-06,0.2917241808235202,500,0.5113403074435865,0.004711286094285921,1.0,0.537750031537662
det,0,S2,MGCUBED,0.3388370284958957,5,0.6328462271757322,1e-06,0.6934520381794727,500,0.9065304500018001,0.01179891043983105,0.1,0.9164543850378928
det,0,S3,MG,0.08795669701031943,5,0.2997425180668811,1e-06,0.29883644816967914,500,0.7433985755712154,0.015015176433200245,0.1,0.7320053370251236
det,0,S3,SINE,0.24821661777913454,5,0.26247529166864636,1e-06,0.2667732932866657,500,0.4687212481154037,0.007634879335851702,1.0,0.4979703388291815
det,0,S3,MGCUBED,0.287234452827877,5,0.5136765713017812,1e-06,0.5627158932646669,500,0.8919780016227525,0.010620052293138157,0.1,0.8949146924302657
det,0,S4,MG,0.08723843001672561,5,0.3091078888954734,1e-06,0.30889298276743543,500,0.7303869586611562,0.010426053756310881,0.1,0.7355228818365938
det,0,S4,SINE,0.23120978366268727,5,0.24399599615925024,1e-06,0.2494306811737957,500,0.3902308555882393,0.003934129662334854,0.1,0.3990907342101853
det,0,S4,MGCUBED,0.28470242971096554,5,0.5384285946472658,1e-06,0.5827676673203588,500,0.9055853652573014,0.01644096401450624,0.1,0.9038856885936342
hyb,500,S0,MG,0.6809422166828083,5,0.3619208031451826,1e-06,0.37584732747601335,500,0.7944228537960079,0.011142657510525934,0.1,0.7784879079720589
hyb,500,S0,SINE,0.5280918997087832,5,0.32022418349050213,1e-06,0.3306040147711789,500,0.5458343446025296,0.0031756444346849933,1.0,0.5896379209443445
hyb,500,S0,MGCUBED,0.8375941635305677,5,0.6362333241381113,1e-06,0.6952439984236946,500,0.9225519377875802,0.010975820470968572,0.1,0.9294059791334668
hyb,500,S1,MG,0.5347764799663555,5,0.34561436534333917,1e-06,0.353789794005915,500,0.7442566490154185,0.015003108715065954,0.1,0.7357508608538664
hyb,500,S1,SINE,0.4244579934576239,5,0.2773133814083066,1e-06,0.28462119743505443,500,0.46701332387001343,0.004872151543455074,1.0,0.4906383611061694
hyb,500,S1,MGCUBED,0.7307016980900268,5,0.6620118922573721,1e-06,0.7225487113450345,500,0.8670715448295461,0.012206209655054374,0.01,0.8953878094351051
hyb,500,S2,MG,0.593092655791992,5,0.3849767750687201,1e-06,0.39468073878889315,500,0.7719866640493561,0.016870501833300373,0.1,0.7539903269903181
hyb,500,S2,SINE,0.4502217786125538,5,0.288787085549175,1e-06,0.2917241808235202,500,0.5151379629265966,0.006595002197210071,1.0,0.539546524150438
hyb,500,S2,MGCUBED,0.78385829385959,5,0.6547777399621474,1e-06,0.7155908020488999,500,0.9445236328156037,0.010457244253569647,0.1,0.9426886985246128
hyb,500,S3,MG,0.5102538322359187,5,0.32414009531154236,1e-06,0.3371566687882331,500,0.7319938445934506,0.012377505227371438,0.1,0.7166731546824453
hyb,500,S3,SINE,0.40078207413231653,5,0.27125947653456933,1e-06,0.2761718574829219,500,0.41822662724027726,0.0038116973822055473,1.0,0.4275214201470575
hyb,500,S3,MGCUBED,0.7215111446420968,5,0.6608955593584109,1e-06,0.7214703112133586,500,0.8396661775228502,0.012879283299156842,0.01,0.8713554007894011
hyb,500,S4,MG,0.45522428047477215,5,0.31731905202509286,1e-06,0.3317910275650817,500,0.7294540742544147,0.008404003025944403,0.1,0.6988274405276492
hyb,500,S4,SINE,0.37318598878904014,5,0.2502545267799045,1e-06,0.256330101166503,500,0.3888167186991551,0.004047157958234562,0.1,0.3952213885284086
hyb,500,S4,MGCUBED,0.6842252988467054,5,0.6467301093682677,1e-06,0.7086620080500994,500,0.7938963285655986,0.006917988950163237,0.1,0.846419183800412
hyb,5000,S0,MG,0.5617843869499056,5,0.3619208031451826,1e-06,0.37584732747601335,5000,0.6116698245031726,0.010194159252861976,0.01,0.6123011236132616
hyb,5000,S0,SINE,0.4577038702522822,5,0.32022418349050213,1e-06,0.3306040147711789,5000,0.5121828342459404,0.005766276774464166,0.1,0.541822089388339
hyb,5000,S0,MGCUBED,0.7357983390527786,5,0.6362333241381113,1e-06,0.6952439984236946,5000,0.8171941241418093,0.009986503310028462,0.01,0.8474292796530142
hyb,5000,S1,MG,0.43260463156295925,5,0.3139096228008099,1e-06,0.31106737710878346,5000,0.5745521142424679,0.009660798596296871,0.01,0.5811446198086486
hyb,5000,S1,SINE,0.39264857879410753,5,0.2767462254956502,1e-06,0.27997499471351567,5000,0.4182584343800328,0.005127743869738866,0.1,0.4334038138099932
hyb,5000,S1,MGCUBED,0.6075760016645736,5,0.5474361053314477,1e-06,0.5805299477074476,5000,0.8029257050206968,0.009948449219569262,0.01,0.831041964390692
hyb,5000,S2,MG,0.4910386309779044,5,0.3546793162425664,1e-06,0.3645352577636258,5000,0.5742498465038474,0.014164873024375236,0.01,0.56775239573073
hyb,5000,S2,SINE,0.39286652348137496,5,0.288787085549175,1e-06,0.2917241808235202,5000,0.4288202013075327,0.0059921566035954135,0.1,0.4344021753270181
hyb,5000,S2,MGCUBED,0.6507340744023503,5,0.599462498570139,1e-06,0.6602362638283563,5000,0.8041777758714819,0.01542524120217361,0.01,0.8289301154781782
hyb,5000,S3,MG,0.36679671168514694,5,0.2691753655895827,1e-06,0.2742319207109666,5000,0.5390223279532731,0.011439108278941245,0.01,0.530860082142318
hyb,5000,S3,SINE,0.3705829722259125,5,0.2598973454127819,1e-06,0.2639445556884942,5000,0.3927743183795191,0.0028752991698668276,0.1,0.40173625559572734
hyb,5000,S3,MGCUBED,0.5833798579725413,5,0.5273122614341644,1e-06,0.5753555333688162,5000,0.779921821449163,0.012837426230847968,0.01,0.8138771678845098
hyb,5000,S4,MG,0.35768080302705013,5,0.3183761851655052,1e-06,0.3329723362285257,5000,0.5373846403163282,0.012012409648275137,0.01,0.5128377865881564
hyb,5000,S4,SINE,0.33513138937975073,5,0.245204101951401,1e-06,0.2507787125717059,5000,0.3467631126917553,0.0038130200461243356,0.01,0.35863203529864085
hyb,5000,S4,MGCUBED,0.5832547344078833,5,0.5278304895551856,1e-06,0.5703392124416355,5000,0.78870704112335,0.012307668464262468,0.01,0.8101631058641876
hyb,50000,S0,MG,0.37797338666460234,5,0.3619208031451826,1e-06,0.37584732747601335,50000,0.48641970120315803,0.011468155918341797,0.001,0.4908098553047175
hyb,50000,S0,SINE,0.401971149713744,5,0.32022418349050213,1e-06,0.3306040147711789,50000,0.43818975404651744,0.004986191533964625,0.01,0.4434872072333024
hyb,50000,S0,MGCUBED,0.5604038928308205,5,0.6362333241381113,1e-06,0.6952439984236946,50000,0.7306308028637646,0.007832482081165971,0.001,0.7638793983267885
hyb,50000,S1,MG,0.3025468317615194,5,0.32927723506597956,1e-06,0.33050931479339046,50000,0.4423968889034822,0.009734482902283197,0.001,0.44988822696920766
hyb,50000,S1,SINE,0.35526158238172956,5,0.27385553845144084,1e-06,0.278263831194966,50000,0.38428639887734073,0.004155146855757555,0.01,0.39877254598040535
hyb,50000,S1,MGCUBED,0.5308677072908724,5,0.5486560110985379,1e-06,0.58084741313073,50000,0.7262205947124272,0.011885082394425168,0.001,0.760536659806198
hyb,50000,S2,MG,0.3445645624177686,5,0.3683812354598744,1e-06,0.3776960864487542,50000,0.4457888073965699,0.010877777132517509,0.001,0.4493519703771177
hyb,50000,S2,SINE,0.36572896297008795,5,0.2907663886078347,1e-06,0.2918716283179484,50000,0.38346233523344064,0.0036710248764147755,0.01,0.38724026758825814
hyb,50000,S2,MGCUBED,0.5357217280028442,5,0.6060797454886139,1e-06,0.6708545439751592,50000,0.7170853407378539,0.009040782500206386,0.001,0.7590594570334801
hyb,50000,S3,MG,0.2808633284383415,5,0.3212541206228269,1e-06,0.33405665150267255,50000,0.4275155757177809,0.0076983590754456125,0.001,0.4294290223895246
hyb,50000,S3,SINE,0.3404287142222565,5,0.2612556036662542,1e-06,0.26465018607827256,50000,0.3578449550390616,0.0029449832336016246,0.01,0.3647445203928069
hyb,50000,S3,MGCUBED,0.5150531396813607,5,0.5150653231817305,1e-06,0.5635159104411249,50000,0.7183824713717846,0.007975959484539512,0.001,0.754919834722385
hyb,50000,S4,MG,0.2802130780495383,5,0.3538438585795402,1e-06,0.3641658797741318,50000,0.4284375699963605,0.00899485982534454,0.001,0.43241336257189833
hyb,50000,S4,SINE,0.29808989399131025,5,0.24570430697894252,1e-06,0.2512975899557052,50000,0.3118892902520715,0.003591764572458702,0.001,0.32178700494921497
hyb,50000,S4,MGCUBED,0.5184367495840236,5,0.5630429467614705,1e-06,0.6187566398202169,50000,0.7071826811137532,0.009964177168570799,0.001,0.7545413804215795
hyb,500000,S0,MG,0.2983998285967351,5,0.3619208031451826,1e-06,0.37584732747601335,500000,0.4109007491448381,0.004414436813747365,0.0001,0.4206035967961831
hyb,500000,S0,SINE,0.3750322824311982,5,0.32022418349050213,1e-06,0.3306040147711789,500000,0.39924160665435354,0.0030912645474945504,0.001,0.3977727801243479
hyb,500000,S0,MGCUBED,0.4911172512961485,5,0.6362333241381113,1e-06,0.6952439984236946,500000,0.6609041394611267,0.006836708322927736,0.001,0.7110382540154273
hyb,500000,S1,MG,0.2570290273582204,5,0.34320900491399053,1e-06,0.3499922477389797,500000,0.3914277071066808,0.002999301389516935,0.001,0.3975803129534626
hyb,500000,S1,SINE,0.33252269204390317,5,0.2753646162064017,1e-06,0.27947293739646123,500000,0.3506477940356498,0.0030717197278286442,0.001,0.3559670614061023
hyb,500000,S1,MGCUBED,0.4637663099394859,5,0.5450033899299136,1e-06,0.5775317130104404,500000,0.6556183236623014,0.007038710346649455,0.0001,0.7044095152857863
hyb,500000,S2,MG,0.2668228527292418,5,0.38391340707048305,1e-06,0.39329337846462,500000,0.40699071126467945,0.003931486237635534,0.0001,0.41461350294809785
hyb,500000,S2,SINE,0.3497395027514151,5,0.28883551720224254,1e-06,0.2917167405015518,500000,0.36315586265052213,0.001741110411975343,0.001,0.37579830591240354
hyb,500000,S2,MGCUBED,0.4784970694995555,5,0.6201171325713469,1e-06,0.6838545702314558,500000,0.6652995202873754,0.00356762583835533,0.001,0.7166465142531007
hyb,500000,S3,MG,0.22249948224068042,5,0.26590190685979687,1e-06,0.2707931720290442,500000,0.4088506083686174,0.00205313385867402,0.001,0.4146619370547219
hyb,500000,S3,SINE,0.3074719729282861,5,0.259943281208484,1e-06,0.26475538280799693,500000,0.3309055930245322,0.0024868305094427447,0.001,0.33802621144051237
hyb,500000,S3,MGCUBED,0.4522087877101567,5,0.5166190886057328,1e-06,0.5724112991327153,500000,0.6678566995044077,0.006443906518247092,0.0001,0.7077014873193215
hyb,500000,S4,MG,0.2244270275830486,5,0.2735546472677423,1e-06,0.2797647650941527,500000,0.4109711773151319,0.004382427807218498,0.0001,0.4150970294901418
hyb,500000,S4,SINE,0.280607799703092,5,0.24913166861513306,1e-06,0.2543460969917154,500000,0.2819584736178224,0.002189735165200223,0.0001,0.2890887765393918
hyb,500000,S4,MGCUBED,0.4542767652332869,5,0.5171385017093822,1e-06,0.5642963211230875,500000,0.6551245330497942,0.008766981635456259,0.0001,0.703402564690133
