mode,N_R,set,task,search_seed,chain_seed,n_evaluations,n_finite,seconds,best_eval_index,node,R,k_on,k_off,T,distance,N_max,D,L,lam_best,objective,opt_sd,held,held_sd,train,opt_lam_1e-06,held_lam_1e-06,opt_lam_1e-05,held_lam_1e-05,opt_lam_1e-04,held_lam_1e-04,opt_lam_1e-03,held_lam_1e-03,opt_lam_1e-02,held_lam_1e-02,opt_lam_1e-01,held_lam_1e-01,opt_lam_1e+00,held_lam_1e+00,opt_lam_1e+01,held_lam_1e+01,opt_lam_1e+02,held_lam_1e+02,opt_lam_1e+03,held_lam_1e+03,KD_nM,tau_D_over_T,phi_ISI,koff_T,c_peak,c_mean,c_peak_over_KD,c_mean_over_KD,tauR_mean_over_T,tauR_peak_over_T,occ_mean,occ_std,occ_max,occ_frac_above_0p8,occ_frac_above_0p9,contrast_within,contrast_between,binomial_sd_mean,snr_within,shell_molecules_peak,shell_molecules_mean,history_symbols,dt,n_sub,n_searches,obj_mean,obj_sd,obj_median,obj_min,obj_max,held_mean,held_median,L_values,lam_values,seconds_mean
det,0,S0,MG,1,1001,5,5,0.04882311820983887,5,sample,1,1e-18,1.0,1.25,7.07e-06,10100.0,3.16e-11,5,1e-06,0.12154098398610672,0.0,0.12945343537616683,0.0,0.12129292454580558,0.12154098398610672,0.12945343537616683,0.15257934575526821,0.16121778791110986,0.19301782137817478,0.19893253731533908,0.25340747353347753,0.2565061738943083,0.31937411097601187,0.33004698858402215,0.4353165968504529,0.44550088167148744,0.6022727448020624,0.6125440497067649,0.676739421047831,0.6840806340929599,0.8060051520884944,0.7954429115595395,0.9741232853107171,0.9609676637622335,1.6605390671738465,0.21090675105485235,0.5736407405901451,1.25,3.449056891438664e+18,1.425334035277529e+18,3.449056891438665,1.4253340352775292,0.32985147132875514,0.1798133895611546,0.5604867988607956,0.12032677901780252,0.7363110043444855,0.0,0.0,0.07317917588821195,0.11779385570260076,0.021516938832711947,3.401003110022254,83.33246316801024,34.43741281615457,21,0.001,25,1,0.12154098398610672,0.0,0.12154098398610672,0.12154098398610672,0.12154098398610672,0.12945343537616683,0.12945343537616683,5,1e-06,0.04882311820983887
det,0,S0,SINE,1,1001,5,5,0.25274205207824707,5,sample,1,1e-18,1.0,1.25,7.07e-06,10100.0,3.16e-11,5,1e-06,0.2928940114292218,0.0,0.2974288948781531,0.0,0.29285207401139135,0.2928940114292218,0.2974288948781531,0.3007113710725176,0.30840305537532275,0.32223325127318464,0.33367275207263425,0.3465701734933154,0.3578210652306076,0.36848968841301244,0.37432043946512583,0.3870254371214506,0.3880768404785708,0.429943618741899,0.4430668340908062,0.5081144045810552,0.5459786686398387,0.5492510303366276,0.5933940203444152,0.5989589259172416,0.6451734746093528,1.6605390671738465,0.21090675105485235,0.5736407405901451,1.25,3.5317197925357875e+18,1.252999095510113e+18,3.531719792535788,1.2529990955101131,0.3550822552899729,0.17653342144359474,0.47100356127649845,0.22957647014122082,0.7442540892975769,0.0,0.0,0.05972988582883573,0.22857643537257644,0.019451783810172256,3.070663668264715,85.32967671880311,30.273638348885868,21,0.0009615384615384616,13,1,0.2928940114292218,0.0,0.2928940114292218,0.2928940114292218,0.2928940114292218,0.2974288948781531,0.2974288948781531,5,1e-06,0.25274205207824707
det,0,S0,MGCUBED,1,1001,5,5,0.04752182960510254,5,sample,1,1e-18,1.0,1.25,7.07e-06,10100.0,3.16e-11,5,1e-06,0.3464571269528046,0.0,0.39571283151856046,0.0,0.35467902856372074,0.3464571269528046,0.39571283151856046,0.40215343440792234,0.4456330532422501,0.4486244021855759,0.492543617381145,0.46959975285191197,0.5163006040622102,0.5018270951486195,0.5525131016862704,0.6117769042726058,0.6527433615436102,0.7904972268926018,0.8246829224612294,0.8521446746366541,0.8755687423807302,0.9295486905461885,0.9254673860868023,1.01991068070265,1.0074499840785742,1.6605390671738465,0.21090675105485235,0.5736407405901451,1.25,3.449056891438664e+18,1.425334035277529e+18,3.449056891438665,1.4253340352775292,0.32985147132875514,0.1798133895611546,0.5604867988607956,0.12032677901780252,0.7363110043444855,0.0,0.0,0.07317917588821195,0.11779385570260076,0.021516938832711947,3.401003110022254,83.33246316801024,34.43741281615457,21,0.001,25,1,0.3464571269528046,0.0,0.3464571269528046,0.3464571269528046,0.3464571269528046,0.39571283151856046,0.39571283151856046,5,1e-06,0.04752182960510254
det,0,S1,MG,2,1002,100,100,0.04544997215270996,22,sample,1,8.225900582593188e-18,8.45069366234337,1.25,7.07e-06,10100.0,3.16e-11,5,1e-06,0.08834456767689301,0.0,0.09575238389875625,0.00380038563607604,0.08978818298278907,0.08834456767689301,0.09575238389875625,0.11132760175304027,0.11735116052481499,0.16867977994470112,0.1737860796905169,0.21531747800252798,0.2192064810260865,0.29431589052238405,0.2968220177222045,0.3733031408312642,0.37772568682435465,0.5405492523663721,0.5470626440761768,0.6561590572432308,0.6646487720823276,0.7822215023076806,0.7725767751917653,0.9596450521723395,0.9460645704215117,1.7059174044400907,0.21090675105485235,0.5736407405901451,10.563367077929213,3.449056891438664e+18,1.425334035277529e+18,3.357310089124084,1.3874193693027665,0.03965234856230256,0.021725969247007607,0.5481555813390938,0.12917807070254425,0.7672446194315564,0.0,0.0,0.16880834402089845,0.11686417317297254,0.021469392190650055,7.8627444373769775,83.33246316801024,34.43741281615457,21,0.001,25,10,0.09207549736198846,0.004120318633471969,0.09092089902730982,0.08834456767689301,0.09938097458597567,0.09971600281019521,0.09890281446127744,5 5 5 5 5 5 5 5 5 5,1e-06 1e-06 1e-06 1e-06 1e-06 1e-06 1e-06 1e-06 1e-06 1e-06,0.05721235275268555
det,0,S1,SINE,3,1003,100,100,0.23620104789733887,16,sample,1,1.1418816293620076e-17,2.3020160491889197,1.25,7.07e-06,10100.0,3.16e-11,5,1e-06,0.25586363935958933,0.0,0.2596733521030466,0.0007587995147941541,0.25612361300806474,0.25586363935958933,0.2596733521030466,0.2678845601532712,0.27538753017435186,0.28912308031801137,0.2987919624060804,0.3128853975572105,0.321167508257937,0.3369147010575482,0.3453098851935696,0.36515873338728033,0.37564232660641944,0.3983571926634306,0.4147309398613424,0.44681693887284063,0.47523193250128065,0.5413213073306135,0.576934810921592,0.7205675144486335,0.7611322719103991,0.3347621578845393,0.21090675105485235,0.5736407405901451,2.8775200614861496,3.5317197925357875e+18,1.252999095510113e+18,17.518583124438745,6.2153200420749535,0.04816438735565422,0.018766093878040464,0.7416497440317711,0.2324356604133411,0.9456663476073686,0.60785,0.2831,0.0839767068536082,0.23065577302386533,0.016176708148957577,5.191211096864577,85.32967671880311,30.273638348885868,21,0.0009615384615384616,13,10,0.256534328382266,0.0003702568885989029,0.25648689231669175,0.25586363935958933,0.25706821950873776,0.2607411219495493,0.2608857633331272,4 4 5 5 5 5 5 4 5 5,1e-06 1e-06 1e-06 1e-06 1e-06 1e-06 1e-06 1e-06 1e-06 1e-06,0.2097562789916992
det,0,S1,MGCUBED,2,1002,100,100,0.09418106079101562,73,sample,1,6.754403981179098e-18,3.691866912420006,1.25,7.07e-06,10100.0,3.16e-11,5,1e-06,0.29860077464888274,0.0,0.34847179058171085,0.0012353539841429475,0.31167792160171415,0.29860077464888274,0.34847179058171085,0.351877859342897,0.40114929030262714,0.418104150264602,0.46367450278553346,0.4498293812960898,0.49364339660722023,0.4918634801207356,0.5349351051673895,0.5798556471601296,0.6240347139213235,0.7202994795691712,0.7534688115840344,0.8486615908787056,0.8742004157765192,0.9276570560948444,0.9273120516805456,1.0039480847082356,0.9937791865065914,0.9076284533709106,0.21090675105485235,0.5736407405901451,4.614833640525007,3.449056891438664e+18,1.425334035277529e+18,6.310174269953805,2.607700144878181,0.06006389840106109,0.029642594958933278,0.6867932414910688,0.11930544058011912,0.8599736282038533,0.13972,0.0,0.1354791644630269,0.11080753716773684,0.019972760139321716,6.78319689006328,83.33246316801024,34.43741281615457,21,0.001,25,10,0.2995056874821612,0.0008785325263978213,0.29924068007790744,0.29860077464888274,0.3016261813124069,0.3492530769429848,0.34870159490353225,5 5 5 5 5 5 5 5 5 5,1e-06 1e-06 1e-06 1e-06 1e-06 1e-06 1e-06 1e-06 1e-06 1e-06,0.06548259258270264
det,0,S2,MG,2,1002,100,100,0.07575178146362305,45,sample,1,1e-18,1.0,1.7749491712631307,7.07e-06,7606.27277951722,3.16e-11,5,1e-06,0.11086174132230099,0.0,0.11814341407495826,0.00010280741200565746,0.11090507536827793,0.11086174132230099,0.11814341407495826,0.13122367958889927,0.13915924408177358,0.17055961605072914,0.174679094289791,0.23958747937550784,0.24266141205776734,0.29072831674903266,0.2994147030871888,0.3954573163980736,0.4017755884011116,0.541748516740286,0.5496735612778108,0.6079868995606273,0.6120116182286495,0.7808899952383831,0.76641308593724,0.9811977332869896,0.9651405884506553,1.6605390671738465,0.14853013431981968,0.4955635254971196,1.7749491712631307,2.2164433790466967e+18,7.586254092170052e+17,2.216443379046697,0.7586254092170053,0.32036180763983463,0.17516130354674098,0.4097006484705277,0.11885290537945016,0.614166229294079,0.0,0.0,0.10435551178348558,0.11359572798913264,0.02125245651233558,4.910279982124157,53.55135970846412,18.329104436872118,15,0.0009860828729239615,36,10,0.111000441382182,0.00010356425880078701,0.11099412804541556,0.11086174132230099,0.1111447496224762,0.11807119092147092,0.1180434576029829,5 5 5 5 5 5 5 5 5 5,1e-06 1e-06 1e-06 1e-06 1e-06 1e-06 1e-06 1e-06 1e-06 1e-06,0.08432135581970215
det,0,S2,SINE,1,1001,100,100,0.21355891227722168,12,sample,1,1e-18,1.0,2.0,7.07e-06,20000.0,3.16e-11,5,1e-06,0.2726308519528773,0.0,0.2762773431714229,0.00011240726577643281,0.2725416546161521,0.2726308519528773,0.2762773431714229,0.2853206608839612,0.28867841252276466,0.2932666692902644,0.30025784653654264,0.31431845402612796,0.32505074404718826,0.34582706572506244,0.35842895339886,0.36255082057950433,0.37495241186600775,0.37704631644943337,0.38468351637944254,0.4181950630316812,0.42926106554472754,0.51010149059443,0.5458599105737592,0.6054079243783355,0.6511828169302369,1.6605390671738465,0.13181671940928272,0.4705516107728963,2.0,5.617716205807263e+18,1.5420448623924582e+18,5.617716205807263,1.5420448623924585,0.19669204403002646,0.07555476609305693,0.5025209820536842,0.24508147935797514,0.8189308429243617,0.0346,0.0,0.13197007083884596,0.24067418594987422,0.01907103866887281,6.9199204684243885,135.72931486598327,37.257256329320285,13,0.001,20,10,0.2726668378944487,7.588734293335558e-05,0.2726308519528773,0.2726308519528773,0.2728146854874618,0.2762321731878194,0.2762773431714229,5 5 5 5 5 5 5 5 5 5,1e-06 1e-06 1e-06 1e-06 1e-06 1e-06 1e-06 1e-06 1e-06 1e-06,0.22255899906158447
det,0,S2,MGCUBED,2,1002,100,100,0.07804393768310547,28,sample,1,1e-18,1.0,1.7235282260333582,7.07e-06,8627.708737233044,3.16e-11,5,1e-06,0.3388370284958957,0.0,0.3861681178320356,0.0008773639272212155,0.3472240804478858,0.3388370284958957,0.3861681178320356,0.38742317034279167,0.4352196660704605,0.4264938894988683,0.4754066279935527,0.4566873185002928,0.505155424078278,0.49210506711626734,0.5421969448420225,0.5938004789457665,0.6350127222564146,0.7682172961325864,0.8047013712998907,0.8238320216561819,0.8503524552358249,0.9133758863625856,0.9092160759835928,1.0251556993363762,1.0113080537879122,1.6605390671738465,0.15296148611694563,0.5018542150220211,1.7235282260333582,2.541651083602517e+18,8.830893744394016e+17,2.5416510836025172,0.8830893744394017,0.3081134571702078,0.16382335911216628,0.4444821343871303,0.12365927564519358,0.6509073054556616,0.0,0.0,0.10656836111025697,0.1184195601763439,0.021455502423377088,4.966947825660992,61.40868416406247,21.336271069404397,15,0.0009848732720190618,35,10,0.3390745139161447,0.0004083393940945481,0.3389774774977046,0.3388370284958957,0.34020684142213237,0.38686435240108386,0.3866012733888545,5 5 5 5 5 5 5 5 5 5,1e-06 1e-06 1e-06 1e-06 1e-06 1e-06 1e-06 1e-06 1e-06 1e-06,0.07026448249816894
det,0,S3,MG,2,1002,100,100,0.05108785629272461,37,sample,1,4.453513342685127e-18,10.0,1.4241719466078229,7.07e-06,20000.0,3.16e-11,5,1e-06,0.08795669701031943,0.0,0.09517752640715504,0.0008671477161786287,0.08929319331053409,0.08795669701031943,0.09517752640715504,0.10714121436228172,0.11293196241649181,0.16347057109117377,0.167812604116398,0.21129265554009843,0.21450950545832748,0.2835694782406695,0.2853720992227708,0.3491221377499157,0.3520228484887149,0.5109656938929467,0.5160089035402093,0.6333370021001172,0.6407905756968327,0.7706042693615356,0.7603428092951788,0.9615114123367118,0.9471628279518212,3.728604675455332,0.18511348959407828,0.5438562453770306,14.241719466078228,6.415373687282885e+18,2.4740677566504084e+18,2.857095231462541,1.1018293764949654,0.033407202955654094,0.018204435292643394,0.4907273640892663,0.13494286460417565,0.7376262058279504,0.0,0.0,0.19773450821503472,0.11857532380553455,0.02148359120137836,9.203978346150448,155.00147093297957,59.775807328082244,19,0.0009821875493847055,29,10,0.08885909105914182,0.0005320905544712154,0.08905770757045633,0.08795669701031943,0.08949685127682652,0.09631120598707997,0.09612525887208762,5 5 5 5 5 5 5 5 5 5,1e-06 1e-06 1e-06 1e-06 1e-06 1e-06 1e-06 1e-06 1e-06 1e-06,0.06812891960144044
det,0,S3,SINE,8,1008,100,100,0.20636701583862305,53,sample,1,7.809582551156983e-18,1.2971460219537743,2.0,7.07e-06,13103.683957679556,3.16e-11,5,1e-06,0.24821661777913454,0.0,0.2528301691355929,0.0004241576948502849,0.24866360883798272,0.24821661777913454,0.2528301691355929,0.25950431855038736,0.2641809689489146,0.2749142215206876,0.2828212526108301,0.2921290894607664,0.30113598642127876,0.3185456520317156,0.3276205019012363,0.35241236590049735,0.3609686620232249,0.3755713497720608,0.38511940193834787,0.40976059258976816,0.43015378325348047,0.4754845368882488,0.5071061243610524,0.6591939933780263,0.6975591135559368,0.2758100873092479,0.13181671940928272,0.4705516107728963,2.5942920439075485,3.680647849585286e+18,1.0129688065469396e+18,22.159666480555316,6.098668447951505,0.05430055191768432,0.01664365999951031,0.7278137074057218,0.2440610754173663,0.9560002058959644,0.586,0.241,0.12741908625107767,0.2402996374848228,0.016222765388090178,7.8543382218065885,88.92791885263583,24.474280482716495,13,0.001,20,10,0.24907660720177313,0.0004058460402637889,0.24903060600308952,0.24821661777913454,0.24962096137228237,0.25334719379782134,0.25326604285233933,5 5 4 5 5 5 5 5 5 5,1e-06 1e-06 1e-06 1e-06 1e-06 1e-06 1e-06 1e-06 1e-06 1e-06,0.22629106044769287
det,0,S3,MGCUBED,8,1008,100,100,0.06943106651306152,50,sample,1,4.5775768025349365e-18,6.689551300900289,2.0,7.07e-06,20000.0,3.16e-11,5,1e-06,0.287234452827877,0.0,0.33695711353801944,0.0022198760611842772,0.3006514527802113,0.287234452827877,0.33695711353801944,0.35463276608698874,0.39979265174450995,0.41392327855933503,0.4608775138790113,0.4524919277088705,0.4962300248498148,0.49378907437080677,0.533580967863369,0.5575783838379723,0.5982511094471651,0.6688571280502775,0.7031196393352847,0.8031380478581817,0.8338340946961083,0.8900955858004361,0.8929032549981701,1.005092159325835,0.9927634728965714,2.426668465913474,0.13181671940928272,0.4705516107728963,13.379102601800579,5.563143001462194e+18,1.756204209670772e+18,3.8067896047453447,1.2017487106528664,0.03394730208522208,0.015549552766464561,0.4998260940879386,0.15295830173268712,0.7879726755702741,0.0,0.0,0.26796127913514334,0.12657806567410854,0.02122206970030736,12.62653845356386,134.41077484643932,42.43154787651223,13,0.001,40,10,0.2886911172297115,0.0008534647537828387,0.28897264661906136,0.287234452827877,0.28956225318550255,0.33904216367263634,0.3395907067241681,5 5 5 5 5 5 5 5 5 5,1e-06 1e-06 1e-06 1e-06 1e-06 1e-06 1e-06 1e-06 1e-06 1e-06,0.07869322299957275
det,0,S4,MG,5,1005,100,100,0.06780409812927246,49,sample,1,2e-17,10.0,1.8666641775755106,1.1102562856092136e-05,15597.118489854556,5.7468615999454363e-11,5,1e-06,0.08723843001672561,0.0,0.09424198339513142,0.002646885325470499,0.08859663418195327,0.08723843001672561,0.09424198339513142,0.10915752914867055,0.11416448097344363,0.1660141451584758,0.16973684241986045,0.21551578027772839,0.21817944282779503,0.28649744838037955,0.28835848944029185,0.3460957311290393,0.3486896235129611,0.5118037947707004,0.5173505695255406,0.6274821365406428,0.6346676459461804,0.7711565717732589,0.7602713883200861,0.9649742883793251,0.9502771895903307,0.8302695335869232,0.19151301758227185,0.5515391656837465,18.666641775755107,1.311580059613268e+18,5.146090709424064e+17,2.623160119226536,1.029218141884813,0.026400069514527853,0.014785849436137102,0.4754464299510125,0.13296767181048583,0.7214864949311401,0.0,0.0,0.19483930401776814,0.1168256341429745,0.02147984144545795,9.070798055586586,31.68900961909894,12.433439864874046,19,0.0009824548303029002,38,10,0.08967500774752124,0.002612303942375071,0.08935277239882994,0.08723843001672561,0.09572642031598944,0.09695039865576205,0.09684103250445651,5 5 5 5 5 5 5 5 5 5,1e-06 1e-06 1e-06 1e-06 1e-06 1e-06 1e-06 1e-06 1e-06 1e-06,0.08437719345092773
det,0,S4,SINE,6,1006,100,100,0.15066313743591309,62,sample,1,2e-17,2.3695594578814334,2.0,6.000000000000003e-06,20000.0,8.799912054822376e-11,5,1e-06,0.23120978366268727,0.0,0.23653707927402026,0.002488343124095284,0.23183247268749804,0.23120978366268727,0.23653707927402026,0.24611866148700376,0.2516650033960403,0.2615614310613464,0.2662381628465398,0.2752554042210913,0.28211243028254673,0.2952511743952739,0.30485373263220206,0.3326606380767546,0.34057544889382974,0.36631930535684293,0.37130941486230074,0.38233286305024194,0.3933145757806917,0.4233551795342072,0.4497017956465662,0.49379288592215403,0.527365176775689,0.19673730259017005,0.03409124979102484,0.25088207847381877,4.739118915762867,7.054822995722979e+18,6.464125151709274e+17,59.54543974203989,5.455972105033139,0.032684417429800154,0.0034851458358396165,0.6503008927750599,0.2634262375317828,0.9830353037641683,0.3499,0.15705,0.3573252835097988,0.23635878034132948,0.01722640292331293,20.742884344486182,170.45116852296826,15.617935223258435,3,0.001,20,10,0.23298532756852217,0.0023797794624508452,0.2317157348414038,0.23120978366268727,0.23726904055675052,0.23818242275977022,0.23687169788642776,5 5 4 5 5 5 5 3 5 5,1e-06 1e-06 1e-06 1e-06 1e-06 1e-06 1e-06 1e-06 1e-06 1e-06,0.17340507507324218
det,0,S4,MGCUBED,5,1005,100,100,0.07143998146057129,22,sample,1,2e-17,10.0,1.5182446769289293,7.646821855781693e-06,20000.0,6.681629174127197e-11,5,1e-06,0.28470242971096554,0.0,0.3370092390793476,0.002816091824697338,0.29953949696022547,0.28470242971096554,0.3370092390793476,0.34175471160441734,0.3918540313743309,0.4045761489975727,0.4491480506639026,0.4621018453627928,0.5000758663234397,0.5139854133728473,0.5465162560287015,0.5932255745196561,0.6254101714304497,0.6933685149456983,0.7226002779317624,0.8230744829342705,0.8484968531396428,0.9003580174182322,0.9068030226270626,0.9914682307396723,0.9812957164953496,0.8302695335869232,0.09606972755636334,0.40862957989968757,15.182446769289292,3.992189017123753e+18,1.0158536758419357e+18,7.984378034247507,2.0317073516838717,0.021725558814935476,0.00733111809494299,0.6009652958499385,0.16742983647296283,0.8871699215321383,0.11348,0.0,0.3234273043025677,0.13332180544942812,0.020475864745963617,15.795538225867826,96.4550469013672,24.543981642145475,10,0.0009795126947928577,31,10,0.29031328337032186,0.006982780045420367,0.2877171647804666,0.28470242971096554,0.30759710170043203,0.33879680039601856,0.338332244975807,5 5 5 5 5 5 5 5 5 5,1e-06 1e-06 1e-06 1e-06 1e-06 1e-06 1e-06 1e-06 1e-06 1e-06,0.06179413795471191
hyb,500,S0,MG,3,1003,5,5,0.871042013168335,5,sample,10,1e-18,1.0,1.25,7.07e-06,10100.0,3.16e-11,5,1.0,0.6809422166828083,0.014611865941422827,0.6928207788105721,0.005121845083847378,0.6572881306196028,0.9512150870690899,0.9581846842094949,0.9499649918931216,0.956987953594042,0.9382793795216505,0.9457977673187109,0.8674552805806532,0.8777631603081402,0.747989739229817,0.7610109663780837,0.6922906249756822,0.7057030017272712,0.6809422166828083,0.6928207788105721,0.7035109327177251,0.7061678318162058,0.815551200145569,0.802658224279267,0.9755554228062706,0.9604138388650604,1.6605390671738465,0.21090675105485235,0.5736407405901451,1.25,3.449056891438664e+18,1.425334035277529e+18,3.449056891438665,1.4253340352775292,0.32985147132875514,0.1798133895611546,0.5604867988607956,0.12032677901780252,0.7363110043444855,0.0,0.0,0.07317917588821195,0.11779385570260076,0.021516938832711947,3.401003110022254,83.33246316801024,34.43741281615457,21,0.001,25,5,0.6844734787524165,0.002110717087592835,0.6846902778220464,0.6809422166828083,0.6864942193959834,0.6928302729854809,0.6928207788105721,5 5 5 5 5,1e+00 1e+00 1e+00 1e+00 1e+00,0.8090221881866455
hyb,500,S0,SINE,2,1002,5,5,1.9340400695800781,5,sample,10,1e-18,1.0,1.25,7.07e-06,10100.0,3.16e-11,5,1.0,0.5280918997087832,0.009710379974279057,0.5649870375112823,0.0024178777882871805,0.5192935894217312,0.6141363231645055,0.6526803642150527,0.6139964064760756,0.6525538777179111,0.6126257364887733,0.6513141063734197,0.6012556611322287,0.6409753606503986,0.5622747163365054,0.6039678322388466,0.5358459152584116,0.5738866273727006,0.5280918997087832,0.5649870375112823,0.5332091907712975,0.5748606535040605,0.5517290388926581,0.5958811754684327,0.5993504739352092,0.6453849454430646,1.6605390671738465,0.21090675105485235,0.5736407405901451,1.25,3.5317197925357875e+18,1.252999095510113e+18,3.531719792535788,1.2529990955101131,0.3550822552899729,0.17653342144359474,0.47100356127649845,0.22957647014122082,0.7442540892975769,0.0,0.0,0.05972988582883573,0.22857643537257644,0.019451783810172256,3.070663668264715,85.32967671880311,30.273638348885868,21,0.0009615384615384616,13,5,0.530433582270454,0.0015010145349022815,0.5306688919988417,0.5280918997087832,0.532204781514276,0.5628160956499865,0.5632074251756851,5 5 5 5 5,1e+00 1e+00 1e+00 1e+00 1e+00,1.8853085517883301
hyb,500,S0,MGCUBED,3,1003,5,5,0.7498328685760498,5,sample,10,1e-18,1.0,1.25,7.07e-06,10100.0,3.16e-11,5,1.0,0.8375941635305677,0.01433683168278065,0.8829113434349269,0.004232108827308534,0.8095398389355382,1.1948962360425504,1.2734156036782178,1.1933739896738953,1.2719946642344406,1.1791213216868064,1.258657641786184,1.0919424850159,1.1753316225760277,0.9414441199016508,1.017557294554373,0.8620298562459426,0.9195484182808269,0.8375941635305677,0.8829113434349269,0.8598719605015155,0.8839457652101446,0.932901726535885,0.9287584370032531,1.02019487400555,1.0073000759324322,1.6605390671738465,0.21090675105485235,0.5736407405901451,1.25,3.449056891438664e+18,1.425334035277529e+18,3.449056891438665,1.4253340352775292,0.32985147132875514,0.1798133895611546,0.5604867988607956,0.12032677901780252,0.7363110043444855,0.0,0.0,0.07317917588821195,0.11779385570260076,0.021516938832711947,3.401003110022254,83.33246316801024,34.43741281615457,21,0.001,25,5,0.8451267449362287,0.00433186007713933,0.8473156208868418,0.8375941635305677,0.8478547034618369,0.879448725907962,0.8789083217130786,5 5 5 5 5,1e+00 1e+00 1e+00 1e+00 1e+00,0.7588191986083984
hyb,500,S1,MG,5,1005,100,100,0.9767398834228516,15,sample,10,1.652417051300154e-18,10.0,1.25,7.07e-06,10100.0,3.16e-11,5,1.0,0.5347764799663555,0.005321938377802641,0.5352695307070501,0.01728716099396845,0.5127344978827292,0.7518453715915944,0.730320267389836,0.7515051607258603,0.730019531240456,0.7481791588059247,0.7270808532915709,0.7209438519943601,0.703120220315912,0.6255792946852723,0.6207294318712472,0.548781140080645,0.5522097683408904,0.5347764799663555,0.5352695307070501,0.60104393192975,0.5902038357482607,0.8954771156683956,0.8749472823398537,1.084021129664323,1.0685382864935677,10.049152336374778,0.21090675105485235,0.5736407405901451,12.5,3.449056891438664e+18,1.425334035277529e+18,0.5699280418317554,0.23552462636910446,0.06474982229621748,0.050957749570902544,0.18459591913258133,0.0699829932814275,0.3511348312786011,0.0,0.0,0.10016049224178074,0.06082198099675225,0.016822082106114772,5.954107916604017,83.33246316801024,34.43741281615457,21,0.001,25,5,0.5446009080204809,0.017794309758359307,0.5361351111812147,0.5347764799663555,0.5761334147090491,0.54762524441564,0.5415397178447242,5 5 5 4 5,1e+00 1e+00 1e+00 1e+00 1e+00,0.9954923152923584
hyb,500,S1,SINE,5,1005,100,100,3.194941759109497,17,sample,10,1.5146619030321962e-17,10.0,1.25,7.07e-06,10100.0,3.16e-11,5,10.0,0.4244579934576239,0.006812016431985784,0.4384426004491787,0.007902794960970322,0.41712355026882236,0.49064606278765155,0.515128105137223,0.4906361417824897,0.5151178986982924,0.4905370990210069,0.51501599631392,0.48956310277166437,0.514012892506753,0.4812158689065201,0.5053374429743424,0.44869748488281286,0.4696209030436015,0.42447459697122697,0.439075065774247,0.4244579934576239,0.4384426004491787,0.46873408888145474,0.4948660254131879,0.592721777315694,0.6338598653287708,1.0963100503482788,0.21090675105485235,0.5736407405901451,12.5,3.5317197925357875e+18,1.252999095510113e+18,5.349361421938728,1.8978699945029682,0.027606483434989743,0.012599692265678683,0.5457376858670449,0.2458799673299689,0.8421471528872778,0.09615,0.0,0.13993203938561907,0.24134385416689227,0.019103253789787594,7.325036924360254,85.32967671880311,30.273638348885868,21,0.0009615384615384616,13,5,0.42765622858887503,0.0031365758078174604,0.42799370229757844,0.4244579934576239,0.43233819617903607,0.4444629843483173,0.44713171389465894,5 4 5 5 5,1e+00 1e+00 1e+01 1e+01 1e+01,3.3164427280426025
hyb,500,S1,MGCUBED,5,1005,100,100,0.6425981521606445,38,sample,10,5e-20,0.1,1.25,7.07e-06,10100.0,3.16e-11,5,0.1,0.7307016980900268,0.025481833678418248,0.8017691427919049,0.020199852778919496,0.7249166410801685,1.0511081367362851,1.0576944344409347,1.0331553374484428,1.042315721411502,0.9381806269039213,0.9629896169752736,0.7982222374761266,0.8554982960815911,0.7419875615473412,0.8151425170797296,0.7307016980900268,0.8017691427919049,0.7321458105060795,0.796192815518669,0.7754770735396664,0.8090855410149187,0.9900896437822919,0.982817667786495,1.0996367901811708,1.086548846163502,3.321078134347694,0.21090675105485235,0.5736407405901451,0.125,3.449056891438664e+18,1.425334035277529e+18,1.724528445719332,0.7126670176387645,4.671077283329431,2.936287933630964,0.40474987925165884,0.0849075648425385,0.5347248098152337,0.0,0.0,0.011663841212163571,0.08481193072087272,0.021594763838724922,0.5401235827014383,83.33246316801024,34.43741281615457,21,0.001,25,5,0.7357730038932501,0.00341150000788296,0.7356985325639053,0.7307016980900268,0.7394484793993061,0.7967312885193581,0.7982079836017133,5 5 5 5 5,1e-01 1e-01 1e-01 1e+00 1e-01,0.6322297573089599
hyb,500,S2,MG,2,1002,100,100,1.135349988937378,23,sample,10,1e-18,1.0,2.0,7.07e-06,4593.11091993745,3.16e-11,5,1.0,0.593092655791992,0.010993812062561125,0.5899666498406678,0.00778343684552331,0.5832481916327008,0.8316485760744781,0.8162837462388447,0.8298338127874825,0.8145507055344542,0.8135058481430775,0.7989093900096362,0.7328186005677346,0.7196102092961715,0.6339208499852502,0.6169890911811649,0.5965121046474924,0.5875559774773829,0.593092655791992,0.5899666498406678,0.618848651783335,0.6110267194636335,0.8260610671412388,0.8054199333000029,1.0123765873407509,0.9934256526108378,1.6605390671738465,0.13181671940928272,0.4705516107728963,2.0,1.277837925355849e+18,4.084029878339976e+17,1.2778379253558492,0.40840298783399764,0.35501202732391024,0.2195063987802771,0.27834172877309177,0.09379343887822539,0.45802129793663,0.0,0.0,0.08987818937617498,0.08871995279113877,0.01940819146017709,4.630940990075893,30.87376787368268,9.867400861336925,13,0.001,40,5,0.5962888670629736,0.0031523276519148115,0.596659427889034,0.593092655791992,0.6011035806953576,0.5999900013894314,0.5990077549322711,5 5 5 5 5,1e+00 1e+00 1e+00 1e+00 1e+00,1.0931286334991455
hyb,500,S2,SINE,2,1002,100,100,3.1203720569610596,36,sample,10,1e-18,1.0,2.0,7.07e-06,20000.0,3.16e-11,5,1.0,0.4502217786125538,0.016133721282596734,0.4577387469490189,0.006179934962715065,0.4360114546013431,0.5273741587733675,0.5302021390563135,0.5273035246456634,0.530139414268183,0.5266057172938025,0.5295194413352275,0.520381598422174,0.5239637729882063,0.4912271226038277,0.4971020198525923,0.4603684205447539,0.4665315429746424,0.4502217786125538,0.4577387469490189,0.45680579654984843,0.4738006212775785,0.5163859100031744,0.5542652167054899,0.6053753608181531,0.6523943055572151,1.6605390671738465,0.13181671940928272,0.4705516107728963,2.0,5.617716205807263e+18,1.5420448623924582e+18,5.617716205807263,1.5420448623924585,0.19669204403002646,0.07555476609305693,0.5025209820536842,0.24508147935797514,0.8189308429243617,0.0346,0.0,0.13197007083884596,0.24067418594987422,0.01907103866887281,6.9199204684243885,135.72931486598327,37.257256329320285,13,0.001,20,5,0.45267416174810626,0.0019494948939933476,0.45209603313167024,0.4502217786125538,0.4553714861193406,0.4677412310236915,0.46850997041648446,5 5 5 3 3,1e+01 1e+00 1e+01 1e+01 1e+00,2.481495666503906
hyb,500,S2,MGCUBED,5,1005,100,100,0.7963278293609619,81,sample,10,1e-18,1.0,1.6456320562832316,7.07e-06,2791.278363510885,3.16e-11,5,1.0,0.78385829385959,0.011038085262439781,0.8217765253439658,0.003390095149500975,0.7794957349399232,1.1121266937514847,1.173757157546763,1.1091987268288632,1.170623013813733,1.0835124054457976,1.143182880920407,0.9672730870150874,1.0215029637393704,0.8346369784453991,0.8891966246024406,0.7901658377457788,0.8363819458870136,0.78385829385959,0.8217765253439658,0.8105462150954914,0.8317621554580403,0.9583277182509115,0.9484557391123125,1.0642019589464935,1.050991174347784,1.6605390671738465,0.16020193445550576,0.5118519593244504,1.6456320562832316,8.39187871231307e+17,3.050881419070568e+17,0.8391878712313071,0.3050881419070568,0.4656154876108954,0.3304008584845804,0.2269528677570794,0.07411715913459405,0.3655862753168221,0.0,0.0,0.05303151465144142,0.07188885502478957,0.018246145105905408,2.9064503402572224,20.27556940101793,7.371216871363864,16,0.0009973527613837767,33,5,0.7858193895144879,0.0012803506969287354,0.7862911418760552,0.78385829385959,0.786931146742937,0.8256254926282576,0.8255827516869015,5 5 5 5 5,1e+00 1e+00 1e+00 1e+00 1e+00,1.0327159881591796
hyb,500,S3,MG,3,1003,100,100,1.4125840663909912,27,sample,10,3.1956797146012714e-18,10.0,2.0,7.07e-06,5635.942894930739,3.16e-11,5,1.0,0.5102538322359187,0.0057090246422814945,0.5240139444931873,0.005218850709144507,0.49326371233520305,0.7220623305951406,0.7356692555117048,0.7217186905907491,0.735310277229222,0.7183582107606908,0.7318039380875563,0.6908011263939512,0.7033476112190821,0.5949348469170841,0.6087372517630889,0.5180920840493647,0.5369139662534448,0.5102538322359187,0.5240139444931873,0.6148978628655418,0.6082974006167066,0.8946633248912217,0.8744788170530164,1.1278113835173973,1.1109074835614112,5.196199918241913,0.13181671940928272,0.4705516107728963,20.0,1.5678934409594317e+18,4.996303733731883e+17,0.5010485263930442,0.15966586489873572,0.04311586769380859,0.03331004902296389,0.13252783975471255,0.06540767888643886,0.3201186631716566,0.0,0.0,0.13081443400921738,0.048054118992151784,0.014499557530307593,9.021960410570012,37.88178233430574,12.071540423148404,13,0.001,40,5,0.5122751534899992,0.0016246591665035458,0.5126707835016979,0.5102538322359187,0.5143820853320726,0.5177691245259721,0.5192330168036184,4 5 5 5 5,1e+00 1e+00 1e+00 1e+00 1e+00,1.4781328678131103
hyb,500,S3,SINE,2,1002,100,100,4.6024720668792725,80,sample,10,8.827073961695109e-18,10.0,2.0,7.07e-06,18582.901235458616,3.16e-11,5,10.0,0.40078207413231653,0.002643562543613554,0.407391518281268,0.0019172173061199073,0.39595540435003584,0.4659017092254695,0.47838188049072816,0.4658946811416757,0.47837457814100653,0.4658244973899177,0.4783016539705566,0.4651322237267089,0.4775821974545348,0.4590407802978459,0.47123867611450976,0.43202950325239503,0.44267451076123476,0.404836184577486,0.41240799786619126,0.40078207413231653,0.407391518281268,0.42295400880434747,0.4394351075270079,0.5239986457076831,0.5604118280597146,1.8811885732233797,0.13181671940928272,0.4705516107728963,20.0,5.219675112912291e+18,1.4333269584440136e+18,4.607445827769606,1.2652083073476799,0.022073025177337766,0.008916715655528283,0.45563494969405727,0.24007664819200492,0.8211339086066319,0.02465,0.0,0.23111466950523687,0.22725153479510649,0.018993040945812265,12.168386840454575,126.11226714625455,34.630529368400815,13,0.001,20,5,0.4015737543884535,0.0005988880617325645,0.4018134065200784,0.40078207413231653,0.40222007136998866,0.4095695758788316,0.4087793009757843,4 5 5 5 5,1e+01 1e+01 1e+01 1e+01 1e+01,4.569253396987915
hyb,500,S3,MGCUBED,3,1003,100,100,0.4934208393096924,68,sample,10,5e-20,0.1,1.0060036199617608,7.07e-06,6594.120223774535,3.16e-11,5,0.1,0.7215111446420968,0.01825143702999519,0.7786407798937326,0.009191507078097886,0.7064852214839151,1.0319377500875682,1.0136606993267196,1.0087086744149187,0.9943782684609637,0.9022014304111625,0.9110905481794237,0.7815818517139939,0.8230943184770846,0.7350834589808121,0.787052458973157,0.7215111446420968,0.7786407798937326,0.7235631309630005,0.7779631479483555,0.7835279424332079,0.8003934353067033,1.0144756477835792,1.007616596535818,1.1043497302266303,1.0998138035902645,3.321078134347694,0.2620601293945507,0.6247424030898672,0.10060036199617609,2.5299888892859464e+18,1.160462169740446e+18,1.264994444642973,0.5802310848702229,6.290423077411526,4.388673935788649,0.36012417561728655,0.0681102445643602,0.4706980363665003,0.0,0.0,0.008450886280834851,0.06804544810971593,0.021224865260982315,0.39815971394504546,61.12691456473922,28.037859061648554,26,0.0009580986856778675,21,5,0.7279354267842538,0.004790159978331954,0.7271072494496184,0.7215111446420968,0.7343337018877703,0.7729870842170969,0.7730850428563405,5 5 5 5 5,1e+00 1e+00 1e-01 1e+00 1e+00,1.4719233989715577
hyb,500,S4,MG,3,1003,100,100,1.7399721145629883,88,sample,10,2e-17,10.0,2.0,6.000000000000003e-06,17048.321458313214,1.3459837402939387e-10,5,1.0,0.45522428047477215,0.0073172659172456725,0.4444669982509585,0.00638691804942974,0.42549583635892424,0.6352112776935008,0.6289579422025033,0.6350350960559085,0.6287756499022457,0.6332963637249674,0.6269765158014732,0.6179075391432896,0.6110485460706789,0.5458214375764567,0.5367624221690402,0.4618179099487681,0.45244724224233035,0.45522428047477215,0.4444669982509585,0.5620441982226518,0.5550302906389564,0.7542566274736558,0.7416147060483785,0.9078523067142982,0.8963478180615795,0.8302695335869232,0.02228853076148495,0.20404363195850608,20.0,5.890532929994361e+18,4.111365689013609e+17,11.781065859988724,0.8222731378027219,0.027438257724793923,0.003912036800978046,0.3191177142130097,0.21890130440560773,0.9096770463898078,0.03992,0.00152,0.6786994424706746,0.09248234725437719,0.018015600069399326,37.67287461179214,142.3208238887456,9.933446754687733,2,0.001,40,5,0.45974082103166625,0.004195594245228277,0.46065306565825825,0.45522428047477215,0.46518255412594256,0.45337601824607676,0.4533865880811104,5 5 5 5 5,1e-01 1e+00 1e+00 1e+00 1e+00,1.6908582210540772
hyb,500,S4,SINE,5,1005,100,100,2.6884801387786865,62,sample,10,2e-17,2.612440163021244,1.592089915168002,6.000000000000003e-06,15817.877489344388,2e-10,5,1.0,0.37318598878904014,0.007012895121926717,0.38326749166740093,0.003772836344001138,0.36109650511998176,0.4328222298960712,0.44471788491189573,0.4327857569754741,0.44468057540889677,0.4324238468968515,0.4443104853404091,0.4290637346718646,0.4408851354494129,0.40945747511505737,0.42131633417974934,0.37886128827265425,0.391807715304807,0.37318598878904014,0.38326749166740093,0.3880439618283397,0.3932017551978241,0.3998700526612644,0.4083363020414077,0.46427716393810936,0.4883666637020278,0.21690294756753942,0.018843156855769882,0.18793218948572255,4.159239637525974,5.449943390854631e+18,2.87252727128928e+17,41.7230102951094,2.1991143084917586,0.07515472646423699,0.005627612827882759,0.47607378064205064,0.2618696035983906,0.9679161204083849,0.1359,0.0521,0.5013024560632716,0.20445138465212484,0.018465600150513812,27.14791027516767,131.67576563131064,6.940296451125551,2,0.0009950561969800011,16,5,0.37499374592924034,0.0016823377582467077,0.37542944666442807,0.37318598878904014,0.37696912462994153,0.38393603543278154,0.38326749166740093,5 5 5 5 5,1e+00 1e+00 1e-01 1e-01 1e+00,2.726363945007324
hyb,500,S4,MGCUBED,5,1005,100,100,1.654914140701294,100,sample,10,3.428386873619341e-18,10.0,2.0,2.2212106962681876e-05,9120.764883730148,8.295545006412073e-12,5,1.0,0.6842252988467054,0.006682672796715708,0.7330679914620271,0.019304007258236222,0.6501413307232679,0.9412157938321469,1.0277804867922502,0.9410156563763236,1.027577468523694,0.939034527583695,1.0255679027909008,0.9210381178874218,1.0073177072904296,0.8272754113978664,0.9118609116446235,0.7031442593258705,0.778587974214645,0.6842252988467054,0.7330679914620271,0.8925695140907779,0.8974968111719932,1.0447714982570202,1.041728960323241,1.0739172699091137,1.0725017619152104,4.84349966437953,4.956251571780018,0.9998847436563458,20.0,1.2190668918498004e+18,9.746562770623785e+17,0.4179432930081785,0.3341498786571354,0.03747704871833935,0.03526234105873486,0.24971292762283392,0.023706012427535516,0.29359275228517057,0.0,0.0,0.0026454255998565332,0.023689646897097776,0.019318375123481692,0.13693830785183325,29.453804347669102,23.5486136837517,496,0.001,40,5,0.7015063686406319,0.01695740824306754,0.6996268619846647,0.6842252988467054,0.7201035051288392,0.7432932711937563,0.7362892477386727,5 5 5 5 5,1e+00 1e+00 1e+00 1e-01 1e+00,1.217241096496582
hyb,5000,S0,MG,4,1004,5,5,1.4254472255706787,5,sample,10,1e-18,1.0,1.25,7.07e-06,10100.0,3.16e-11,5,0.01,0.5617843869499056,0.021415057970267572,0.5732712865140323,0.011041441656763825,0.49987377488090984,0.7856073760495115,0.7977258094561555,0.7747742348724957,0.7872979776586655,0.7101632790337464,0.7251670852140275,0.6042610237645063,0.6221093960328555,0.5617843869499056,0.5732712865140323,0.570128855756138,0.5752731670692758,0.6261285414241491,0.635243751581424,0.6806209954099325,0.687311710325411,0.8070525862689124,0.7961663063285185,0.974173028177505,0.9610899144630002,1.6605390671738465,0.21090675105485235,0.5736407405901451,1.25,3.449056891438664e+18,1.425334035277529e+18,3.449056891438665,1.4253340352775292,0.32985147132875514,0.1798133895611546,0.5604867988607956,0.12032677901780252,0.7363110043444855,0.0,0.0,0.07317917588821195,0.11779385570260076,0.006804253498589449,10.754916156986553,83.33246316801024,34.43741281615457,21,0.001,25,5,0.5658387456960478,0.0037533758933534834,0.5665402558969659,0.5617843869499056,0.5711517949727555,0.5710897425357273,0.5732712865140323,5 5 5 5 5,1e-02 1e-02 1e-02 1e-02 1e-02,1.400881052017212
hyb,5000,S0,SINE,3,1003,5,5,3.2845382690429688,5,sample,10,1e-18,1.0,1.25,7.07e-06,10100.0,3.16e-11,5,0.1,0.4577038702522822,0.011006659693170762,0.46620745885054465,0.0038992276295041588,0.4495219402046625,0.5398921567613787,0.5402613840766441,0.5385727958002201,0.5390058305507903,0.5276362222358467,0.528640578370106,0.48976912151587,0.49345998246242095,0.463749277662355,0.470166173937959,0.4577038702522822,0.46620745885054465,0.4649215118479167,0.48233219718375653,0.5128886217091747,0.5505872721979798,0.549420219353259,0.5936845863183514,0.5988338216631532,0.6453486077891666,1.6605390671738465,0.21090675105485235,0.5736407405901451,1.25,3.5317197925357875e+18,1.252999095510113e+18,3.531719792535788,1.2529990955101131,0.3550822552899729,0.17653342144359474,0.47100356127649845,0.22957647014122082,0.7442540892975769,0.0,0.0,0.05972988582883573,0.22857643537257644,0.00615119413933327,9.710291120044193,85.32967671880311,30.273638348885868,21,0.0009615384615384616,13,5,0.4601559516686579,0.0024767420957602457,0.4588248205603563,0.4577038702522822,0.4631564497455267,0.46912913639035586,0.46643323948820486,5 5 5 5 5,1e-01 1e-01 1e-01 1e-01 1e-01,3.2331381320953367
hyb,5000,S0,MGCUBED,2,1002,5,5,1.4001200199127197,5,sample,10,1e-18,1.0,1.25,7.07e-06,10100.0,3.16e-11,5,0.1,0.7357983390527786,0.012035560964718181,0.7603068517055285,0.013530464370264582,0.718156846100824,1.0136227204340524,0.9967994227062619,1.0007880323341047,0.9852431214635372,0.9233011814730678,0.9160164858799533,0.7928784150847926,0.8017868653802891,0.7362118081537993,0.7541691131883603,0.7357983390527786,0.7603068517055285,0.8017655817939386,0.8325764185859669,0.8527223036644062,0.8756248854177123,0.9297602493233533,0.925862251713859,1.0198090983045354,1.0074586368432672,1.6605390671738465,0.21090675105485235,0.5736407405901451,1.25,3.449056891438664e+18,1.425334035277529e+18,3.449056891438665,1.4253340352775292,0.32985147132875514,0.1798133895611546,0.5604867988607956,0.12032677901780252,0.7363110043444855,0.0,0.0,0.07317917588821195,0.11779385570260076,0.006804253498589449,10.754916156986553,83.33246316801024,34.43741281615457,21,0.001,25,5,0.7418485205528531,0.005674949293608094,0.7404356190194497,0.7357983390527786,0.7499143313946789,0.7743800074547179,0.7789709050780707,5 5 5 5 5,1e-01 1e-01 1e-01 1e-01 1e-01,1.3721010208129882
hyb,5000,S1,MG,5,1005,100,100,2.9081568717956543,13,sample,10,4.687616715226502e-18,10.0,1.25,7.07e-06,10100.0,3.16e-11,5,0.1,0.43260463156295925,0.0056791095234515945,0.42791471781550217,0.018518766456450838,0.40421037315376285,0.6006707948183877,0.5646990321016382,0.5992765367233521,0.5633373555037491,0.5867329421794322,0.5511584252596303,0.523855179189051,0.49242827189723776,0.442885032745172,0.42499835946910425,0.43260463156295925,0.42791471781550217,0.5247415544010373,0.5316122673943158,0.5947670307197417,0.5978967173275611,0.7921783150432253,0.7763894488693952,0.9922624879091556,0.9752702286187015,3.542395140327958,0.21090675105485235,0.5736407405901451,12.5,3.449056891438664e+18,1.425334035277529e+18,1.6167856736075041,0.6681419648548186,0.04795754898892106,0.030571857988549705,0.37972021663451194,0.11544226268620177,0.6115822989575309,0.0,0.0,0.16045883079276096,0.10232311983124234,0.0066374660547824215,24.174712076628595,83.33246316801024,34.43741281615457,21,0.001,25,5,0.4548593947805644,0.01277578030610968,0.4588388160882892,0.43260463156295925,0.46331893517242306,0.4603674386336696,0.4664318859539608,5 5 5 5 5,1e-01 1e-01 1e-01 1e-01 1e-01,2.3703449249267576
hyb,5000,S1,SINE,4,1004,100,100,6.925682783126831,23,sample,10,7.77975037365739e-18,5.4076166195425035,1.25,7.07e-06,10100.0,3.16e-11,5,0.1,0.39264857879410753,0.0045963200800124135,0.4046565674171639,0.003743929260574687,0.37300331226925143,0.4588965713547076,0.47357211202614335,0.45873102423055484,0.4733951089918885,0.4571258270107559,0.47167875931446873,0.4448391628414593,0.45853547594600297,0.4117393058815358,0.42319247131743365,0.39264857879410753,0.4046565674171639,0.3940118759114324,0.40767492510508135,0.40989007115643955,0.42547889298266295,0.47092990526372286,0.5008780609460737,0.5990796230697376,0.6422429599347286,1.154221951317888,0.21090675105485235,0.5736407405901451,6.759520774428129,3.5317197925357875e+18,1.252999095510113e+18,5.080962706627308,1.8026463167264763,0.05278564078189363,0.024328299456957685,0.5367426025380271,0.2441502723838767,0.8339756729521447,0.0745,0.0,0.1307719256587356,0.2400791403361931,0.0060643931939364,21.563892952965258,85.32967671880311,30.273638348885868,21,0.0009615384615384616,13,5,0.3953674160792382,0.0020578132375961857,0.39538243938522155,0.39264857879410753,0.3974151849087403,0.4058868678354542,0.4048006666812441,5 4 4 5 5,1e-01 1e-01 1e-01 1e-01 1e-01,5.898714208602906
hyb,5000,S1,MGCUBED,3,1003,100,100,1.4037468433380127,12,sample,10,1.037672652229637e-17,10.0,1.25,7.07e-06,10100.0,3.16e-11,5,0.1,0.6075760016645736,0.008070897259211344,0.6500947088693244,0.0157548973214036,0.5683607857578864,0.8509675044085869,0.8992906864105201,0.8495704079398216,0.897949489300467,0.8365349637958861,0.8854117571474326,0.758474023294062,0.8092368172121474,0.635247005015422,0.6832253034881981,0.6075760016645736,0.6500947088693244,0.7060799280299423,0.7421915669970325,0.8137234985714124,0.842700382314946,0.9070389850990066,0.9063770857265674,1.0111322425451652,0.9991731901870967,1.600253281808924,0.21090675105485235,0.5736407405901451,12.5,3.449056891438664e+18,1.425334035277529e+18,3.578992012230066,1.4790301486996047,0.032270684582825525,0.017471094028189475,0.5626339848499208,0.12952808911823924,0.7792763572880249,0.0,0.0,0.17050146948281739,0.11707929615363662,0.006764087692412783,25.206868573579758,83.33246316801024,34.43741281615457,21,0.001,25,5,0.6325261248781261,0.015352170219041344,0.6376239422586863,0.6075760016645736,0.6465858471536742,0.677225213261386,0.6831995573739721,5 5 5 5 5,1e-01 1e-01 1e-01 1e-01 1e-01,2.312838077545166
hyb,5000,S2,MG,4,1004,100,100,2.065675973892212,31,sample,10,1e-18,1.0,2.0,7.07e-06,15819.26851136324,3.16e-11,5,0.01,0.4910386309779044,0.019360379225544247,0.5000653193734179,0.0058761030764621445,0.4314967256956724,0.700266471795287,0.6851012487619338,0.6933222753665709,0.6781460277081091,0.6457507849978428,0.6318259847035842,0.5413614630837029,0.5403262150298102,0.4910386309779044,0.5000653193734179,0.49653404755917957,0.5057554545432156,0.5769820309693261,0.5855107499712174,0.6627512054021902,0.6705199915404136,0.7715934389464227,0.7635617374190175,0.9449860428262212,0.9331597708601483,1.6605390671738465,0.13181671940928272,0.4705516107728963,2.0,4.4003054047875507e+18,1.3904720375707036e+18,4.400305404787551,1.3904720375707038,0.20916370998763933,0.09258735618113992,0.5447431918397272,0.1398603523881229,0.7709158638065262,0.0,0.0,0.15399108828930635,0.1302821314656734,0.006746004578189255,22.827006193737308,106.31552323264305,33.595114114999916,13,0.001,40,5,0.49324591768979914,0.0017232613920919078,0.4937149234805835,0.4910386309779044,0.49487313324535814,0.4946762160916742,0.49786452919226465,5 5 5 5 5,1e-02 1e-02 1e-02 1e-02 1e-02,2.112242603302002
hyb,5000,S2,SINE,5,1005,100,100,4.794572114944458,16,sample,10,1e-18,1.0,2.0,7.07e-06,20000.0,3.16e-11,5,0.1,0.39286652348137496,0.006095303056134972,0.3973739201166923,0.005624216968637743,0.3809387964148353,0.46285718610733795,0.45703182764361505,0.46225284025245683,0.4564583521007911,0.4568378109473408,0.45134428612046584,0.4308406946873675,0.42764534852471814,0.4024374026176192,0.4045470660556857,0.39286652348137496,0.3973739201166923,0.39649156045392386,0.4016045433525678,0.42396851741396047,0.43666757698095865,0.5108962947232512,0.5471646419543728,0.6053522687415432,0.6513905648201461,1.6605390671738465,0.13181671940928272,0.4705516107728963,2.0,5.617716205807263e+18,1.5420448623924582e+18,5.617716205807263,1.5420448623924585,0.19669204403002646,0.07555476609305693,0.5025209820536842,0.24508147935797514,0.8189308429243617,0.0346,0.0,0.13197007083884596,0.24067418594987422,0.0060307919538783806,21.882709907440347,135.72931486598327,37.257256329320285,13,0.001,20,5,0.3934322638691439,0.000663596624495761,0.39305700011419437,0.39286652348137496,0.3942775759515462,0.4010607794745829,0.39879917977017004,5 5 5 5 5,1e-01 1e-01 1e-01 1e-01 1e-01,4.662846088409424
hyb,5000,S2,MGCUBED,4,1004,100,100,2.1339688301086426,75,sample,10,1e-18,1.0,1.9990566407599468,7.07e-06,19526.04650304494,3.16e-11,5,0.1,0.6507340744023503,0.012738865877183673,0.7103549114236197,0.008833022762279152,0.6412871906438642,0.9503199716379831,1.0245113200443083,0.9414962510563594,1.0160742343847562,0.8779641017444455,0.9553306391191203,0.7284744976866457,0.8083575845711273,0.6542793874995082,0.7272184733748621,0.6507340744023503,0.7103549114236197,0.7333254617283582,0.7732191267130213,0.8489910034893187,0.8749482225240728,0.9201088578154512,0.9203620399925743,1.0044926290811562,0.992946257093737,1.6605390671738465,0.1318789240100493,0.47064874349337743,1.9990566407599468,5.432148373810323e+18,1.7154874550650895e+18,5.432148373810324,1.7154874550650898,0.18421589470806432,0.07777120831667111,0.5908877236946432,0.14149660983143983,0.8113245708170184,0.00404,0.0,0.15924587560721118,0.13146395007909292,0.006645387325698569,23.963370049385514,131.2458212583721,41.4477927340786,13,0.0009995283203799734,40,5,0.6568800959548965,0.0036595545924103723,0.657749526889508,0.6507340744023503,0.6603327686398889,0.6970251021172585,0.6947644537399844,5 5 5 5 5,1e-01 1e-01 1e-01 1e-01 1e-01,2.1595786571502686
hyb,5000,S3,MG,2,1002,100,100,4.262419939041138,49,sample,10,5.922819343518928e-18,10.0,2.0,7.07e-06,12827.222692057501,3.16e-11,5,0.1,0.36679671168514694,0.005875029457266194,0.36603680432246655,0.003710553129742708,0.34431152679833055,0.5075228245776296,0.4910605106046919,0.5067279873673322,0.49036776422637984,0.49931284179358293,0.48390378644815757,0.45478370779475324,0.44500197638945194,0.38125547796588466,0.3795479793559322,0.36679671168514694,0.36603680432246655,0.47824756145856284,0.481642046766518,0.5860376741174119,0.588854462431527,0.7594214566563097,0.7454214571312426,0.9641051072725337,0.947798394251215,2.8036294387248177,0.13181671940928272,0.4705516107728963,20.0,3.5680913821653023e+18,1.128726594340998e+18,2.113316065773184,0.6685243706507106,0.029966598558282022,0.016060046247692052,0.369177199914195,0.1377339715130679,0.6735184064888458,0.0,0.0,0.2602515682103592,0.10886844954557873,0.006493257541485922,40.080278126593925,86.2084485826964,27.271097668221092,13,0.001,40,5,0.37090826994421805,0.007540176056477007,0.36707294794843304,0.36679671168514694,0.3842581539180693,0.37262582079045764,0.37385165321447156,5 5 5 5 5,1e-01 1e-01 1e-01 1e-01 1e-01,4.024487733840942
hyb,5000,S3,SINE,2,1002,100,100,8.015825271606445,89,sample,10,1.1018607691619863e-17,2.527880102649681,2.0,7.07e-06,9024.97720027079,3.16e-11,5,0.1,0.3705829722259125,0.006326333637034873,0.385807351285823,0.003541860049102296,0.3545154915337742,0.42973745446460326,0.4458583964306664,0.4295587370197242,0.44569217453363025,0.42783442615414363,0.4440875646757559,0.41511312686767987,0.4321918769633629,0.38432625473474435,0.40240253922949315,0.3705829722259125,0.385807351285823,0.3788363049663109,0.39058772468155306,0.39976619731763086,0.4165372889223692,0.4381545140097126,0.4647414145131311,0.5801186337014623,0.6184258093650583,0.380959535456891,0.13181671940928272,0.4705516107728963,5.055760205299362,2.5350022983081933e+18,7.00055930901786e+17,11.049652154441437,3.0514270264294634,0.04882086972555261,0.01641492953694849,0.6229132553651766,0.25198134963727875,0.9155770077107398,0.2955,0.0337,0.17895269539108155,0.24489190547235784,0.005774438237520657,30.990494318269413,61.24804324885271,16.914010674114053,13,0.001,20,5,0.37244278433955,0.0016358516029663173,0.37227530599439024,0.3705829722259125,0.3749523316462432,0.38096905248790114,0.38178208501501326,5 5 5 5 5,1e-01 1e-01 1e-01 1e-01 1e-01,7.342268228530884
hyb,5000,S3,MGCUBED,4,1004,100,100,4.010616064071655,27,sample,10,4.0172150831494116e-18,10.0,1.9269829370216156,7.07e-06,20000.0,3.16e-11,5,0.1,0.5833798579725413,0.013148333106572218,0.626754306497935,0.004420075786772239,0.5476795173650235,0.8181273447935536,0.8546731972400057,0.8167860670751438,0.8533235129393641,0.8042793133629387,0.8407539950867833,0.7297795284649344,0.7667985613550024,0.6129126227152139,0.655720180534565,0.5833798579725413,0.626754306497935,0.6821720010915662,0.7231465680189737,0.7833855430320165,0.8149353984444827,0.8909955229273059,0.8895353791799927,1.0199965964433386,1.006474148190602,4.13355778270159,0.13681150660630276,0.47825095736645196,19.269829370216158,5.646772893596573e+18,1.8280559344011261e+18,2.26843012392754,0.7343693872516995,0.02992130503132067,0.015877529427058147,0.39045055572810017,0.13955778929727475,0.6896000484656096,0.0,0.0,0.2553629106337067,0.11233110177250019,0.006570285299940956,38.86633517055972,136.4313518115023,44.1675532232239,14,0.0009881963779598028,39,5,0.5854025965512362,0.001973140520094801,0.5856403586170605,0.5833798579725413,0.5879363427171069,0.626636015131091,0.626754306497935,5 5 5 5 5,1e-01 1e-01 1e-01 1e-01 1e-01,3.977853536605835
hyb,5000,S4,MG,1,1001,100,100,3.2919681072235107,55,sample,10,2e-17,10.0,2.0,6.000000000000003e-06,17861.271402283724,1.3329407111451219e-10,5,0.1,0.35768080302705013,0.005891394750056321,0.3496931792889292,0.0036117525075663867,0.3345640447315035,0.49486084015921017,0.48703735256916386,0.493602774437606,0.48573161669863757,0.48255503607694916,0.4742276662089001,0.4322051508806551,0.4213807652379614,0.3700572465363458,0.35903658735993893,0.35768080302705013,0.3496931792889292,0.4101320340983512,0.4028202707133947,0.5527087781582731,0.5477349947913245,0.750743158538035,0.7388003559114087,0.9062541318623566,0.8949115344199005,0.8302695335869232,0.02250662745098932,0.20501734246467435,20.0,6.173043961604202e+18,4.3451322976927846e+17,12.346087923208406,0.8690264595385571,0.02675189521519373,0.003746416199840229,0.3288399423062107,0.22055850190611748,0.9138066021711024,0.0446,0.00252,0.6803356136055512,0.09451755510438468,0.005748454545550808,118.35104691436027,149.14655650992128,10.498248899761728,2,0.001,40,5,0.36107373024978223,0.002454959509794448,0.3605122814717158,0.35768080302705013,0.3641105802448227,0.3548399402476998,0.3551527586049425,5 5 5 5 5,1e-01 1e-01 1e-01 1e-01 1e-01,3.5284722328186033
hyb,5000,S4,SINE,1,1001,100,100,5.700916290283203,42,sample,10,2e-17,2.5817037111589944,1.6229711927659793,6.000000000000003e-06,20000.0,2e-10,5,0.01,0.33513138937975073,0.007842820275517486,0.3478894151582389,0.0026480283076385294,0.2950754096929553,0.3803071664082226,0.39480716880945377,0.3800085412675328,0.39452488020266874,0.37722057949867016,0.3918806371759496,0.36055435540694836,0.3756471508585596,0.33513138937975073,0.3478894151582389,0.33548220926655736,0.3440763897949589,0.3564810711473494,0.3596181150757121,0.38034321319824144,0.3821909587338771,0.396925582288582,0.4072766992352423,0.45414991620741185,0.47761114274209876,0.21435099361236074,0.018484616445269098,0.18616877450138597,4.190030751468068,6.888014237554045e+18,3.563401873608022e+17,53.360222614095676,2.7605041261751277,0.06346535594175648,0.004390374457853362,0.5095536423120783,0.26572675908157517,0.975993509808254,0.16415,0.0715,0.4957827382787359,0.2117744723285085,0.005808869322780679,85.3492669105882,166.42091180823599,8.609514563889872,2,0.0009546889369211643,17,5,0.33711406193015164,0.001758972265023511,0.33725246917238544,0.33513138937975073,0.3396308204046194,0.3458376676346503,0.3447361026584275,5 5 5 5 5,1e-02 1e-01 1e-01 1e-01 1e-01,5.78683123588562
hyb,5000,S4,MGCUBED,5,1005,100,100,3.772489070892334,98,sample,10,2e-17,10.0,2.0,1.0462631213165628e-05,14399.186457593445,5.686411331326689e-11,5,0.1,0.5832547344078833,0.0064667205871443405,0.6222166022269054,0.00790660896724403,0.5469129231600615,0.8289471244794667,0.8609795136924804,0.827777125739692,0.8598551322879275,0.816779004645132,0.8492978482551248,0.7476534255326307,0.7832741980169995,0.6209987012948787,0.6606838405863593,0.5832547344078833,0.6222166022269054,0.6824103472408322,0.7207238918996289,0.7912901205590234,0.8231205086128848,0.891798096651956,0.8918267391702859,1.0153905970373662,1.0023463121622884,0.8302695335869232,0.16042140570516927,0.5121497643932836,20.0,1.3358756673869156e+18,4.7592252087705043e+17,2.6717513347738313,0.951845041754101,0.025616787670329384,0.013617479900250336,0.45272122568521966,0.13981367430010846,0.7247607222146183,0.0,0.0,0.2301174807974246,0.1181861256120539,0.006733599299113704,34.17451359597732,32.27601438697258,11.49873637638681,16,0.001,40,5,0.5895208195740166,0.007469180273466279,0.5882658195875452,0.5832547344078833,0.6023003510475078,0.6293103900575311,0.6306784875229623,5 5 5 5 5,1e-01 1e-01 1e-01 1e-01 1e-01,4.070242691040039
hyb,50000,S0,MG,1,1001,5,5,1.7480127811431885,5,sample,10,1e-18,1.0,1.25,7.07e-06,10100.0,3.16e-11,5,0.001,0.37797338666460234,0.012021869985594201,0.3914747574704315,0.005804909215169281,0.34338663761557,0.5268179699831381,0.5155107040031534,0.4818118808291737,0.47555264922861734,0.40848242869708,0.41311094573198376,0.37797338666460234,0.3914747574704315,0.3839347646550211,0.40005263415151004,0.45849727470386065,0.4674660967943468,0.6048291420523018,0.6142728738853565,0.676961210723622,0.6838835710016723,0.8060009099336043,0.7952317841818933,0.9740564780898897,0.9608153370644527,1.6605390671738465,0.21090675105485235,0.5736407405901451,1.25,3.449056891438664e+18,1.425334035277529e+18,3.449056891438665,1.4253340352775292,0.32985147132875514,0.1798133895611546,0.5604867988607956,0.12032677901780252,0.7363110043444855,0.0,0.0,0.07317917588821195,0.11779385570260076,0.0021516938832711946,34.01003110022255,83.33246316801024,34.43741281615457,21,0.001,25,5,0.38941675516360663,0.0074324937003178255,0.38933868455389753,0.37797338666460234,0.39631847275651017,0.3935327078996227,0.3914747574704315,5 5 5 5 5,1e-03 1e-03 1e-03 1e-03 1e-03,1.714447546005249
hyb,50000,S0,SINE,4,1004,5,5,4.151831150054932,5,sample,10,1e-18,1.0,1.25,7.07e-06,10100.0,3.16e-11,5,0.01,0.401971149713744,0.005988943972890821,0.39932069408895093,0.006854541866595108,0.39336301883990665,0.47148744174370194,0.46821357335957464,0.46277345965416145,0.4598823058738978,0.43188354604882784,0.4294274101347758,0.4085262741960607,0.4050679333998096,0.401971149713744,0.39932069408895093,0.40416118756786,0.40465759962062353,0.43366000451895814,0.4471796895184175,0.5082379690669734,0.5462636725294603,0.5492220617246911,0.5934711061116704,0.5989318010837026,0.6452249367190818,1.6605390671738465,0.21090675105485235,0.5736407405901451,1.25,3.5317197925357875e+18,1.252999095510113e+18,3.531719792535788,1.2529990955101131,0.3550822552899729,0.17653342144359474,0.47100356127649845,0.22957647014122082,0.7442540892975769,0.0,0.0,0.05972988582883573,0.22857643537257644,0.001945178381017226,30.706636682647144,85.32967671880311,30.273638348885868,21,0.0009615384615384616,13,5,0.4061843935735475,0.003639286909221053,0.40593825823922086,0.401971149713744,0.41017738533783754,0.40802694623846275,0.40715986108039803,5 5 5 5 5,1e-02 1e-02 1e-02 1e-02 1e-02,4.244735288619995
hyb,50000,S0,MGCUBED,1,1001,5,5,1.613434076309204,5,sample,10,1e-18,1.0,1.25,7.07e-06,10100.0,3.16e-11,5,0.001,0.5604038928308205,0.020112996266376273,0.615868967370259,0.006756849474515859,0.5096924742186755,0.7651697870253795,0.8079231941499996,0.7084488916110668,0.7511616870371767,0.6054295185683594,0.6535827180992282,0.5604038928308205,0.615868967370259,0.5617004575170697,0.6138957854847693,0.6333166388813339,0.6718987850099369,0.7919253144870908,0.8251012272836287,0.852263087636727,0.8752999011083817,0.9296153777044074,0.9253315990079282,1.0199387357371648,1.0073861028229365,1.6605390671738465,0.21090675105485235,0.5736407405901451,1.25,3.449056891438664e+18,1.425334035277529e+18,3.449056891438665,1.4253340352775292,0.32985147132875514,0.1798133895611546,0.5604867988607956,0.12032677901780252,0.7363110043444855,0.0,0.0,0.07317917588821195,0.11779385570260076,0.0021516938832711946,34.01003110022255,83.33246316801024,34.43741281615457,21,0.001,25,5,0.5663954277938497,0.004746619014284806,0.567646857739269,0.5604038928308205,0.572715250294394,0.6193140457508776,0.615868967370259,5 5 5 5 5,1e-03 1e-02 1e-03 1e-03 1e-02,1.6394081592559815
hyb,50000,S1,MG,2,1002,100,100,0.6338388919830322,13,sample,10,3.3780098715366776e-18,10.0,1.25,7.07e-06,10100.0,3.16e-11,5,0.01,0.3025468317615194,0.004326145426762746,0.31503936074355643,0.008163888236979784,0.28358624863658966,0.433444126246555,0.4235045009344656,0.42166057515744343,0.4134045981229417,0.36908463291522337,0.36998359714108126,0.31508885696522093,0.3274663036627897,0.3025468317615194,0.31503936074355643,0.36629790550784935,0.3754024544944308,0.5092221480336536,0.5187922317869599,0.5753252952948535,0.5770003968998593,0.8168608149772465,0.7998743979660585,1.013658015710666,0.9966613584017676,4.915731837155518,0.21090675105485235,0.5736407405901451,12.5,3.449056891438664e+18,1.425334035277529e+18,1.1650948226771414,0.48147924414047,0.054000081551203026,0.036949882823644614,0.309929456573119,0.10264559095291106,0.5295498293362731,0.0,0.0,0.14464117324092632,0.09032103263497457,0.002002054412613681,72.24637468873652,83.33246316801024,34.43741281615457,21,0.001,25,5,0.3128420363138327,0.009804776715891028,0.3108279165574886,0.3025468317615194,0.3260088757925777,0.318032423957749,0.31503936074355643,5 5 5 5 5,1e-02 1e-02 1e-02 1e-02 1e-02,0.6501843929290771
hyb,50000,S1,SINE,1,1001,100,100,2.064262866973877,45,sample,10,8.92286343479674e-18,2.2401054723454257,1.25,7.07e-06,10100.0,3.16e-11,5,0.01,0.35526158238172956,0.0045277996592352834,0.3691389572494367,0.0009438003690569993,0.3461029709073915,0.41612974186491786,0.4222790378950001,0.41354921125683364,0.42003324600482594,0.3966657105915593,0.40543943889719125,0.36570460817589695,0.3789343089723737,0.35526158238172956,0.3691389572494367,0.36450264070265537,0.37628552655039404,0.3949852275535988,0.40997569484667096,0.4355465480369382,0.46051143382747517,0.5274980388696293,0.5618759935481404,0.7035559477943725,0.7452927622683123,0.41688216777064663,0.21090675105485235,0.5736407405901451,2.8001318404317823,3.5317197925357875e+18,1.252999095510113e+18,14.067665021937936,4.990988125864709,0.05961054070716976,0.023701485335190776,0.7106219752981525,0.2400362517092046,0.9329432788828299,0.55125,0.16205,0.0885911317571722,0.23815175313243445,0.001688530780354466,52.46640025038492,85.32967671880311,30.273638348885868,21,0.0009615384615384616,13,5,0.35778292274309703,0.002371626436440891,0.35730781555737845,0.35526158238172956,0.3612122608095468,0.3684548765980588,0.36824741662270166,5 5 5 5 5,1e-02 1e-02 1e-02 1e-02 1e-02,2.07291841506958
hyb,50000,S1,MGCUBED,3,1003,100,100,0.5948827266693115,12,sample,10,1.3263419108358593e-17,9.176889407619424,1.25,7.07e-06,10100.0,3.16e-11,5,0.01,0.5308677072908724,0.010597813185603131,0.5730878102212137,0.003840544366605058,0.49369741960253777,0.7269395492299996,0.7582425526857672,0.7168471448062588,0.7483484925869316,0.6560990844192738,0.6901307267800197,0.5573662397347054,0.5990846445965773,0.5308677072908724,0.5730878102212137,0.5844632300950696,0.6271323032885514,0.7159661660172624,0.7517180741708107,0.833402016160117,0.8625077773307929,0.9156708214233025,0.9163586380887058,1.0055181725492963,0.9946696264625361,1.1489181825584154,0.21090675105485235,0.5736407405901451,11.47111175952428,3.449056891438664e+18,1.425334035277529e+18,4.9849447942285385,2.060044731888943,0.028488311798448178,0.014565799925726455,0.6364434484221735,0.12637837279089034,0.831268767834541,0.03096,0.0,0.1605151437918869,0.11522612369781145,0.00207124104154559,77.49708535714808,83.33246316801024,34.43741281615457,21,0.001,25,5,0.5367944592714526,0.0037513987962911467,0.5367489755733618,0.5308677072908724,0.5406150095852156,0.5756271213674605,0.5749651703832099,5 5 5 5 5,1e-02 1e-02 1e-02 1e-02 1e-02,0.5914623260498046
hyb,50000,S2,MG,2,1002,100,100,3.8431241512298584,87,sample,10,1e-18,1.0,1.9984268288837985,7.07e-06,9744.224272463129,3.16e-11,5,0.001,0.3445645624177686,0.009789115368397746,0.3439119675352556,0.006153743136361556,0.3093456516351262,0.4822750542230563,0.4642092145106293,0.44328838601909837,0.4270406477946126,0.3740694327634542,0.36368477248835657,0.3445645624177686,0.3439119675352556,0.34612168074538324,0.35237959467851454,0.40089433350413683,0.40692742480752875,0.5406833329457961,0.5483997048229539,0.6145200525382732,0.6197530350323428,0.7662444597831188,0.7532671220203377,0.9649406034165947,0.9496569102072998,1.6605390671738465,0.13192048615851262,0.47071362513069154,1.9984268288837985,2.711271898866389e+18,8.596470663917059e+17,2.7112718988663893,0.859647066391706,0.2690798761895816,0.13483075776092945,0.43596659636304813,0.127942851315335,0.6591252225300002,0.0,0.0,0.13275002511547468,0.12001199011770156,0.0021343032769561942,62.19829512926307,65.5068828268884,20.7698828266338,13,0.0009992134144418993,40,5,0.3478046736612086,0.0019020187400322999,0.3483828856940817,0.3445645624177686,0.34956735771559383,0.35272297761938,0.3528032737184909,5 5 5 5 5,1e-03 1e-03 1e-03 1e-03 1e-03,3.878553628921509
hyb,50000,S2,SINE,2,1002,100,100,5.845699071884155,45,sample,10,1e-18,1.0,1.991893316216696,7.07e-06,17916.912411798217,3.16e-11,5,0.1,0.36572896297008795,0.004080344950222174,0.37823864408231594,0.002158261341808875,0.3666933309844383,0.4490181484973565,0.4560458346709903,0.4423951339033718,0.4494587041844351,0.4116623608794798,0.41925159788856015,0.3781049509221945,0.3886798437146905,0.3663631218408461,0.37957947228126787,0.36572896297008795,0.37823864408231594,0.3815242789755481,0.387936674587655,0.4252376339888195,0.43725723903287655,0.5136974783652455,0.5504633657345124,0.5972231345398037,0.6429031241397423,1.6605390671738465,0.13235319214750807,0.4713882655914942,1.991893316216696,5.039484697158472e+18,1.3874098479308106e+18,5.039484697158472,1.3874098479308108,0.2102843462776438,0.08312545595241642,0.48313119866850757,0.24018818643432,0.799554401690551,0.0,0.0,0.12929687922471209,0.23581529816765084,0.0019153671722739354,67.50500953360815,121.75869698007203,33.52112872901998,13,0.0009959466581083481,20,5,0.3664208818047142,0.0007150032672711403,0.36628013217526817,0.36572896297008795,0.36731133460444265,0.38050770994045485,0.38006425261906307,4 5 5 5 4,1e-02 1e-01 1e-02 1e-01 1e-02,5.804806566238403
hyb,50000,S2,MGCUBED,2,1002,100,100,2.3834760189056396,35,sample,10,1e-18,1.0,1.7825003304392144,7.07e-06,14898.815837514829,3.16e-11,5,0.01,0.5357217280028442,0.0068903126264794005,0.5912314057629018,0.0038580198981033598,0.5327113742436234,0.7636347933141127,0.817980134600678,0.7102121372420495,0.7647144733711204,0.599858433539051,0.6532112467891564,0.5418219931124598,0.5965493622090686,0.5357217280028442,0.5912314057629018,0.5745009983865836,0.6229373105265157,0.7340891888258712,0.767834536173247,0.8474462443349406,0.8718810875577795,0.9198614264610014,0.918123322337931,1.0104786796748304,0.9979501636223898,1.6605390671738465,0.14790092002597566,0.4946593161828007,1.7825003304392144,4.3343292262416476e+18,1.4730463783390574e+18,4.334329226241648,1.4730463783390575,0.22684965336105536,0.10516968298698227,0.5607234925859493,0.13525280235943618,0.7716791204169694,0.0,0.0,0.1318220296146801,0.12806967697067953,0.0021321866071856398,61.82480894046951,104.72147661593176,35.590187964834655,15,0.0009902779613551191,36,5,0.5375084873068204,0.0022766824406903717,0.5361912809750325,0.5357217280028442,0.5405725392896407,0.5911015852899072,0.5912314057629018,5 5 5 5 5,1e-02 1e-02 1e-02 1e-02 1e-02,2.7124399662017824
hyb,50000,S3,MG,2,1002,100,100,1.0138130187988281,95,sample,10,4.328257483533896e-18,10.0,2.0,7.07e-06,9513.553989682412,3.16e-11,5,0.01,0.2808633284383415,0.004486763871146402,0.28643011822101794,0.0034281967729993404,0.26359304230471364,0.3969542035984011,0.399151217580018,0.38719360266414093,0.3894029892536432,0.3422331948266466,0.3444295016126897,0.2918682090381447,0.2963211966309021,0.2808633284383415,0.28643011822101794,0.3384422292797582,0.3422836328791421,0.48404347067152764,0.4901755279148715,0.5588907612540629,0.5582274828587815,0.8073319822592702,0.7891901256604428,1.0040774585744205,0.98688274594676,3.8365071243822233,0.13181671940928272,0.4705516107728963,20.0,2.646420483060923e+18,8.388454442519172e+17,1.1454389260385829,0.36307390716116766,0.036681796737004134,0.0233052544135208,0.24974178527067062,0.10838694319226244,0.5241089349801265,0.0,0.0,0.21150661162913145,0.08267965218697904,0.0018462245559198055,114.56169345757455,63.94001153740146,20.26729604266349,13,0.001,40,5,0.28297609070591256,0.0020434659620032275,0.2821211739405565,0.2808633284383415,0.28599854528027774,0.2873212706294972,0.28643011822101794,5 5 5 5 5,1e-02 1e-02 1e-02 1e-02 1e-02,0.9356372833251954
hyb,50000,S3,SINE,4,1004,100,100,3.300323009490967,55,sample,10,4.275946742495068e-18,2.2907889707241527,2.0,7.07e-06,20000.0,3.16e-11,5,0.01,0.3404287142222565,0.005719791728172557,0.3464492135890308,0.0050694149856713765,0.3233131996554336,0.39476096082413525,0.4013612191213274,0.3929313849285875,0.39951827395127537,0.3798943927917702,0.3864333221562819,0.3516632297234784,0.35780229499409705,0.3404287142222565,0.3464492135890308,0.34888310976914527,0.35542880945975674,0.3728251970554032,0.3786451455664827,0.3978140917191889,0.4108489308915056,0.4342160766114015,0.45851232312884316,0.5806451186148082,0.6196516648820516,0.8896145835340249,0.13181671940928272,0.4705516107728963,4.581577941448305,5.617716205807263e+18,1.5420448623924582e+18,10.485931099489232,2.8783540476205105,0.05627784621381784,0.019002848856061055,0.6083385148860044,0.26041006999470967,0.910907668746411,0.2705,0.02255,0.1744973982052596,0.25377444987606457,0.0018140744269431585,96.19087045910231,135.72931486598327,37.257256329320285,13,0.001,20,5,0.34163501198195306,0.0011132580838988913,0.3417159908953392,0.3404287142222565,0.34288835315964517,0.3536205972835545,0.35458999783426426,5 5 5 5 5,1e-02 1e-02 1e-02 1e-02 1e-02,3.325349235534668
hyb,50000,S3,MGCUBED,5,1005,100,100,0.7375049591064453,52,sample,10,6.394341149506733e-18,4.524127148131515,1.673032551234801,7.07e-06,14041.099344207656,3.16e-11,5,0.01,0.5150531396813607,0.007682163504607085,0.5520067184379983,0.008806889858689647,0.4909513652513586,0.6857305486966259,0.7315355219726802,0.6726008137119375,0.7183612412950819,0.6062549375140021,0.6512924508232557,0.5269568469303751,0.5677847211491869,0.5150531396813607,0.5520067184379983,0.5758581848089837,0.616508953335335,0.6955922746331795,0.7289549680649969,0.8323427391529421,0.8611996351504603,0.9101735688265477,0.9133761208103932,1.0003520668563646,0.9896126436887895,1.1748653533935554,0.1575781885558579,0.5082681768511894,7.569011984749093,4.192477174657299e+18,1.4796715558708884e+18,5.925591487266393,2.0913481004545873,0.04273787216231432,0.019076730149238073,0.630606115260901,0.14072619777258139,0.8528005776029678,0.07284,0.0,0.2035464224256791,0.12449326680457108,0.0020586458903662608,98.87393620156085,101.29419743903517,35.75025849426641,16,0.0009841367948440006,34,5,0.51653510086343,0.0016592510137048721,0.5156681881375194,0.5150531396813607,0.5189024414162009,0.5663518735371614,0.5695870219568493,5 5 5 5 5,1e-02 1e-02 1e-02 1e-02 1e-02,0.8306847095489502
hyb,50000,S4,MG,4,1004,100,100,1.0178148746490479,27,sample,10,1.214237135242401e-17,10.0,2.0,7.718982296151386e-06,4495.560178423501,4.7227078337226506e-11,5,0.01,0.2802130780495383,0.003240495436697744,0.28200755435165303,0.0025044053992436376,0.26647075145885135,0.38599531386449804,0.4079115091911584,0.37612732014148864,0.3967000334843147,0.3326643016277428,0.34746292609246304,0.28633660193500143,0.2943767927618961,0.2802130780495383,0.28200755435165303,0.3483506273861417,0.34937269561495665,0.48054279082138357,0.48506669617658965,0.5577138384351705,0.55410676099965,0.8189276312698706,0.7996967674852595,1.0047559910367112,0.9877762255172431,1.367557472076778,0.10513510784153386,0.4256179500695761,20.0,8.947452633752762e+17,2.461917245938512e+17,1.086432925372503,0.29893513439122404,0.03849306918888883,0.023964345746256478,0.21474016096592288,0.10492635329945717,0.505056370233945,0.0,0.0,0.2310351329021514,0.07244546130207655,0.0017412262121817832,132.68530607097904,21.617888324790993,5.948223954470211,11,0.001,40,5,0.283190151120414,0.002586885794329977,0.2834965118134317,0.2802130780495383,0.287029616350184,0.2861014249019636,0.2866286431492365,5 5 5 5 5,1e-02 1e-02 1e-02 1e-02 1e-02,1.0744014263153077
hyb,50000,S4,SINE,5,1005,100,100,3.426306962966919,82,sample,10,1.6189963433155076e-17,1.9017803618316491,2.0,6.000000000000003e-06,20000.0,1.622005256616938e-10,5,0.01,0.29808989399131025,0.0053243882991639456,0.30914091824011325,0.003069255080614725,0.2893963326051648,0.33437933426709426,0.3482996588321265,0.33201842386991814,0.3457091165001117,0.3186221603271254,0.33079007884185685,0.2998360890209296,0.3091430368806134,0.29808989399131025,0.30914091824011325,0.32442745835123626,0.3367285565699025,0.35226994541956225,0.35913767731710744,0.3782436283622629,0.38151248635609025,0.3961187524002539,0.40769019720744276,0.456798732436326,0.4812694774198162,0.19505791974417355,0.018495624399252484,0.1862231824307318,3.8035607236632982,6.888996844397524e+18,3.565357737227714e+17,58.6464185036052,3.0352091414088864,0.06515437709827165,0.004407834446151305,0.5283553965644877,0.2652462091115426,0.978062145833838,0.17975,0.07915,0.4805630561160922,0.21478640903377458,0.0018359390274179544,261.75327662811935,166.44465251509303,8.61424011461808,2,0.001,20,5,0.3011902191389878,0.0031958801140334146,0.29949678616397657,0.29808989399131025,0.3050039178306249,0.3137279700869911,0.3147632143668109,5 4 5 5 5,1e-02 1e-03 1e-02 1e-02 1e-02,3.270352029800415
hyb,50000,S4,MGCUBED,1,1001,100,100,0.8204469680786133,97,sample,10,2e-17,10.0,1.6399095381741136,1.234136081581862e-05,14627.551809714418,1.0523055614656694e-10,5,0.01,0.5184367495840236,0.007273109448293973,0.5621865745404304,0.007621471905909194,0.49240536929309275,0.7569210366374955,0.7631778532879113,0.7405227749376133,0.7477655650523818,0.658052569554403,0.6724842970442694,0.552425046047778,0.58222568819801,0.5184367495840236,0.5621865745404304,0.5457134801476811,0.5903759048358893,0.6881182395919438,0.7309539322405392,0.7739648030070199,0.804289958153525,0.9028413646208809,0.8982715924978688,1.0326947155262816,1.0188693996713964,0.8302695335869232,0.14710014181882722,0.49350453767862923,16.399095381741134,7.984540959541062e+17,2.705654124358611e+17,1.5969081919082126,0.5411308248717223,0.03956768130959648,0.0234813743223292,0.3278089765522892,0.12324478420278995,0.6071301298721222,0.0,0.0,0.21894571208587046,0.09978458499113109,0.002007851063393646,109.04479723501554,19.291403023128623,6.537115210339189,15,0.0009938845685903718,33,5,0.5205282748214242,0.002251416266691726,0.5201809514276942,0.5184367495840236,0.5242926763457919,0.5658844949473033,0.5675966593265045,5 5 5 5 5,1e-02 1e-02 1e-02 1e-02 1e-02,0.6395081520080567
hyb,500000,S0,MG,1,1001,5,5,0.5878357887268066,5,sample,10,1e-18,1.0,1.25,7.07e-06,10100.0,3.16e-11,5,0.0001,0.2983998285967351,0.007764477185827234,0.2957897929115915,0.0031818902899218987,0.2688912877472401,0.3780079828558312,0.37117563262850617,0.3219800365016875,0.31499444759308576,0.2983998285967351,0.2957897929115915,0.2986402932776763,0.3023392792685869,0.3319000517640467,0.3431997257946335,0.43899233161547135,0.4491393566207675,0.6026179352370613,0.6128713473377527,0.6767335292557688,0.6840155184284159,0.8059867708861213,0.7953176221278737,0.9741186682573397,0.9608479371153944,1.6605390671738465,0.21090675105485235,0.5736407405901451,1.25,3.449056891438664e+18,1.425334035277529e+18,3.449056891438665,1.4253340352775292,0.32985147132875514,0.1798133895611546,0.5604867988607956,0.12032677901780252,0.7363110043444855,0.0,0.0,0.07317917588821195,0.11779385570260076,0.0006804253498589448,107.54916156986555,83.33246316801024,34.43741281615457,21,0.001,25,3,0.30065960156052585,0.0034742017468715864,0.2989189223504268,0.2983998285967351,0.30466005373441574,0.2990766311710369,0.2992980986457151,5 5 5,1e-04 1e-04 1e-03,0.5865771770477295
hyb,500000,S0,SINE,2,1002,5,5,2.0610787868499756,5,sample,10,1e-18,1.0,1.25,7.07e-06,10100.0,3.16e-11,5,0.001,0.3750322824311982,0.0056355436506279,0.3822259355866474,0.0009792497330123905,0.3698069953324369,0.43365140929089696,0.44282822770579183,0.40182922796877846,0.4114497779677184,0.37958565286685153,0.3888926884555941,0.3750322824311982,0.3822259355866474,0.378338449349619,0.3817791881478026,0.39041921473429575,0.3915757423925341,0.43091008964972455,0.44388027791600076,0.5082349386764908,0.5459907028155784,0.5492631493293176,0.5934345700054797,0.5989637037949447,0.6452282938861506,1.6605390671738465,0.21090675105485235,0.5736407405901451,1.25,3.5317197925357875e+18,1.252999095510113e+18,3.531719792535788,1.2529990955101131,0.3550822552899729,0.17653342144359474,0.47100356127649845,0.22957647014122082,0.7442540892975769,0.0,0.0,0.05972988582883573,0.22857643537257644,0.0006151194139333269,97.10291120044195,85.32967671880311,30.273638348885868,21,0.0009615384615384616,13,3,0.3774808748126512,0.0031072920603576536,0.3764339245481291,0.3750322824311982,0.3809764174586263,0.38121204235755485,0.3811386224775995,5 5 5,1e-03 1e-03 1e-03,2.044684886932373
hyb,500000,S0,MGCUBED,2,1002,5,5,0.5769391059875488,5,sample,10,1e-18,1.0,1.25,7.07e-06,10100.0,3.16e-11,5,0.001,0.4911172512961485,0.008659064557699853,0.5396992390165157,0.005609535894306401,0.48301907665370525,0.6189595230832363,0.6532825271124165,0.5311413363110098,0.5730215150519442,0.4959110266536609,0.541175594413793,0.4911172512961485,0.5396992390165157,0.512012016095964,0.5640277633624307,0.614051275151804,0.654854333322082,0.790601895104654,0.8245836936006719,0.8521400784238692,0.8754712279423339,0.9295613685130866,0.9254271286581728,1.01992598554153,1.0074248410324815,1.6605390671738465,0.21090675105485235,0.5736407405901451,1.25,3.449056891438664e+18,1.425334035277529e+18,3.449056891438665,1.4253340352775292,0.32985147132875514,0.1798133895611546,0.5604867988607956,0.12032677901780252,0.7363110043444855,0.0,0.0,0.07317917588821195,0.11779385570260076,0.0006804253498589448,107.54916156986555,83.33246316801024,34.43741281615457,21,0.001,25,3,0.49273910927439796,0.0023182580961166165,0.4917057218253804,0.4911172512961485,0.49539435470166493,0.5425412442390963,0.5396992390165157,5 5 5,1e-03 1e-03 1e-03,0.5751323699951172
hyb,500000,S1,MG,2,1002,100,100,0.5494451522827148,13,sample,10,2.3389958664089973e-18,10.0,1.25,7.07e-06,10100.0,3.16e-11,5,0.001,0.2570290273582204,0.00309820941191842,0.2649837824941817,0.0018778201330125902,0.24525790504709963,0.35125079765145956,0.35672125374136987,0.30386699150547086,0.31400604097269597,0.2639777502414051,0.2742727358795681,0.2570290273582204,0.2649837824941817,0.27230524720994687,0.2783983015627561,0.38261604161171403,0.3889101898604032,0.500676175482323,0.5088675682834823,0.5675012638073923,0.5655061660986691,0.8555691131787994,0.8365997930365303,1.0438968408100313,1.026715251509526,7.099367258494695,0.21090675105485235,0.5736407405901451,12.5,3.449056891438664e+18,1.425334035277529e+18,0.8067329812084502,0.33338504167661964,0.05999767321478777,0.0442788175297997,0.24030161648610995,0.08601268644408754,0.43586021428369137,0.0,0.0,0.12236734942601082,0.07515615197837036,0.0005854459516098959,209.0156214925006,83.33246316801024,34.43741281615457,21,0.001,25,3,0.2589051140038541,0.001976728358977066,0.25871724472849095,0.2570290273582204,0.2609690699248509,0.2653519612713142,0.2649837824941817,5 5 5,1e-03 1e-03 1e-03,0.5505437056223551
hyb,500000,S1,SINE,2,1002,100,100,1.6178221702575684,16,sample,10,5.962641390738765e-18,1.31317080422235,1.25,7.07e-06,10100.0,3.16e-11,5,0.001,0.33252269204390317,0.005106269528344217,0.3377163742356148,0.004049222480602104,0.32455443770554726,0.38054263236491076,0.38147028530224597,0.3623649216013716,0.3631224872991396,0.33987464423973524,0.3424935326603819,0.33252269204390317,0.3377163742356148,0.3407828464380783,0.3472055374395568,0.3610579251903036,0.36994310399000546,0.401325147062422,0.418249665351354,0.44149604101559803,0.46650280745859424,0.5733522156344966,0.6094028768090749,0.7406309984597481,0.7829144460152009,0.3657056125612714,0.21090675105485235,0.5736407405901451,1.6414635052779376,3.5317197925357875e+18,1.252999095510113e+18,16.036282978386673,5.689423070802442,0.091070999895937,0.035759704658452435,0.7304527055118439,0.23510843917384788,0.9397663993055405,0.58815,0.23225,0.07152072873604717,0.2338668732676408,0.0005205222741644549,137.4018601813969,85.32967671880311,30.273638348885868,21,0.0009615384615384616,13,3,0.33340752874836466,0.0009073991563014812,0.3333639725810114,0.33252269204390317,0.33433592162017944,0.34170951272154837,0.3415995833360963,5 5 5,1e-03 1e-03 1e-03,1.6208233833312988
hyb,500000,S1,MGCUBED,3,1003,100,100,0.6633081436157227,83,sample,10,1.441480545092917e-17,6.799220771253877,1.25,7.07e-06,10100.0,3.16e-11,5,0.001,0.4637663099394859,0.006681196733549968,0.509791778679529,0.0009270497585410623,0.4401308698232043,0.614076611437689,0.6622634782931542,0.5542629591155347,0.6066847707968005,0.4756128740120424,0.529713768394189,0.4637663099394859,0.509791778679529,0.5036956415009266,0.5440237434216959,0.6019701731133718,0.6426621269935282,0.7432759357481105,0.7757231870585297,0.8583310266088097,0.8845161823945411,0.9298608563326196,0.9303306637069471,1.0019967033778925,0.9924127556637927,0.7832482897838337,0.21090675105485235,0.5736407405901451,8.499025964067346,3.449056891438664e+18,1.425334035277529e+18,7.312232644286712,3.0218040437778617,0.029255662522098647,0.014155106921321431,0.7144825744623546,0.11656192234002226,0.8784619996910655,0.23984,0.0,0.14019088773009764,0.10738140109386701,0.0006140451849245617,228.30712001645406,83.33246316801024,34.43741281615457,21,0.001,25,3,0.467039434922697,0.002881765422804765,0.46815680420818107,0.4637663099394859,0.46919519062042403,0.5090906307687137,0.5094405673129996,5 5 5,1e-03 1e-03 1e-03,0.6130916277567545
hyb,500000,S2,MG,3,1003,100,100,1.0217130184173584,49,sample,10,1e-18,1.0,1.9963939709533673,7.07e-06,5154.130638336015,3.16e-11,5,0.0001,0.2668228527292418,0.004525076699272725,0.2745140156299221,0.0026450081238516424,0.24446234229906777,0.33460983292129215,0.33648428833589794,0.2836398547270888,0.2910715792785072,0.2668228527292418,0.2745140156299221,0.2682337186819954,0.2759981668333328,0.2945875482856479,0.3028573348982565,0.41388619156868367,0.41910563377670335,0.5151423391522766,0.5223337092793374,0.5720020594175079,0.5722444380670498,0.8053421087697007,0.7874335449946526,1.0047832659868867,0.9872208773455139,1.6605390671738465,0.1320548161606943,0.47092322684022997,1.9963939709533673,1.4347204044007273e+18,4.582418459453084e+17,1.4347204044007276,0.4582418459453085,0.34349798493376865,0.2057333296763506,0.30075745146684135,0.0997040012786358,0.48927239853107324,0.0,0.0,0.0962926463883228,0.09424307148669231,0.0006274556878773686,153.46525379995035,34.66419633520345,11.07155461658685,13,0.0009981969854766836,40,3,0.26966918289280034,0.0029707068883839567,0.2694343664105372,0.2668228527292418,0.272750329538622,0.27667983049682554,0.2758977975969244,5 5 5,1e-04 1e-03 1e-04,1.0337777137756348
hyb,500000,S2,SINE,3,1003,100,100,2.9889590740203857,61,sample,10,1e-18,1.0,1.995882601219416,7.07e-06,19941.037383186627,3.16e-11,5,0.001,0.3497395027514151,0.0060904752622578905,0.36347888532961314,0.004204940449591576,0.34131365758652604,0.40511247517489435,0.41559131806402505,0.38123517606798146,0.3925535265813021,0.3560607518117375,0.3687191454990587,0.3497395027514151,0.36347888532961314,0.35544946925917464,0.36885958908022703,0.36348564569249797,0.37537630544318856,0.37751365237200984,0.3847857896033849,0.418368917424809,0.42959042642626877,0.5104258071975677,0.5463290328133197,0.6054155757265276,0.6512199087430472,1.6605390671738465,0.13208865023298186,0.47097599634169013,1.995882601219416,5.605025167628893e+18,1.5404404740578875e+18,5.605025167628894,1.5404404740578876,0.19722228420808624,0.07585610356852478,0.5023691372780782,0.24502336591652088,0.8185937831287532,0.0342,0.0,0.13159695050029285,0.2406390813624807,0.0006031287131839862,218.1904917203781,135.42268742988966,37.218492795981746,13,0.000997941300609708,20,3,0.35188444662170015,0.0019132787872896632,0.35249860909492053,0.3497395027514151,0.3534152280187649,0.36156126750928996,0.36347888532961314,5 5 5,1e-03 1e-03 1e-03,3.0962870121002197
hyb,500000,S2,MGCUBED,2,1002,100,100,0.7740437984466553,37,sample,10,1e-18,1.0,1.5549112755383323,7.07e-06,10886.117681413623,3.16e-11,5,0.001,0.4784970694995555,0.006262026212120495,0.5248828942186294,0.002993731524758239,0.47191955893585125,0.6362738072917433,0.6464353215283458,0.5330515646339145,0.5623382786720046,0.48481050977269396,0.5282721537583288,0.4784970694995555,0.5248828942186294,0.49672265402865684,0.5453646512283524,0.5807537583369229,0.623348603722805,0.7649964949132354,0.7991653173409735,0.8428541169038638,0.8675683074970634,0.9203890544805533,0.9170864218868724,1.0182624777840998,1.0051885224801513,1.6605390671738465,0.169548862990457,0.5242746750047718,1.5549112755383323,3.3533620071909955e+18,1.2350366823051866e+18,3.353362007190996,1.2350366823051868,0.28774628929000645,0.14773030836811563,0.5235831387415333,0.12765933911668353,0.7218764984524169,0.0,0.0,0.10137966580075783,0.12309836273952908,0.0006818822399283929,148.67620809628963,81.02038462945949,29.83964952703615,17,0.0009718195472114576,32,3,0.47941270123603424,0.0011360987865528796,0.47905692362767016,0.4784970694995555,0.480684110580877,0.5275301683800381,0.526928608567413,5 5 5,1e-03 1e-03 1e-03,0.78788161277771
hyb,500000,S3,MG,1,1001,100,100,0.8944730758666992,99,sample,10,4.7537683886853215e-18,9.618785902916915,1.9666481212540157,7.07e-06,19725.833658560856,3.16e-11,5,0.001,0.22249948224068042,0.003961512339185838,0.22559681933325532,0.0006800972915886382,0.20717529225995918,0.30335449635836176,0.29453181322383193,0.2776111998300045,0.2723810340646772,0.23209331253608467,0.23436660764133416,0.22249948224068042,0.22559681933325532,0.27130437751927505,0.2718206047278542,0.3247889666660141,0.3248333488752476,0.4655044206361458,0.4669483648892375,0.6028544284142622,0.607621200051657,0.7522120558586557,0.7412247770019974,0.952689378781649,0.9378194985168682,3.3599385718057335,0.1340521651887893,0.4740223508802825,18.916767224716164,5.517145960369971e+18,1.7592338250809664e+18,2.7266678276118226,0.8694434235655216,0.028277483257683582,0.014185099814741805,0.42680020809064606,0.14654846822990822,0.7275957570572219,0.0,0.0,0.26706790054624446,0.11863219782785715,0.0006647680666303439,401.74598322688735,133.29944300898265,42.50474623842094,13,0.0009833240606270078,40,3,0.22311978339270594,0.0010662703988852291,0.2225088734798605,0.22249948224068042,0.22435099445757692,0.2249391455682085,0.2249819687993683,5 5 5,1e-03 1e-03 1e-03,0.899739662806193
hyb,500000,S3,SINE,2,1002,100,100,2.278033971786499,78,sample,10,5.38173880979551e-18,2.21437630580172,1.960019459838725,7.07e-06,19891.4467105817,3.16e-11,5,0.001,0.3074719729282861,0.004300628793702729,0.3222498210341284,0.0032078484266829504,0.2963076677144323,0.35253982473323836,0.36288138092729233,0.34165790466559454,0.3531165145326169,0.31642799684596545,0.33092870585603207,0.3074719729282861,0.3222498210341284,0.31974473008318544,0.33098673784138405,0.34880484465318073,0.35744503759218615,0.37224288868596156,0.37887715813498735,0.4014405248116589,0.41760873649118063,0.44657118817704183,0.4746788419196502,0.5985040239017916,0.6372870014866244,0.6832472728916353,0.13450552110347813,0.47472127744512593,4.340220650777159,5.62553759804683e+18,1.562475593808446e+18,13.672099876633768,3.797383272448248,0.04802681368027838,0.01570348038222445,0.6539026475465676,0.26008547846323865,0.9308298722685908,0.42205,0.08405,0.1602257345242403,0.25450249784467294,0.0005528769012172256,289.80363290903256,135.91828706946998,37.75088204406115,13,0.0009800097299193626,20,3,0.30929684194696305,0.0016221385710445632,0.3098435944329873,0.3074719729282861,0.3105749584796158,0.32280581278108494,0.3222498210341284,5 5 5,1e-03 1e-03 1e-03,2.238179604212443
hyb,500000,S3,MGCUBED,1,1001,100,100,0.8401298522949219,41,sample,10,3.613691526750756e-18,2.3126501977940594,1.759102121693171,7.07e-06,16801.144416249404,3.16e-11,5,0.001,0.4522087877101567,0.006798180410982099,0.49393769924750225,0.0035763161574361812,0.44151650365174877,0.6181252705811966,0.6483016143346167,0.5363047012015448,0.5708100719590855,0.46407356090487983,0.5050044232902968,0.4522087877101567,0.49393769924750225,0.48587902845968467,0.5261396664698766,0.580487391657937,0.6227523547114473,0.705550060334595,0.7369924813497233,0.8474863385789575,0.8730614774036581,0.9222769031388655,0.9246663714430765,0.9986872793838989,0.988535348712014,1.0626933632039448,0.14986818307331298,0.4974771925378212,4.068187869673662,4.911523779262688e+18,1.6805217183435238e+18,7.674628822588995,2.6259427819612697,0.06779193853873662,0.0283366234160473,0.6775261473471136,0.13664161983212086,0.879488902302087,0.17184,0.0,0.18274240392414723,0.12319964878162688,0.0006293198824421012,290.3807888843555,118.66704067716678,40.60298760061592,15,0.000977278956496206,36,3,0.4531796818439736,0.0013728533820684344,0.4525798870740794,0.4522087877101567,0.45475037074768465,0.4959484985753046,0.49393769924750225,5 5 5,1e-03 1e-03 1e-03,0.8237825234731039
hyb,500000,S4,MG,3,1003,100,100,0.9680147171020508,24,sample,10,2e-17,8.691696530479627,2.0,9.588328229058493e-06,20000.0,8.032961365887902e-11,5,0.001,0.2244270275830486,0.0036546959309719045,0.22468525396987554,0.001275135012021182,0.20767099815202225,0.2996278128572972,0.29226543097245583,0.2715018993380625,0.2683467812415396,0.22886228655769325,0.23123560893966544,0.2244270275830486,0.22468525396987554,0.2661683399169382,0.2626834434017562,0.33512357604767795,0.3319590134240445,0.4412842967873559,0.4368424673781077,0.6075210439545302,0.6102468143794451,0.7454909165772706,0.7374302724803722,0.9282395004606331,0.9152336204616265,0.7216450824440399,0.09537375035248292,0.40728308671911495,17.383393060959254,2.0215743804747937e+18,5.118353269874114e+17,4.651737145643852,1.1777570125522254,0.026415329288208205,0.010178493286902174,0.4820001044811385,0.1676692845938493,0.8189383525326224,0.00476,0.0,0.34729460211080215,0.12707044589767902,0.0006625717561022181,524.1614948301892,48.84314115562181,12.366423598328586,10,0.001,40,3,0.2254061841323173,0.000848705301645303,0.2258605483748192,0.2244270275830486,0.22593097643908408,0.22534332868499304,0.22468525396987554,5 5 5,1e-03 1e-03 1e-03,0.8956766128540039
hyb,500000,S4,SINE,2,1002,100,100,2.059190034866333,63,sample,10,2e-17,1.9904396650464007,2.0,6.000000000000003e-06,20000.0,1.6181788922472634e-10,5,0.001,0.280607799703092,0.001811512683750356,0.28918973239447665,0.003120426699233589,0.2702012324535049,0.316152030155076,0.32259433778748964,0.30398214714170485,0.3111408318039133,0.2852607692969058,0.2928602766056017,0.280607799703092,0.28918973239447665,0.29088699664451545,0.3017944839440618,0.3246271483181974,0.33487077244714314,0.358670633594574,0.3660729160548857,0.37809201661701886,0.3826883543106551,0.3992716105541758,0.41390174741829844,0.4554931530481127,0.48109794929975436,0.1652601412330987,0.018539359364858107,0.1864391782836268,3.9808793300928014,6.889227442084216e+18,3.5731506238163616e+17,69.22317278000602,3.5903129208722486,0.05472410838597231,0.003577177901008541,0.5526415168775569,0.2662579355865294,0.98311339713435,0.2045,0.0935,0.47548862406689807,0.21786153052120039,0.0005761514913380591,825.2840289671371,166.45022397240373,8.633068462629181,2,0.001,20,3,0.28254566535400744,0.002169648198023568,0.2821395051489983,0.280607799703092,0.284889691209932,0.2911358537505998,0.28948279151917655,5 5 5,1e-03 1e-03 1e-03,2.0008052984873452
hyb,500000,S4,MGCUBED,1,1001,100,100,0.6833040714263916,87,sample,10,7.556666633622845e-18,5.396873137598143,1.5978091534145626,6.000000000000003e-06,10857.297370789604,2.389101584479879e-11,5,0.001,0.4542767652332869,0.005602311863878799,0.5018313513853736,0.0021562615471017186,0.43368431219356357,0.6296190033032536,0.6598015784428396,0.5688777472746666,0.606445612483359,0.47752080538192637,0.5262288465464363,0.4542767652332869,0.5018313513853736,0.4884565810061766,0.529362865459394,0.5857890076372023,0.6255615336293107,0.7157003016930898,0.7474486329782947,0.8470680012519104,0.874474077201682,0.9175784611933142,0.9210421727104032,0.9980409134784445,0.988069413802115,1.185935428948035,0.15717798948731446,0.5077176834703633,8.623173299071484,5.298869723540901e+18,1.870475259313885e+18,7.419442891262083,2.619027281298074,0.0320435798626234,0.013773665456373702,0.6767253688854669,0.13597039364496102,0.879531042704258,0.17236,0.0,0.19612603258568412,0.12053360636690964,0.0006300256101365389,311.2985082355299,128.0256835325412,45.19244406792952,16,0.0009986307208841017,32,3,0.45772043213340163,0.005301514052214746,0.455059125161727,0.4542767652332869,0.463825406005191,0.5039569080665743,0.503896756998992,5 5 5,1e-03 1e-03 1e-03,0.5912456512451172
