mode,N_R,set,source_task,target_task,search_seed,L,lam,objective,opt_sd,held,R,chain_seed
det,0,S1,MGCUBED,MG,1,5,1e-06,0.09474913356291562,0.0,0.10373598108748837,1,0
det,0,S1,MGCUBED,SINE,1,5,1e-06,0.264666001856761,0.0,0.2684709678960672,1,0
det,0,S1,MGCUBED,MGCUBED,1,5,1e-06,0.30016114308398356,0.0,0.35081998830242145,1,0
det,0,S1,MGCUBED,MG,10,5,1e-06,0.09965670243607275,0.0,0.1097636299832442,1,0
det,0,S1,MGCUBED,SINE,10,5,1e-06,0.2608081601222633,0.0,0.26451825021506775,1,0
det,0,S1,MGCUBED,MGCUBED,10,5,1e-06,0.2991268497396241,0.0,0.3487875332207774,1,0
det,0,S1,MGCUBED,MG,2,5,1e-06,0.09709574867851467,0.0,0.1067786983791824,1,0
det,0,S1,MGCUBED,SINE,2,5,1e-06,0.26305617412474636,0.0,0.26683736994030316,1,0
det,0,S1,MGCUBED,MGCUBED,2,5,1e-06,0.29860077464888274,0.0,0.34847179058171085,1,0
det,0,S1,MGCUBED,MG,3,5,1e-06,0.09950769625781421,0.0,0.10967363482960789,1,0
det,0,S1,MGCUBED,SINE,3,5,1e-06,0.2610191207309263,0.0,0.26467791926370865,1,0
det,0,S1,MGCUBED,MGCUBED,3,5,1e-06,0.29877258878367174,0.0,0.34815360935325335,1,0
det,0,S1,MGCUBED,MG,4,5,1e-06,0.09326171583875213,0.0,0.10190539594061038,1,0
det,0,S1,MGCUBED,SINE,4,5,1e-06,0.26692309784237156,0.0,0.27083235061928823,1,0
det,0,S1,MGCUBED,MGCUBED,4,5,1e-06,0.2995635013982041,0.0,0.3494219639757913,1,0
det,0,S1,MGCUBED,MG,5,5,1e-06,0.09603593949586398,0.0,0.10518825879925608,1,0
det,0,S1,MGCUBED,SINE,5,5,1e-06,0.266405461872967,0.0,0.2698794316742912,1,0
det,0,S1,MGCUBED,MGCUBED,5,5,1e-06,0.2997635252094985,0.0,0.3486156565862872,1,0
det,0,S1,MGCUBED,MG,6,5,1e-06,0.09591699358872141,0.0,0.10519064061698921,1,0
det,0,S1,MGCUBED,SINE,6,5,1e-06,0.2656580096482775,0.0,0.26927623966210174,1,0
det,0,S1,MGCUBED,MGCUBED,6,5,1e-06,0.29906907056474336,0.0,0.3482564945671544,1,0
det,0,S1,MGCUBED,MG,7,5,1e-06,0.09736068017693963,0.0,0.1069615994556046,1,0
det,0,S1,MGCUBED,SINE,7,5,1e-06,0.26232164515767314,0.0,0.2660707768537827,1,0
det,0,S1,MGCUBED,MGCUBED,7,5,1e-06,0.29935451041619077,0.0,0.3496269652069206,1,0
det,0,S1,MGCUBED,MG,8,5,1e-06,0.0991025387560319,0.0,0.10846484401282565,1,0
det,0,S1,MGCUBED,SINE,8,5,1e-06,0.2604514772725613,0.0,0.2639965303180201,1,0
det,0,S1,MGCUBED,MGCUBED,8,5,1e-06,0.3016261813124069,0.0,0.35190976718060324,1,0
det,0,S1,MGCUBED,MG,9,5,1e-06,0.09541028054033461,0.0,0.10459308496986884,1,0
det,0,S1,MGCUBED,SINE,9,5,1e-06,0.26574968981283936,0.0,0.26945541692769553,1,0
det,0,S1,MGCUBED,MGCUBED,9,5,1e-06,0.2990187296644061,0.0,0.3484670004549283,1,0
det,0,S1,MG,MG,1,5,1e-06,0.09938097458597567,0.0,0.10616406687441791,1,0
det,0,S1,MG,SINE,1,5,1e-06,0.26317777855540925,0.0,0.2672765639001419,1,0
det,0,S1,MG,MGCUBED,1,5,1e-06,0.31829665408939234,0.0,0.369529035644252,1,0
det,0,S1,MG,MG,10,5,1e-06,0.09156115056594744,0.0,0.09954288110956676,1,0
det,0,S1,MG,SINE,10,5,1e-06,0.2665736352441467,0.0,0.26990920630254944,1,0
det,0,S1,MG,MGCUBED,10,5,1e-06,0.30756641316190897,0.0,0.3587518506501925,1,0
det,0,S1,MG,MG,2,5,1e-06,0.08834456767689301,0.0,0.09575238389875625,1,0
det,0,S1,MG,SINE,2,4,1e-06,0.2696117866974376,0.0,0.27315976062388314,1,0
det,0,S1,MG,MGCUBED,2,5,1e-06,0.30465959515112545,0.0,0.3535032400729118,1,0
det,0,S1,MG,MG,3,5,1e-06,0.09938097458597567,0.0,0.10616406687441791,1,0
det,0,S1,MG,SINE,3,5,1e-06,0.26317777855540925,0.0,0.2672765639001419,1,0
det,0,S1,MG,MGCUBED,3,5,1e-06,0.31829665408939234,0.0,0.369529035644252,1,0
det,0,S1,MG,MG,4,5,1e-06,0.08896218728319925,0.0,0.09675754913958265,1,0
det,0,S1,MG,SINE,4,4,1e-06,0.26980652189003873,0.0,0.27409072347046187,1,0
det,0,S1,MG,MGCUBED,4,5,1e-06,0.3072554743841653,0.0,0.3573448457876513,1,0
det,0,S1,MG,MG,5,5,1e-06,0.08983228555565877,0.0,0.09755080105405589,1,0
det,0,S1,MG,SINE,5,4,1e-06,0.2687335863893079,0.0,0.2724608782612494,1,0
det,0,S1,MG,MGCUBED,5,5,1e-06,0.3018169403170886,0.0,0.35101025464372076,1,0
det,0,S1,MG,MG,6,5,1e-06,0.08847132163412362,0.0,0.09608180518644865,1,0
det,0,S1,MG,SINE,6,4,1e-06,0.26958034220913146,0.0,0.2735953564548052,1,0
det,0,S1,MG,MGCUBED,6,5,1e-06,0.3051142385669762,0.0,0.35447701146666694,1,0
det,0,S1,MG,MG,7,5,1e-06,0.09034199334253627,0.0,0.0982627478129881,1,0
det,0,S1,MG,SINE,7,5,1e-06,0.26845901645939185,0.0,0.2721647704743592,1,0
det,0,S1,MG,MGCUBED,7,5,1e-06,0.3078789468001528,0.0,0.35869599116508494,1,0
det,0,S1,MG,MG,8,5,1e-06,0.09297971367749155,0.0,0.10124106174427974,1,0
det,0,S1,MG,SINE,8,4,1e-06,0.2680101217236476,0.0,0.27129746083873696,1,0
det,0,S1,MG,MGCUBED,8,5,1e-06,0.30036656461243366,0.0,0.3494554409636842,1,0
det,0,S1,MG,MG,9,5,1e-06,0.09149980471208337,0.0,0.09964266440743831,1,0
det,0,S1,MG,SINE,9,4,1e-06,0.2679966015048285,0.0,0.2718980503372648,1,0
det,0,S1,MG,MGCUBED,9,5,1e-06,0.30036560666505097,0.0,0.3499380133859082,1,0
det,0,S1,SINE,MG,1,5,1e-06,0.12330845364987018,0.0,0.13323616665961477,1,0
det,0,S1,SINE,SINE,1,5,1e-06,0.2558460469963128,0.0,0.2596084784766951,1,0
det,0,S1,SINE,MGCUBED,1,5,1e-06,0.3163390847278369,0.0,0.36406988322020906,1,0
det,0,S1,SINE,MG,10,5,1e-06,0.14157027584314097,0.0,0.1523082357556076,1,0
det,0,S1,SINE,SINE,10,5,1e-06,0.2565958882784616,0.0,0.2610421792567181,1,0
det,0,S1,SINE,MGCUBED,10,5,1e-06,0.3372179389337035,0.0,0.38782919041022645,1,0
det,0,S1,SINE,MG,2,5,1e-06,0.11623539630465003,0.0,0.12646683404592346,1,0
det,0,S1,SINE,SINE,2,5,1e-06,0.25684351293188395,0.0,0.2602834077995937,1,0
det,0,S1,SINE,MGCUBED,2,5,1e-06,0.31102540563351766,0.0,0.3594086482138881,1,0
det,0,S1,SINE,MG,3,5,1e-06,0.12325847270403445,0.0,0.13308525423714332,1,0
det,0,S1,SINE,SINE,3,5,1e-06,0.25586363935958933,0.0,0.2596733521030466,1,0
det,0,S1,SINE,MGCUBED,3,5,1e-06,0.31628712650304636,0.0,0.3638511558837547,1,0
det,0,S1,SINE,MG,4,5,1e-06,0.12898700149548858,0.0,0.13992653959333215,1,0
det,0,S1,SINE,SINE,4,5,1e-06,0.2562483716630441,0.0,0.2599012604665956,1,0
det,0,S1,SINE,MGCUBED,4,5,1e-06,0.32449156311088007,0.0,0.3743931067883154,1,0
det,0,S1,SINE,MG,5,5,1e-06,0.1362775815404257,0.0,0.14583905823103616,1,0
det,0,S1,SINE,SINE,5,5,1e-06,0.256742683934457,0.0,0.26164294239248753,1,0
det,0,S1,SINE,MGCUBED,5,5,1e-06,0.3261289131930325,0.0,0.37345188458124534,1,0
det,0,S1,SINE,MG,6,5,1e-06,0.12950244214622433,0.0,0.1404403154335528,1,0
det,0,S1,SINE,SINE,6,5,1e-06,0.256236211537446,0.0,0.2599137547787583,1,0
det,0,S1,SINE,MGCUBED,6,5,1e-06,0.3250224892431145,0.0,0.3749591491772776,1,0
det,0,S1,SINE,MG,7,5,1e-06,0.13567745823455651,0.0,0.1458500681618107,1,0
det,0,S1,SINE,SINE,7,5,1e-06,0.2561718620706345,0.0,0.2606856757928896,1,0
det,0,S1,SINE,MGCUBED,7,5,1e-06,0.3267546275623297,0.0,0.3752193669714487,1,0
det,0,S1,SINE,MG,8,5,1e-06,0.11705794170688955,0.0,0.1254473566868506,1,0
det,0,S1,SINE,SINE,8,5,1e-06,0.25706821950873776,0.0,0.2611345947255381,1,0
det,0,S1,SINE,MGCUBED,8,5,1e-06,0.3146961168138009,0.0,0.3610539201159808,1,0
det,0,S1,SINE,MG,9,5,1e-06,0.1412113181050304,0.0,0.15171517939117016,1,0
det,0,S1,SINE,SINE,9,5,1e-06,0.25647577627193213,0.0,0.2611497568913528,1,0
det,0,S1,SINE,MGCUBED,9,5,1e-06,0.3335098337086031,0.0,0.38312059083184796,1,0
det,0,S2,MGCUBED,MG,1,5,1e-06,0.11108296489551275,0.0,0.11805674662061687,1,0
det,0,S2,MGCUBED,SINE,1,5,1e-06,0.294527769368175,0.0,0.2968164812429699,1,0
det,0,S2,MGCUBED,MGCUBED,1,5,1e-06,0.3388436226176536,0.0,0.3861034801477804,1,0
det,0,S2,MGCUBED,MG,10,5,1e-06,0.11098728108284336,0.0,0.11799024786061513,1,0
det,0,S2,MGCUBED,SINE,10,5,1e-06,0.2946325863000334,0.0,0.29682263868904507,1,0
det,0,S2,MGCUBED,MGCUBED,10,5,1e-06,0.33906477218919595,0.0,0.3865562521272396,1,0
det,0,S2,MGCUBED,MG,2,5,1e-06,0.11109811688122746,0.0,0.11804809503426154,1,0
det,0,S2,MGCUBED,SINE,2,5,1e-06,0.2942165698087635,0.0,0.2965263864531804,1,0
det,0,S2,MGCUBED,MGCUBED,2,5,1e-06,0.3388370284958957,0.0,0.3861681178320356,1,0
det,0,S2,MGCUBED,MG,3,5,1e-06,0.11105565170155735,0.0,0.11801831497963111,1,0
det,0,S2,MGCUBED,SINE,3,5,1e-06,0.29425443787538136,0.0,0.2965219391398902,1,0
det,0,S2,MGCUBED,MGCUBED,3,5,1e-06,0.3388925578202624,0.0,0.3863173888541278,1,0
det,0,S2,MGCUBED,MG,4,5,1e-06,0.11118859780019297,0.0,0.11805051065181546,1,0
det,0,S2,MGCUBED,SINE,4,5,1e-06,0.293069633232071,0.0,0.2955179795650648,1,0
det,0,S2,MGCUBED,MGCUBED,4,5,1e-06,0.33905392050762095,0.0,0.3866462946504694,1,0
det,0,S2,MGCUBED,MG,5,5,1e-06,0.11136399203322224,0.0,0.1187016640950186,1,0
det,0,S2,MGCUBED,SINE,5,5,1e-06,0.2941952676081158,0.0,0.2965774430027469,1,0
det,0,S2,MGCUBED,MGCUBED,5,5,1e-06,0.33893125668450164,0.0,0.3871968557938342,1,0
det,0,S2,MGCUBED,MG,6,5,1e-06,0.11246058277679942,0.0,0.12018430185298178,1,0
det,0,S2,MGCUBED,SINE,6,5,1e-06,0.2948954995375991,0.0,0.29733662267835637,1,0
det,0,S2,MGCUBED,MGCUBED,6,5,1e-06,0.34020684142213237,0.0,0.3889928313309999,1,0
det,0,S2,MGCUBED,MG,7,5,1e-06,0.11133531038928975,0.0,0.11871037871082979,1,0
det,0,S2,MGCUBED,SINE,7,5,1e-06,0.2946561925409811,0.0,0.29696501368911643,1,0
det,0,S2,MGCUBED,MGCUBED,7,5,1e-06,0.3390428969939899,0.0,0.38729949436525,1,0
det,0,S2,MGCUBED,MG,8,5,1e-06,0.11107260400088297,0.0,0.11804151488175127,1,0
det,0,S2,MGCUBED,SINE,8,5,1e-06,0.294424441511805,0.0,0.29670544574961955,1,0
det,0,S2,MGCUBED,MGCUBED,8,5,1e-06,0.3388485441192867,0.0,0.3861688986445716,1,0
det,0,S2,MGCUBED,MG,9,5,1e-06,0.11138104555159722,0.0,0.11876143563059396,1,0
det,0,S2,MGCUBED,SINE,9,5,1e-06,0.2948126829375317,0.0,0.2971602291067054,1,0
det,0,S2,MGCUBED,MGCUBED,9,5,1e-06,0.3390236983109076,0.0,0.38719391026453026,1,0
det,0,S2,MG,MG,1,5,1e-06,0.11106613255610671,0.0,0.11798372354397979,1,0
det,0,S2,MG,SINE,1,5,1e-06,0.29820157064137714,0.0,0.30036444083228764,1,0
det,0,S2,MG,MGCUBED,1,5,1e-06,0.34154047058185394,0.0,0.38743888668763243,1,0
det,0,S2,MG,MG,10,5,1e-06,0.11091671964232006,0.0,0.11799817151944529,1,0
det,0,S2,MG,SINE,10,5,1e-06,0.295725750207954,0.0,0.29785459256896624,1,0
det,0,S2,MG,MGCUBED,10,5,1e-06,0.3393313094613779,0.0,0.386730490013619,1,0
det,0,S2,MG,MG,2,5,1e-06,0.11086174132230099,0.0,0.11814341407495826,1,0
det,0,S2,MG,SINE,2,5,1e-06,0.29898078631992364,0.0,0.30124662978554434,1,0
det,0,S2,MG,MGCUBED,2,5,1e-06,0.3413260270366023,0.0,0.3885930722303714,1,0
det,0,S2,MG,MG,3,5,1e-06,0.11090110037360726,0.0,0.11805674781183251,1,0
det,0,S2,MG,SINE,3,5,1e-06,0.2969021911655691,0.0,0.2990703867530103,1,0
det,0,S2,MG,MGCUBED,3,5,1e-06,0.3397221943362152,0.0,0.3869383205360349,1,0
det,0,S2,MG,MG,4,5,1e-06,0.1109182559536585,0.0,0.11803739418643083,1,0
det,0,S2,MG,SINE,4,5,1e-06,0.2963501677828007,0.0,0.29850805878012626,1,0
det,0,S2,MG,MGCUBED,4,5,1e-06,0.3394453021977129,0.0,0.3866951566340814,1,0
det,0,S2,MG,MG,5,5,1e-06,0.11104494981325136,0.0,0.11833670747517896,1,0
det,0,S2,MG,SINE,5,5,1e-06,0.3043927029643414,0.0,0.30748066667934004,1,0
det,0,S2,MG,MGCUBED,5,5,1e-06,0.347929633357735,0.0,0.39360046894516565,1,0
det,0,S2,MG,MG,6,5,1e-06,0.11094330627757977,0.0,0.11801410155386116,1,0
det,0,S2,MG,SINE,6,5,1e-06,0.2956383189956464,0.0,0.29779655581597536,1,0
det,0,S2,MG,MGCUBED,6,5,1e-06,0.3391878265120993,0.0,0.3865132373704552,1,0
det,0,S2,MG,MG,7,5,1e-06,0.11113485425963615,0.0,0.11804540032421453,1,0
det,0,S2,MG,SINE,7,5,1e-06,0.29371951518623846,0.0,0.2960817124154946,1,0
det,0,S2,MG,MGCUBED,7,5,1e-06,0.338880127419136,0.0,0.38631527510838776,1,0
det,0,S2,MG,MG,8,5,1e-06,0.11107260400088297,0.0,0.11804151488175127,1,0
det,0,S2,MG,SINE,8,5,1e-06,0.294424441511805,0.0,0.29670544574961955,1,0
det,0,S2,MG,MGCUBED,8,5,1e-06,0.3388485441192867,0.0,0.3861688986445716,1,0
det,0,S2,MG,MG,9,5,1e-06,0.1111447496224762,0.0,0.11805473384305656,1,0
det,0,S2,MG,SINE,9,5,1e-06,0.29375727947452324,0.0,0.2961274937192412,1,0
det,0,S2,MG,MGCUBED,9,5,1e-06,0.33886505410240175,0.0,0.38626241507307,1,0
det,0,S2,SINE,MG,1,5,1e-06,0.11369333801445251,0.0,0.11888774767142953,1,0
det,0,S2,SINE,SINE,1,5,1e-06,0.2726308519528773,0.0,0.2762773431714229,1,0
det,0,S2,SINE,MGCUBED,1,5,1e-06,0.365746330163334,0.0,0.4104838971983777,1,0
det,0,S2,SINE,MG,10,5,1e-06,0.11387585558794511,0.0,0.11897502059742991,1,0
det,0,S2,SINE,SINE,10,5,1e-06,0.2728146854874618,0.0,0.27592479391669755,1,0
det,0,S2,SINE,MGCUBED,10,5,1e-06,0.36689500318858004,0.0,0.412553138257344,1,0
det,0,S2,SINE,MG,2,5,1e-06,0.11370283154436042,0.0,0.11883264226416775,1,0
det,0,S2,SINE,SINE,2,5,1e-06,0.2728068778340065,0.0,0.27617819259011345,1,0
det,0,S2,SINE,MGCUBED,2,5,1e-06,0.36402838532380344,0.0,0.4095970539651569,1,0
det,0,S2,SINE,MG,3,5,1e-06,0.11369333801445251,0.0,0.11888774767142953,1,0
det,0,S2,SINE,SINE,3,5,1e-06,0.2726308519528773,0.0,0.2762773431714229,1,0
det,0,S2,SINE,MGCUBED,3,5,1e-06,0.365746330163334,0.0,0.4104838971983777,1,0
det,0,S2,SINE,MG,4,5,1e-06,0.11369333801445251,0.0,0.11888774767142953,1,0
det,0,S2,SINE,SINE,4,5,1e-06,0.2726308519528773,0.0,0.2762773431714229,1,0
det,0,S2,SINE,MGCUBED,4,5,1e-06,0.365746330163334,0.0,0.4104838971983777,1,0
det,0,S2,SINE,MG,5,5,1e-06,0.11369333801445251,0.0,0.11888774767142953,1,0
det,0,S2,SINE,SINE,5,5,1e-06,0.2726308519528773,0.0,0.2762773431714229,1,0
det,0,S2,SINE,MGCUBED,5,5,1e-06,0.365746330163334,0.0,0.4104838971983777,1,0
det,0,S2,SINE,MG,6,5,1e-06,0.11369333801445251,0.0,0.11888774767142953,1,0
det,0,S2,SINE,SINE,6,5,1e-06,0.2726308519528773,0.0,0.2762773431714229,1,0
det,0,S2,SINE,MGCUBED,6,5,1e-06,0.365746330163334,0.0,0.4104838971983777,1,0
det,0,S2,SINE,MG,7,5,1e-06,0.11369333801445251,0.0,0.11888774767142953,1,0
det,0,S2,SINE,SINE,7,5,1e-06,0.2726308519528773,0.0,0.2762773431714229,1,0
det,0,S2,SINE,MGCUBED,7,5,1e-06,0.365746330163334,0.0,0.4104838971983777,1,0
det,0,S2,SINE,MG,8,5,1e-06,0.11369333801445251,0.0,0.11888774767142953,1,0
det,0,S2,SINE,SINE,8,5,1e-06,0.2726308519528773,0.0,0.2762773431714229,1,0
det,0,S2,SINE,MGCUBED,8,5,1e-06,0.365746330163334,0.0,0.4104838971983777,1,0
det,0,S2,SINE,MG,9,5,1e-06,0.11369333801445251,0.0,0.11888774767142953,1,0
det,0,S2,SINE,SINE,9,5,1e-06,0.2726308519528773,0.0,0.2762773431714229,1,0
det,0,S2,SINE,MGCUBED,9,5,1e-06,0.365746330163334,0.0,0.4104838971983777,1,0
det,0,S3,MGCUBED,MG,1,5,1e-06,0.09364178671748957,0.0,0.10120529598628127,1,0
det,0,S3,MGCUBED,SINE,1,4,1e-06,0.25207139454805755,0.0,0.2568745100337752,1,0
det,0,S3,MGCUBED,MGCUBED,1,5,1e-06,0.28934751546816473,0.0,0.33916873483967946,1,0
det,0,S3,MGCUBED,MG,10,5,1e-06,0.09259660853749903,0.0,0.10030822778603973,1,0
det,0,S3,MGCUBED,SINE,10,5,1e-06,0.2530439757909802,0.0,0.2580334436255325,1,0
det,0,S3,MGCUBED,MGCUBED,10,5,1e-06,0.28937981819487724,0.0,0.3400126786086567,1,0
det,0,S3,MGCUBED,MG,2,5,1e-06,0.09461364906240377,0.0,0.10280225155850693,1,0
det,0,S3,MGCUBED,SINE,2,5,1e-06,0.2583813820000323,0.0,0.26291184966659753,1,0
det,0,S3,MGCUBED,MGCUBED,2,5,1e-06,0.28956225318550255,0.0,0.3413348288305356,1,0
det,0,S3,MGCUBED,MG,3,5,1e-06,0.09320668109459283,0.0,0.10123707948848895,1,0
det,0,S3,MGCUBED,SINE,3,5,1e-06,0.25500239324661916,0.0,0.2591025195843594,1,0
det,0,S3,MGCUBED,MGCUBED,3,5,1e-06,0.28904930775025756,0.0,0.3409757855680305,1,0
det,0,S3,MGCUBED,MG,4,5,1e-06,0.09255288489886938,0.0,0.10079384598026178,1,0
det,0,S3,MGCUBED,SINE,4,5,1e-06,0.2618381428593466,0.0,0.2661336244491107,1,0
det,0,S3,MGCUBED,MGCUBED,4,5,1e-06,0.2882345148259314,0.0,0.34066767149801397,1,0
det,0,S3,MGCUBED,MG,5,5,1e-06,0.09116481949742207,0.0,0.09959466946126819,1,0
det,0,S3,MGCUBED,SINE,5,5,1e-06,0.26405473312997,0.0,0.26947224983149004,1,0
det,0,S3,MGCUBED,MGCUBED,5,5,1e-06,0.28810165410742783,0.0,0.33786574373520145,1,0
det,0,S3,MGCUBED,MG,6,5,1e-06,0.09335814073682402,0.0,0.10167088533790822,1,0
det,0,S3,MGCUBED,SINE,6,5,1e-06,0.26252939350565413,0.0,0.26807086777178574,1,0
det,0,S3,MGCUBED,MGCUBED,6,5,1e-06,0.28755152751268925,0.0,0.3379472476344854,1,0
det,0,S3,MGCUBED,MG,7,5,1e-06,0.09679440310501881,0.0,0.10409818926921877,1,0
det,0,S3,MGCUBED,SINE,7,5,1e-06,0.25005093344743795,0.0,0.2544977144800911,1,0
det,0,S3,MGCUBED,MGCUBED,7,5,1e-06,0.28889598548786516,0.0,0.3344699056067191,1,0
det,0,S3,MGCUBED,MG,8,5,1e-06,0.0925872565161416,0.0,0.10088703703926608,1,0
det,0,S3,MGCUBED,SINE,8,5,1e-06,0.26301084169289385,0.0,0.2686095085069805,1,0
det,0,S3,MGCUBED,MGCUBED,8,5,1e-06,0.287234452827877,0.0,0.33695711353801944,1,0
det,0,S3,MGCUBED,MG,9,5,1e-06,0.09262124183903636,0.0,0.10049059361645753,1,0
det,0,S3,MGCUBED,SINE,9,4,1e-06,0.25318181867610573,0.0,0.25761591408117945,1,0
det,0,S3,MGCUBED,MGCUBED,9,5,1e-06,0.28955414293652265,0.0,0.34102192686702176,1,0
det,0,S3,MG,MG,1,5,1e-06,0.08914591639865245,0.0,0.0968655518233493,1,0
det,0,S3,MG,SINE,1,4,1e-06,0.26635773503023574,0.0,0.27035588981521724,1,0
det,0,S3,MG,MGCUBED,1,5,1e-06,0.2955014843568573,0.0,0.34283972616883673,1,0
det,0,S3,MG,MG,10,5,1e-06,0.08949685127682652,0.0,0.09749208169750137,1,0
det,0,S3,MG,SINE,10,4,1e-06,0.2656192330063363,0.0,0.2699328504729656,1,0
det,0,S3,MG,MGCUBED,10,5,1e-06,0.29688415972137683,0.0,0.3438953287818333,1,0
det,0,S3,MG,MG,2,5,1e-06,0.08795669701031943,0.0,0.09517752640715504,1,0
det,0,S3,MG,SINE,2,5,1e-06,0.2698120121735088,0.0,0.27283518980455373,1,0
det,0,S3,MG,MGCUBED,2,5,1e-06,0.30222405696176013,0.0,0.3499973763459015,1,0
det,0,S3,MG,MG,3,5,1e-06,0.08946408267035119,0.0,0.09717705522481115,1,0
det,0,S3,MG,SINE,3,5,1e-06,0.26673774356724966,0.0,0.2703950115355142,1,0
det,0,S3,MG,MGCUBED,3,5,1e-06,0.30068590117846156,0.0,0.3468502930181524,1,0
det,0,S3,MG,MG,4,5,1e-06,0.08849976585762152,0.0,0.09611070906308859,1,0
det,0,S3,MG,SINE,4,4,1e-06,0.27102343005919133,0.0,0.27490811130745324,1,0
det,0,S3,MG,MGCUBED,4,5,1e-06,0.31216781980212127,0.0,0.36171114619568245,1,0
det,0,S3,MG,MG,5,5,1e-06,0.08837889025794309,0.0,0.09603411957131304,1,0
det,0,S3,MG,SINE,5,4,1e-06,0.2706932157242343,0.0,0.27457405447122163,1,0
det,0,S3,MG,MGCUBED,5,5,1e-06,0.3105711103747824,0.0,0.36013071597105273,1,0
det,0,S3,MG,MG,6,5,1e-06,0.08916560997095836,0.0,0.0971964427890309,1,0
det,0,S3,MG,SINE,6,4,1e-06,0.2687198426348114,0.0,0.2731727304903066,1,0
det,0,S3,MG,MGCUBED,6,5,1e-06,0.29833580036549057,0.0,0.34841705942247725,1,0
det,0,S3,MG,MG,7,5,1e-06,0.08919950007658049,0.0,0.09602929945765244,1,0
det,0,S3,MG,SINE,7,5,1e-06,0.2722419622995945,0.0,0.2745351496561983,1,0
det,0,S3,MG,MGCUBED,7,5,1e-06,0.3037008553976354,0.0,0.35051796858888956,1,0
det,0,S3,MG,MG,8,5,1e-06,0.08831409832990489,0.0,0.09488946515581115,1,0
det,0,S3,MG,SINE,8,5,1e-06,0.27496942795793383,0.0,0.27690871254061344,1,0
det,0,S3,MG,MGCUBED,8,5,1e-06,0.31085845223729514,0.0,0.3581163772500523,1,0
det,0,S3,MG,MG,9,5,1e-06,0.0889694987422602,0.0,0.09613980868108665,1,0
det,0,S3,MG,SINE,9,5,1e-06,0.2697561782156938,0.0,0.27271499404338556,1,0
det,0,S3,MG,MGCUBED,9,5,1e-06,0.3015883549400537,0.0,0.349098967776622,1,0
det,0,S3,SINE,MG,1,5,1e-06,0.1247501775503794,0.0,0.13315854235752436,1,0
det,0,S3,SINE,SINE,1,5,1e-06,0.24935720385479462,0.0,0.25318362627741275,1,0
det,0,S3,SINE,MGCUBED,1,5,1e-06,0.3224437062237856,0.0,0.3684538747968757,1,0
det,0,S3,SINE,MG,10,5,1e-06,0.11254898811396741,0.0,0.12096051130466509,1,0
det,0,S3,SINE,SINE,10,5,1e-06,0.24883105688201762,0.0,0.2536519287802669,1,0
det,0,S3,SINE,MGCUBED,10,5,1e-06,0.32394018266473007,0.0,0.3653249235059497,1,0
det,0,S3,SINE,MG,2,5,1e-06,0.11257729568947669,0.0,0.12111476916815479,1,0
det,0,S3,SINE,SINE,2,5,1e-06,0.24888697883524302,0.0,0.2529052393183127,1,0
det,0,S3,SINE,MGCUBED,2,5,1e-06,0.3283604685046689,0.0,0.3721002367791354,1,0
det,0,S3,SINE,MG,3,5,1e-06,0.10107963468767497,0.0,0.10829094659324569,1,0
det,0,S3,SINE,SINE,3,5,1e-06,0.24908082722273378,0.0,0.25394593296910867,1,0
det,0,S3,SINE,MGCUBED,3,5,1e-06,0.30144727798938376,0.0,0.3434435025282318,1,0
det,0,S3,SINE,MG,4,5,1e-06,0.12362315551590036,0.0,0.13344493958913695,1,0
det,0,S3,SINE,SINE,4,5,1e-06,0.24944507139540129,0.0,0.25317857796682336,1,0
det,0,S3,SINE,MGCUBED,4,5,1e-06,0.3593410356336349,0.0,0.40618562871310027,1,0
det,0,S3,SINE,MG,5,5,1e-06,0.12143282355813473,0.0,0.1293576203805361,1,0
det,0,S3,SINE,SINE,5,5,1e-06,0.24940688668813552,0.0,0.2533484594272659,1,0
det,0,S3,SINE,MGCUBED,5,5,1e-06,0.3144812344873861,0.0,0.3609494718739528,1,0
det,0,S3,SINE,MG,6,5,1e-06,0.12236566964662149,0.0,0.1320113201339517,1,0
det,0,S3,SINE,SINE,6,5,1e-06,0.2489222407473142,0.0,0.2527349199669899,1,0
det,0,S3,SINE,MGCUBED,6,5,1e-06,0.3555131214112762,0.0,0.40155640204356136,1,0
det,0,S3,SINE,MG,7,5,1e-06,0.12656996912228657,0.0,0.13637940767409973,1,0
det,0,S3,SINE,SINE,7,5,1e-06,0.24898038478344525,0.0,0.25304182201303743,1,0
det,0,S3,SINE,MGCUBED,7,5,1e-06,0.3621953550842522,0.0,0.4083445259402162,1,0
det,0,S3,SINE,MG,8,5,1e-06,0.11759419241013623,0.0,0.12639705708752524,1,0
det,0,S3,SINE,SINE,8,5,1e-06,0.24821661777913454,0.0,0.2528301691355929,1,0
det,0,S3,SINE,MGCUBED,8,5,1e-06,0.340614070899058,0.0,0.3831936414986157,1,0
det,0,S3,SINE,MG,9,5,1e-06,0.10099848939117774,0.0,0.10824181427987804,1,0
det,0,S3,SINE,SINE,9,5,1e-06,0.24890482129247216,0.0,0.25372541750156485,1,0
det,0,S3,SINE,MGCUBED,9,5,1e-06,0.30039939435067864,0.0,0.3421698923049389,1,0
det,0,S4,MGCUBED,MG,1,5,1e-06,0.09210441807856493,0.0,0.10014725427799938,1,0
det,0,S4,MGCUBED,SINE,1,5,1e-06,0.25484967205786135,0.0,0.25901602684223946,1,0
det,0,S4,MGCUBED,MGCUBED,1,5,1e-06,0.2871728099839641,0.0,0.3392778901746803,1,0
det,0,S4,MGCUBED,MG,10,5,1e-06,0.09484288107821191,0.0,0.10193182941341801,1,0
det,0,S4,MGCUBED,SINE,10,5,1e-06,0.24580735581553384,0.0,0.25056444537836514,1,0
det,0,S4,MGCUBED,MGCUBED,10,5,1e-06,0.2872042618118861,0.0,0.3400361370984942,1,0
det,0,S4,MGCUBED,MG,2,5,1e-06,0.09181234130772503,0.0,0.09931477666469317,1,0
det,0,S4,MGCUBED,SINE,2,5,1e-06,0.25011700853670654,0.0,0.2554353343864455,1,0
det,0,S4,MGCUBED,MGCUBED,2,5,1e-06,0.2854292026278053,0.0,0.33542127613558287,1,0
det,0,S4,MGCUBED,MG,3,5,1e-06,0.13238042824991464,0.0,0.14049857324394557,1,0
det,0,S4,MGCUBED,SINE,3,5,1e-06,0.29932619812270533,0.0,0.3053775888020655,1,0
det,0,S4,MGCUBED,MGCUBED,3,5,1e-06,0.2972526814989743,0.0,0.33695537199076153,1,0
det,0,S4,MGCUBED,MG,4,5,1e-06,0.09380239817196889,0.0,0.10161571154195623,1,0
det,0,S4,MGCUBED,SINE,4,4,1e-06,0.26393524003802293,0.0,0.2690339730876328,1,0
det,0,S4,MGCUBED,MGCUBED,4,5,1e-06,0.28805359850215734,0.0,0.33704544405145764,1,0
det,0,S4,MGCUBED,MG,5,5,1e-06,0.09285318246710093,0.0,0.09985516048261306,1,0
det,0,S4,MGCUBED,SINE,5,5,1e-06,0.24883392826325965,0.0,0.2543265919178464,1,0
det,0,S4,MGCUBED,MGCUBED,5,5,1e-06,0.28470242971096554,0.0,0.3370092390793476,1,0
det,0,S4,MGCUBED,MG,6,5,1e-06,0.13988080835211406,0.0,0.1470427361181694,1,0
det,0,S4,MGCUBED,SINE,6,5,1e-06,0.28888365384218884,0.0,0.29647399661287904,1,0
det,0,S4,MGCUBED,MGCUBED,6,5,1e-06,0.30759710170043203,0.0,0.345493531613101,1,0
det,0,S4,MGCUBED,MG,7,5,1e-06,0.09370883497051832,0.0,0.10146739166248599,1,0
det,0,S4,MGCUBED,SINE,7,5,1e-06,0.2525688778030333,0.0,0.25689484988598676,1,0
det,0,S4,MGCUBED,MGCUBED,7,5,1e-06,0.2885525028086464,0.0,0.3399827734591895,1,0
det,0,S4,MGCUBED,MG,8,5,1e-06,0.0935871901898438,0.0,0.10148073356871073,1,0
det,0,S4,MGCUBED,SINE,8,4,1e-06,0.26195757462506003,0.0,0.26739786024102674,1,0
det,0,S4,MGCUBED,MGCUBED,8,5,1e-06,0.28978751399961145,0.0,0.3373865997769337,1,0
det,0,S4,MGCUBED,MG,9,5,1e-06,0.09332529076429599,0.0,0.10145926397407608,1,0
det,0,S4,MGCUBED,SINE,9,5,1e-06,0.25695933946435445,0.0,0.2614273717122609,1,0
det,0,S4,MGCUBED,MGCUBED,9,5,1e-06,0.2873807310587758,0.0,0.33935974058063734,1,0
det,0,S4,MG,MG,1,5,1e-06,0.09572642031598944,0.0,0.1023517767935595,1,0
det,0,S4,MG,SINE,1,5,1e-06,0.27630653243277564,0.0,0.28043438524975073,1,0
det,0,S4,MG,MGCUBED,1,5,1e-06,0.32022368760332465,0.0,0.3600745124686638,1,0
det,0,S4,MG,MG,10,5,1e-06,0.08980342110080379,0.0,0.097736560216065,1,0
det,0,S4,MG,SINE,10,4,1e-06,0.26388664252013716,0.0,0.2684526964964255,1,0
det,0,S4,MG,MGCUBED,10,5,1e-06,0.2983194344000985,0.0,0.34431740578355746,1,0
det,0,S4,MG,MG,2,5,1e-06,0.09086240345312237,0.0,0.09840441623909428,1,0
det,0,S4,MG,SINE,2,5,1e-06,0.2635194492899175,0.0,0.26786776219588765,1,0
det,0,S4,MG,MGCUBED,2,5,1e-06,0.3061523299406995,0.0,0.3504823057674157,1,0
det,0,S4,MG,MG,3,5,1e-06,0.09042682326611255,0.0,0.09795978490520084,1,0
det,0,S4,MG,SINE,3,5,1e-06,0.26575293128870364,0.0,0.26945806362317903,1,0
det,0,S4,MG,MGCUBED,3,5,1e-06,0.30207018580718525,0.0,0.3465126363184436,1,0
det,0,S4,MG,MG,4,5,1e-06,0.09121228625811012,0.0,0.09911598445103806,1,0
det,0,S4,MG,SINE,4,4,1e-06,0.2634756043358224,0.0,0.26840785146124846,1,0
det,0,S4,MG,MGCUBED,4,5,1e-06,0.28957254441715985,0.0,0.3365654737921478,1,0
det,0,S4,MG,MG,5,5,1e-06,0.08723843001672561,0.0,0.09424198339513142,1,0
det,0,S4,MG,SINE,5,5,1e-06,0.2724592211603221,0.0,0.27490622033299456,1,0
det,0,S4,MG,MGCUBED,5,5,1e-06,0.31243893758828234,0.0,0.3602216614247603,1,0
det,0,S4,MG,MG,6,5,1e-06,0.0876607666227439,0.0,0.09416730193901443,1,0
det,0,S4,MG,SINE,6,5,1e-06,0.28103333001308284,0.0,0.28376515757586573,1,0
det,0,S4,MG,MGCUBED,6,5,1e-06,0.3296765911282389,0.0,0.3778051615539459,1,0
det,0,S4,MG,MG,7,5,1e-06,0.08757550584246321,0.0,0.09487867229198524,1,0
det,0,S4,MG,SINE,7,5,1e-06,0.2713451546102197,0.0,0.27418038515578824,1,0
det,0,S4,MG,MGCUBED,7,5,1e-06,0.30911142190332913,0.0,0.3571872874902222,1,0
det,0,S4,MG,MG,8,5,1e-06,0.0889021236968561,0.0,0.09594550479284802,1,0
det,0,S4,MG,SINE,8,5,1e-06,0.27104138343012957,0.0,0.2736695891441282,1,0
det,0,S4,MG,MGCUBED,8,5,1e-06,0.30503460123048054,0.0,0.3522919038681859,1,0
det,0,S4,MG,MG,9,5,1e-06,0.0873418969022853,0.0,0.09470200153368367,1,0
det,0,S4,MG,SINE,9,4,1e-06,0.27228655988064976,0.0,0.27631533803957475,1,0
det,0,S4,MG,MGCUBED,9,5,1e-06,0.3192544918400301,0.0,0.3683716845864839,1,0
det,0,S4,SINE,MG,1,5,1e-06,0.14290236172144638,0.0,0.15031550847392525,1,0
det,0,S4,SINE,SINE,1,4,1e-06,0.23148101628308912,0.0,0.23644782690192226,1,0
det,0,S4,SINE,MGCUBED,1,5,1e-06,0.3863785266740573,0.0,0.43281303830138546,1,0
det,0,S4,SINE,MG,10,5,1e-06,0.14701179632072123,0.0,0.15413870122409068,1,0
det,0,S4,SINE,SINE,10,4,1e-06,0.23195909344863677,0.0,0.23695480635674102,1,0
det,0,S4,SINE,MGCUBED,10,5,1e-06,0.3909493549870777,0.0,0.43739098171470964,1,0
det,0,S4,SINE,MG,2,5,1e-06,0.12622172980024515,0.0,0.13404976252327278,1,0
det,0,S4,SINE,SINE,2,5,1e-06,0.23108631516329586,0.0,0.23610842062986848,1,0
det,0,S4,SINE,MGCUBED,2,5,1e-06,0.3793855264733527,0.0,0.4197292993130385,1,0
det,0,S4,SINE,MG,3,5,1e-06,0.13351426445450562,0.0,0.1418164256188672,1,0
det,0,S4,SINE,SINE,3,5,1e-06,0.2361760012737582,0.0,0.24138394506142213,1,0
det,0,S4,SINE,MGCUBED,3,5,1e-06,0.37488190517506376,0.0,0.42144389105819446,1,0
det,0,S4,SINE,MG,4,5,1e-06,0.14355820491114893,0.0,0.1508208831294336,1,0
det,0,S4,SINE,SINE,4,4,1e-06,0.23134022848402985,0.0,0.236809709865321,1,0
det,0,S4,SINE,MGCUBED,4,5,1e-06,0.3989802672471503,0.0,0.44450859754195193,1,0
det,0,S4,SINE,MG,5,5,1e-06,0.12807110275304626,0.0,0.1358592368107604,1,0
det,0,S4,SINE,SINE,5,5,1e-06,0.23154349786352393,0.0,0.236282804357709,1,0
det,0,S4,SINE,MGCUBED,5,5,1e-06,0.3637113584008536,0.0,0.4066911632545093,1,0
det,0,S4,SINE,MG,6,5,1e-06,0.14154471976300087,0.0,0.14865423710325842,1,0
det,0,S4,SINE,SINE,6,4,1e-06,0.23119228216100934,0.0,0.23661617733259493,1,0
det,0,S4,SINE,MGCUBED,6,5,1e-06,0.3962411122538562,0.0,0.4412962453366435,1,0
det,0,S4,SINE,MG,7,5,1e-06,0.1416049139944821,0.0,0.1505774589479315,1,0
det,0,S4,SINE,SINE,7,5,1e-06,0.2348767995495563,0.0,0.23975620670318165,1,0
det,0,S4,SINE,MGCUBED,7,5,1e-06,0.3849235007352167,0.0,0.43298267751850245,1,0
det,0,S4,SINE,MG,8,5,1e-06,0.10790045701095721,0.0,0.1144774179118078,1,0
det,0,S4,SINE,SINE,8,5,1e-06,0.23726904055675052,0.0,0.24296234300510797,1,0
det,0,S4,SINE,MGCUBED,8,5,1e-06,0.35880783750675854,0.0,0.39104362836794626,1,0
det,0,S4,SINE,MG,9,5,1e-06,0.14120102570014736,0.0,0.1482897429118008,1,0
det,0,S4,SINE,SINE,9,5,1e-06,0.23188797181928367,0.0,0.23746471579848105,1,0
det,0,S4,SINE,MGCUBED,9,5,1e-06,0.39666803560756336,0.0,0.4415504383565225,1,0
hyb,500,S1,MG,MG,5,5,1.0,0.5371176352391365,0.007680892083419962,0.5349849307353289,20,7000
hyb,500,S1,MG,SINE,5,5,10.0,0.45063827202778767,0.0026543061027346914,0.4722707474427711,20,7013
hyb,500,S1,MG,MGCUBED,5,5,1.0,0.7398178494504182,0.012088189561550909,0.7874585443976068,20,7026
hyb,500,S1,SINE,MG,5,5,1.0,0.6374609093894625,0.009075565335404484,0.6409385114365543,20,7039
hyb,500,S1,SINE,SINE,5,5,10.0,0.42075673050407614,0.005484880155673312,0.4390398930770553,20,7052
hyb,500,S1,SINE,MGCUBED,5,5,1.0,0.7740869429137732,0.010283025466486705,0.8098511467537758,20,7065
hyb,500,S1,MGCUBED,MG,5,5,0.1,0.6722281502075308,0.019139106992033146,0.684492674049056,20,7078
hyb,500,S1,MGCUBED,SINE,5,5,1.0,0.514202594865949,0.007709417410743609,0.5506887088065354,20,7091
hyb,500,S1,MGCUBED,MGCUBED,5,5,0.1,0.7372701914602615,0.01742411272490174,0.8016855693961615,20,7104
hyb,500,S2,MG,MG,2,5,1.0,0.5982986750118322,0.01084776101709871,0.5959220844089421,20,7117
hyb,500,S2,MG,SINE,2,5,10.0,0.46565706420513997,0.003569835969939086,0.4966384811736078,20,7130
hyb,500,S2,MG,MGCUBED,2,5,1.0,0.7949638698591708,0.009773894657977952,0.8283631668667327,20,7143
hyb,500,S2,SINE,MG,2,5,1.0,0.6653717575305812,0.008677942003448808,0.6653350690871402,20,7156
hyb,500,S2,SINE,SINE,2,5,1.0,0.4562591071023806,0.013497865623418653,0.4591109961340594,20,7169
hyb,500,S2,SINE,MGCUBED,2,5,1.0,0.8241641527677365,0.019498217884579082,0.8450185537226794,20,7182
hyb,500,S2,MGCUBED,MG,5,5,1.0,0.6225270645574575,0.015004797712501093,0.6210366154633272,20,7195
hyb,500,S2,MGCUBED,SINE,5,5,10.0,0.46158429297604375,0.005942863239116954,0.4880740095993663,20,7208
hyb,500,S2,MGCUBED,MGCUBED,5,5,1.0,0.7950111063907204,0.011952221334571645,0.8260705305685049,20,7221
hyb,500,S3,MG,MG,3,5,1.0,0.5121471326266795,0.005741364554302121,0.5171592150897251,20,7234
hyb,500,S3,MG,SINE,3,5,10.0,0.44555056002918414,0.001755053006199764,0.4650380460213069,20,7247
hyb,500,S3,MG,MGCUBED,3,5,1.0,0.7411930758610126,0.006675305421637988,0.7774958879729142,20,7260
hyb,500,S3,SINE,MG,2,5,1.0,0.5441347173331248,0.006240820768861132,0.541152285906421,20,7273
hyb,500,S3,SINE,SINE,2,5,10.0,0.40244238773615093,0.003442930793404167,0.40923670354608277,20,7286
hyb,500,S3,SINE,MGCUBED,2,5,1.0,0.7307344434066531,0.01531532875185894,0.7582487057579644,20,7299
hyb,500,S3,MGCUBED,MG,3,5,0.1,0.6539457617614484,0.031059034798620804,0.6681348076381551,20,7312
hyb,500,S3,MGCUBED,SINE,3,5,1.0,0.5162622947682582,0.011066082401050104,0.5421191899268392,20,7325
hyb,500,S3,MGCUBED,MGCUBED,3,5,0.1,0.726850595811917,0.023664467883334712,0.7695915900982851,20,7338
hyb,500,S4,MG,MG,3,5,1.0,0.4569847031740415,0.006726197757143428,0.44774816439861587,20,7351
hyb,500,S4,MG,SINE,3,5,1.0,0.38364213581084383,0.00664127236726904,0.39046667772106974,20,7364
hyb,500,S4,MG,MGCUBED,3,5,1.0,0.7194342192685225,0.006409934445161772,0.7381471874810466,20,7377
hyb,500,S4,SINE,MG,5,5,0.1,0.5140634866976955,0.015240412931006371,0.5034432192940124,20,7390
hyb,500,S4,SINE,SINE,5,5,1.0,0.3769139149836497,0.00514294786693536,0.38284398909609785,20,7403
hyb,500,S4,SINE,MGCUBED,5,5,1.0,0.7547809118002025,0.00984678149327444,0.774359360140887,20,7416
hyb,500,S4,MGCUBED,MG,5,5,1.0,0.6406230009601577,0.013098093933302498,0.646245174195807,20,7429
hyb,500,S4,MGCUBED,SINE,5,5,1.0,0.5696544278862725,0.009419151587423638,0.5860542112045726,20,7442
hyb,500,S4,MGCUBED,MGCUBED,5,5,1.0,0.6898194475131306,0.010217233944840714,0.723407713617197,20,7455
hyb,5000,S1,MG,MG,5,5,0.1,0.43119332752109624,0.008015449306887959,0.4372650144529636,20,7468
hyb,5000,S1,MG,SINE,5,5,0.1,0.41059249302571044,0.006933717765739362,0.4117374814757409,20,7481
hyb,5000,S1,MG,MGCUBED,5,5,0.1,0.6219302865635329,0.012160763401156035,0.6704271172363243,20,7494
hyb,5000,S1,SINE,MG,4,5,0.1,0.48910430761274426,0.010525478925411133,0.4897577532639407,20,7507
hyb,5000,S1,SINE,SINE,4,5,0.1,0.3940504454501231,0.005565305042683715,0.40781100750154486,20,7520
hyb,5000,S1,SINE,MGCUBED,4,5,0.1,0.629695525648975,0.01050106867858896,0.6764534139261671,20,7533
hyb,5000,S1,MGCUBED,MG,3,5,0.1,0.4416395604490491,0.008920264134011138,0.4466960191709939,20,7546
hyb,5000,S1,MGCUBED,SINE,3,5,1.0,0.3958018194290969,0.003016816469886025,0.4031597512166831,20,7559
hyb,5000,S1,MGCUBED,MGCUBED,3,5,0.1,0.6148627689172442,0.014721442756303906,0.6594692486708124,20,7572
hyb,5000,S2,MG,MG,4,5,0.01,0.5002479012238188,0.01433902196395363,0.4897202964602336,20,7585
hyb,5000,S2,MG,SINE,4,5,0.1,0.4099171477687952,0.008380162321773934,0.4108758465572051,20,7598
hyb,5000,S2,MG,MGCUBED,4,5,0.1,0.673431231389354,0.013960622706891765,0.7114392467174745,20,7611
hyb,5000,S2,SINE,MG,5,5,0.1,0.5060307303637986,0.009022666858275472,0.5091475277522566,20,7624
hyb,5000,S2,SINE,SINE,5,5,0.1,0.39723304675086035,0.005610555114165804,0.396304951608801,20,7637
hyb,5000,S2,SINE,MGCUBED,5,5,0.1,0.6636030023016878,0.015824671560657023,0.6880022328417437,20,7650
hyb,5000,S2,MGCUBED,MG,4,5,0.01,0.4958141361015011,0.011438839967735167,0.49433249203931434,20,7663
hyb,5000,S2,MGCUBED,SINE,4,5,0.1,0.39162945095309276,0.006833369609365113,0.40019902706001087,20,7676
hyb,5000,S2,MGCUBED,MGCUBED,4,5,0.1,0.6601213564861718,0.013574045737078646,0.6918906016805,20,7689
hyb,5000,S3,MG,MG,2,5,0.1,0.36576187875552246,0.007364771368955953,0.36347972250883664,20,7702
hyb,5000,S3,MG,SINE,2,5,0.1,0.3946023766394679,0.0076741376513658685,0.3984166577120968,20,7715
hyb,5000,S3,MG,MGCUBED,2,5,0.1,0.5837409199015915,0.010665391896099047,0.6237238770015696,20,7728
hyb,5000,S3,SINE,MG,2,5,0.01,0.4859837867617675,0.01843576273142193,0.4865993932269316,20,7741
hyb,5000,S3,SINE,SINE,2,5,0.1,0.3734718032070068,0.007702258854433427,0.38333857757232603,20,7754
hyb,5000,S3,SINE,MGCUBED,2,5,0.1,0.6599789542775887,0.012199593946227572,0.6992905211320244,20,7767
hyb,5000,S3,MGCUBED,MG,4,5,0.1,0.37245964964802447,0.005309144078337138,0.36858550487146136,20,7780
hyb,5000,S3,MGCUBED,SINE,4,5,0.1,0.39439771433032045,0.00700479695323355,0.4001142041067691,20,7793
hyb,5000,S3,MGCUBED,MGCUBED,4,5,0.1,0.5823997151500252,0.010323533018551606,0.6218282691224218,20,7806
hyb,5000,S4,MG,MG,1,5,0.1,0.3617833021974894,0.00522711477308362,0.3517976000730911,20,7819
hyb,5000,S4,MG,SINE,1,5,0.1,0.34090817595974265,0.006073724875264827,0.35040367319224075,20,7832
hyb,5000,S4,MG,MGCUBED,1,5,0.1,0.6384472259028608,0.005956899587073347,0.6612153858688752,20,7845
hyb,5000,S4,SINE,MG,1,5,0.01,0.3959755630619886,0.012566931295833304,0.385274281294066,20,7858
hyb,5000,S4,SINE,SINE,1,4,0.01,0.33575952628290995,0.006357901828711948,0.3484050330272678,20,7871
hyb,5000,S4,SINE,MGCUBED,1,5,0.01,0.6616560857432978,0.019331724272169216,0.6707940305368623,20,7884
hyb,5000,S4,MGCUBED,MG,5,5,0.1,0.3853088711838084,0.007029338145980336,0.38474349999127994,20,7897
hyb,5000,S4,MGCUBED,SINE,5,5,1.0,0.392353160621045,0.002782641670653093,0.39435027828371283,20,7910
hyb,5000,S4,MGCUBED,MGCUBED,5,5,0.1,0.5880885496349219,0.00962442024164595,0.6332940663000787,20,7923
hyb,50000,S1,MG,MG,2,5,0.01,0.3062941337582471,0.004854893502038293,0.30897337038149375,20,7936
hyb,50000,S1,MG,SINE,2,5,0.01,0.3973722560881052,0.008394109911722356,0.39564886420226525,20,7949
hyb,50000,S1,MG,MGCUBED,2,5,0.01,0.5389115430423598,0.008658817302211273,0.592592616218141,20,7962
hyb,50000,S1,SINE,MG,1,5,0.001,0.43913347480501647,0.016173395523807484,0.44218804002031814,20,7975
hyb,50000,S1,SINE,SINE,1,5,0.01,0.3617650573676866,0.00559866272026294,0.3711907624685137,20,7988
hyb,50000,S1,SINE,MGCUBED,1,5,0.001,0.5633178942613304,0.014488543798615475,0.6053700906772355,20,8001
hyb,50000,S1,MGCUBED,MG,3,5,0.01,0.3527524203631792,0.006620728554835364,0.3531099521649702,20,8014
hyb,50000,S1,MGCUBED,SINE,3,5,0.01,0.37065160614431736,0.006662803249341054,0.3777221127050925,20,8027
hyb,50000,S1,MGCUBED,MGCUBED,3,5,0.01,0.528336486268184,0.006875167295904829,0.5684939392135652,20,8040
hyb,50000,S2,MG,MG,2,5,0.001,0.35272297135315084,0.008759041773311854,0.3510523454557623,20,8053
hyb,50000,S2,MG,SINE,2,5,0.01,0.3951271323137002,0.00937993375407886,0.3986999047252772,20,8066
hyb,50000,S2,MG,MGCUBED,2,5,0.01,0.5543968792658844,0.013396557763356916,0.5899188783200195,20,8079
hyb,50000,S2,SINE,MG,2,5,0.001,0.37287948183258923,0.013313190860268763,0.368179864875397,20,8092
hyb,50000,S2,SINE,SINE,2,5,0.1,0.36941803188200556,0.00490035434648545,0.37820415708039457,20,8105
hyb,50000,S2,SINE,MGCUBED,2,5,0.01,0.5533077725356673,0.009591167661835114,0.5924485359880094,20,8118
hyb,50000,S2,MGCUBED,MG,2,5,0.001,0.3690430291450939,0.010319967836837935,0.3684982483160455,20,8131
hyb,50000,S2,MGCUBED,SINE,2,5,0.1,0.37373631952169684,0.00675483008406294,0.3802638028053968,20,8144
hyb,50000,S2,MGCUBED,MGCUBED,2,5,0.01,0.5457767086752996,0.010845209290879482,0.587220175082974,20,8157
hyb,50000,S3,MG,MG,2,5,0.01,0.27947788397895684,0.00315660777818317,0.2830354162198218,20,8170
hyb,50000,S3,MG,SINE,2,5,0.01,0.3886163370400976,0.005067491856072418,0.3871183024318918,20,8183
hyb,50000,S3,MG,MGCUBED,2,5,0.01,0.5222513053046015,0.007931151751805155,0.5618642588598912,20,8196
hyb,50000,S3,SINE,MG,4,5,0.001,0.34797026836926437,0.010114330859407156,0.3527758766685055,20,8209
hyb,50000,S3,SINE,SINE,4,5,0.01,0.3411175914132797,0.005434503043117394,0.3532308269984056,20,8222
hyb,50000,S3,SINE,MGCUBED,4,5,0.01,0.5323275098434508,0.00906824729982506,0.5660856050801233,20,8235
hyb,50000,S3,MGCUBED,MG,5,5,0.01,0.3342207724577277,0.005953368911047116,0.3305787218967823,20,8248
hyb,50000,S3,MGCUBED,SINE,5,5,0.01,0.3519274846520118,0.005975715628666101,0.3602996637739842,20,8261
hyb,50000,S3,MGCUBED,MGCUBED,5,5,0.01,0.5182039818784504,0.00971247070159235,0.5592237452412194,20,8274
hyb,50000,S4,MG,MG,4,5,0.01,0.283771848592122,0.0027436218289153005,0.285446216915647,20,8287
hyb,50000,S4,MG,SINE,4,5,0.01,0.38861089943062793,0.005642516381667767,0.3980952338156336,20,8300
hyb,50000,S4,MG,MGCUBED,4,5,0.01,0.5252187680782701,0.006449020935312096,0.5668433583335657,20,8313
hyb,50000,S4,SINE,MG,5,5,0.001,0.3268365629287423,0.006773227932688513,0.3159292256345454,20,8326
hyb,50000,S4,SINE,SINE,5,5,0.01,0.3011801071948236,0.00555371463628469,0.30528350092183465,20,8339
hyb,50000,S4,SINE,MGCUBED,5,5,0.01,0.5949439262950798,0.0062346554998602725,0.6139430345493699,20,8352
hyb,50000,S4,MGCUBED,MG,1,5,0.01,0.2900116152016736,0.0037422440538638587,0.2919831093391189,20,8365
hyb,50000,S4,MGCUBED,SINE,1,5,0.01,0.3790648907933973,0.008258123073822942,0.38266006150773885,20,8378
hyb,50000,S4,MGCUBED,MGCUBED,1,5,0.01,0.5203938740170246,0.006902165970584673,0.5673702337530397,20,8391
hyb,500000,S1,MG,MG,2,5,0.001,0.2573842330551197,0.0028924638110849406,0.26449891300893136,20,8404
hyb,500000,S1,MG,SINE,2,5,0.001,0.3782603605935428,0.008770758390659541,0.386606388443535,20,8417
hyb,500000,S1,MG,MGCUBED,2,5,0.001,0.5214357075779203,0.006394963490719086,0.5693883587506202,20,8430
hyb,500000,S1,SINE,MG,2,5,0.0001,0.31153032031776134,0.011043184002550435,0.31548467223557003,20,8443
hyb,500000,S1,SINE,SINE,2,5,0.001,0.33337015584842666,0.0044924122398854365,0.3421348530897659,20,8456
hyb,500000,S1,SINE,MGCUBED,2,5,0.001,0.4879759558431129,0.006306278415942043,0.538558128233214,20,8469
hyb,500000,S1,MGCUBED,MG,3,5,0.001,0.27391220771325653,0.003375445875052972,0.277274270221176,20,8482
hyb,500000,S1,MGCUBED,SINE,3,5,0.001,0.3412881143108461,0.005616739504315035,0.3500322199381445,20,8495
hyb,500000,S1,MGCUBED,MGCUBED,3,5,0.001,0.4685353701929502,0.0065188861713506045,0.5096476430213188,20,8508
hyb,500000,S2,MG,MG,3,5,0.001,0.2732221938308915,0.004048887427366166,0.27673463066211546,20,8521
hyb,500000,S2,MG,SINE,3,5,0.001,0.4104756709194898,0.006396016414314953,0.41064371404563504,20,8534
hyb,500000,S2,MG,MGCUBED,3,5,0.001,0.5051634383435355,0.008894063132490233,0.5505747109477924,20,8547
hyb,500000,S2,SINE,MG,3,5,0.0001,0.2840375887992023,0.00655520572115608,0.2775088491245942,20,8560
hyb,500000,S2,SINE,SINE,3,5,0.001,0.352590072544829,0.003790678019874091,0.367205828900915,20,8573
hyb,500000,S2,SINE,MGCUBED,3,5,0.001,0.4907716312818809,0.006226535860008208,0.5274950171133032,20,8586
hyb,500000,S2,MGCUBED,MG,2,5,0.001,0.29326949781762546,0.005994906013141217,0.2923636023166211,20,8599
hyb,500000,S2,MGCUBED,SINE,2,5,0.001,0.3646005298308777,0.005123788214825661,0.3745812555183018,20,8612
hyb,500000,S2,MGCUBED,MGCUBED,2,5,0.001,0.4825886239944238,0.006700521059174391,0.5260999555937171,20,8625
hyb,500000,S3,MG,MG,1,5,0.001,0.22325802270184147,0.0027429651421417615,0.22505808173708503,20,8638
hyb,500000,S3,MG,SINE,1,5,0.001,0.3282281330323754,0.006025286533658859,0.33482105256623634,20,8651
hyb,500000,S3,MG,MGCUBED,1,5,0.001,0.47929007764519244,0.005610908990004128,0.5235072192953258,20,8664
hyb,500000,S3,SINE,MG,2,5,0.0001,0.2775529594915015,0.00840213817808187,0.2807513677825774,20,8677
hyb,500000,S3,SINE,SINE,2,5,0.001,0.31164621661955094,0.004544569575387348,0.32280921749235647,20,8690
hyb,500000,S3,SINE,MGCUBED,2,5,0.001,0.4654441642039141,0.005966830253583125,0.5078456311363218,20,8703
hyb,500000,S3,MGCUBED,MG,1,5,0.001,0.2567133515694842,0.0047369099969426,0.25808176626597074,20,8716
hyb,500000,S3,MGCUBED,SINE,1,4,0.001,0.32209796084683306,0.004693406681001764,0.33029002341126273,20,8729
hyb,500000,S3,MGCUBED,MGCUBED,1,5,0.001,0.4548217507978708,0.006641364486964236,0.498154427841014,20,8742
hyb,500000,S4,MG,MG,3,5,0.001,0.22546294166553937,0.003025249501498166,0.2242549641135949,20,8755
hyb,500000,S4,MG,SINE,3,5,0.001,0.3095477981585791,0.0062514698918611136,0.32231376616796564,20,8768
hyb,500000,S4,MG,MGCUBED,3,5,0.001,0.4836970445805761,0.007045484775507012,0.5245930451667401,20,8781
hyb,500000,S4,SINE,MG,2,5,0.001,0.2768357830367918,0.0022785798635252836,0.2705864728377951,20,8794
hyb,500000,S4,SINE,SINE,2,3,0.001,0.27961659282326856,0.002834944475555636,0.2880400938493903,20,8807
hyb,500000,S4,SINE,MGCUBED,2,5,0.001,0.5558721991078278,0.00586120128813828,0.5828964789132232,20,8820
hyb,500000,S4,MGCUBED,MG,1,5,0.001,0.2547597687129906,0.0039064718446360815,0.2554548282615431,20,8833
hyb,500000,S4,MGCUBED,SINE,1,4,0.001,0.325031326379822,0.004462937080338734,0.33487249899028443,20,8846
hyb,500000,S4,MGCUBED,MGCUBED,1,5,0.001,0.45723253566187444,0.005017198755047659,0.49931448727716654,20,8859
