design_mode,design_NR,set,task,L,lam,eval_NR,R,det_default,det_fine,det_full_history,hyb_default,hyb_default_sd,hyb_fine,hyb_full_history,hyb_exact_binomial,hyb_exact_binomial_sd,history_symbols,dt_ms
det,0,S0,MG,5,1e-06,500,20,0.12154098398610672,0.12152071476794533,0.13405900738393248,1.01056997993478,0.053409122776504885,0.9847116111125518,0.9708653593388409,1.01056997993478,0.053409122776504885,21,1.0
det,0,S0,SINE,5,1e-06,500,20,0.2928940114292218,0.2928938282777305,0.29847044564471825,0.6328069108156902,0.017799720512511375,0.6160108400797518,0.6270445657738742,0.6328069108156902,0.017799720512511375,21,0.9615384615384616
det,0,S0,MGCUBED,5,1e-06,500,20,0.3464571269528046,0.34643670322179065,0.4263449970630003,1.1988907996087415,0.08809648399144951,1.1945667588307733,1.1914074333095375,1.1988907996087415,0.08809648399144951,21,1.0
det,0,S1,MG,5,1e-06,500,20,0.08834456767689301,0.0883436657578805,0.11091884323931595,0.8546509185078268,0.061262285459290584,0.8346243200547393,0.8558935585161865,0.8546509185078268,0.061262285459290584,21,1.0
det,0,S1,SINE,5,1e-06,500,20,0.25586363935958933,0.2558635371116273,0.2670218480576394,0.5391041746244775,0.01569051927675751,0.5334489114230612,0.5787433762433326,0.5391041746244775,0.01569051927675751,21,0.9615384615384616
det,0,S1,MGCUBED,5,1e-06,500,20,0.29860077464888274,0.2985896042425254,0.4186339508678509,1.1170139399895669,0.06555648233951146,1.1026441791589083,1.1293036325040444,1.1170139399895669,0.06555648233951146,21,1.0
det,0,S2,MG,5,1e-06,500,20,0.11086174132230099,0.11085558061717495,0.12603684771077944,0.877548964136939,0.07407406658017412,0.9137862687325393,0.9058149993468216,0.877548964136939,0.07407406658017412,15,0.9860828729239615
det,0,S2,SINE,5,1e-06,500,20,0.2726308519528773,0.2726330430470181,0.28696553795783103,0.5369808440663979,0.017753605829723892,0.5375411778483283,0.546774412245109,0.5369808440663979,0.017753605829723892,13,1.0
det,0,S2,MGCUBED,5,1e-06,500,20,0.3388370284958957,0.3387900011314382,0.4550370967455354,1.1791860212788268,0.08187206777754463,1.1885875099009287,1.1828592215894955,1.1791860212788268,0.08187206777754463,15,0.9848732720190618
det,0,S3,MG,5,1e-06,500,20,0.08795669701031943,0.08795939978368222,0.10766854830812107,0.7848537394559919,0.05008383468969726,0.7870463256675866,0.8054416209376705,0.7848537394559919,0.05008383468969726,19,0.9821875493847055
det,0,S3,SINE,5,1e-06,500,20,0.24821661777913454,0.24821630325462662,0.26019898371608174,0.4923414422481244,0.019328363826329374,0.48840831970770066,0.5345548142351098,0.4923414422481244,0.019328363826329374,13,1.0
det,0,S3,MGCUBED,5,1e-06,500,20,0.287234452827877,0.2871828325790313,0.42453982238101434,1.0262559069292156,0.08246741899856584,1.0165640699641096,1.0422716677239854,1.0262559069292156,0.08246741899856584,13,1.0
det,0,S4,MG,5,1e-06,500,20,0.08723843001672561,0.08724080023735127,0.10855164760055737,0.7712618804695734,0.03229186009366413,0.7649929497001768,0.781081340226409,0.7712618804695734,0.03229186009366413,19,0.9824548303029003
det,0,S4,SINE,5,1e-06,500,20,0.23120978366268727,0.2313407729125462,0.241907402835176,0.43615248604127255,0.014320494435209545,0.4303945017682803,0.4489249760511182,0.43615248604127255,0.014320494435209545,3,1.0
det,0,S4,MGCUBED,5,1e-06,500,20,0.28470242971096554,0.28483448334393036,0.40232691902185697,1.0199043477662129,0.059254568553400805,1.0133252539869055,1.0187640287605446,1.0199043477662129,0.059254568553400805,10,0.9795126947928576
hyb,500,S0,MG,5,1.0,500,20,0.6022727448020624,0.6022758175792579,0.5971939726470179,0.6869891979348408,0.007663965351631679,0.6859272008880333,0.6819796050212548,0.6869891979348408,0.007663965351631679,21,1.0
hyb,500,S0,SINE,5,1.0,500,20,0.429943618741899,0.4299432193864414,0.4367370112260885,0.528744985874682,0.015235225050494504,0.5316175111573564,0.5328333833967974,0.528744985874682,0.015235225050494504,21,0.9615384615384616
hyb,500,S0,MGCUBED,5,1.0,500,20,0.7904972268926018,0.7905052758668318,0.797985652092765,0.8408585532825062,0.011623945474539345,0.8426183066166288,0.8439959027385695,0.8408585532825062,0.011623945474539345,21,1.0
hyb,500,S1,MG,5,1.0,500,20,0.49366420982065334,0.49366238033977466,0.496636707459973,0.5350917603547913,0.0052937588844173015,0.5367178622162564,0.5429853292228739,0.5350917603547913,0.0052937588844173015,21,1.0
hyb,500,S1,SINE,5,10.0,500,20,0.40975301107118345,0.40974964058969604,0.4314107399562445,0.42271034842264854,0.006483808709069662,0.42289355111723054,0.45051164757745427,0.42271034842264854,0.006483808709069662,21,0.9615384615384616
hyb,500,S1,MGCUBED,5,0.1,500,20,0.6894333797340142,0.689436122830109,0.6919046295173713,0.7380042654805911,0.018233456165297805,0.7398272357601295,0.763357352707293,0.7380042654805911,0.018233456165297805,21,1.0
hyb,500,S2,MG,5,1.0,500,20,0.5109913978724413,0.5109888590176517,0.5134008571568619,0.5940554818293978,0.011293109234313651,0.5995055823222333,0.6042885173058978,0.5940554818293978,0.011293109234313651,13,1.0
hyb,500,S2,SINE,5,1.0,500,20,0.37704631644943337,0.37704684823076606,0.3803166767576703,0.45420919295604484,0.016180956531486268,0.45224988617759704,0.4775058720556199,0.45420919295604484,0.016180956531486268,13,1.0
hyb,500,S2,MGCUBED,5,1.0,500,20,0.7502309693059841,0.7502339587304423,0.7508059430719082,0.7946959058034975,0.008239577524833253,0.7946733898614506,0.804074961269394,0.7946959058034975,0.008239577524833253,16,0.9973527613837767
hyb,500,S3,MG,5,1.0,500,20,0.4828726491317381,0.48287169900944105,0.48626138387789053,0.5151378435883084,0.00794901873708675,0.51506847654102,0.5205404374701025,0.5151378435883084,0.00794901873708675,13,1.0
hyb,500,S3,SINE,5,10.0,500,20,0.396778425142932,0.3967782933085992,0.409593868583602,0.4023775850129092,0.0035252426873285544,0.4019230344257185,0.41955517915058893,0.4023775850129092,0.0035252426873285544,13,1.0
hyb,500,S3,MGCUBED,5,0.1,500,20,0.6656271406962956,0.6656281506922177,0.666293662270222,0.7275097924693565,0.025211865571749134,0.715402984229568,0.7413480579066146,0.7275097924693565,0.025211865571749134,26,0.9580986856778675
hyb,500,S4,MG,5,1.0,500,20,0.4056282251970623,0.4056390585874222,0.4180524385703141,0.4573283783949704,0.007077551050086597,0.4565452647857514,0.4713007603527263,0.4573283783949704,0.007077551050086597,2,1.0
hyb,500,S4,SINE,5,1.0,500,20,0.3461783220128335,0.34620834395724065,0.3529667431637665,0.37689201492149116,0.00548785769471417,0.3772545021662383,0.3821117941481309,0.37689201492149116,0.00548785769471417,2,0.9950561969800011
hyb,500,S4,MGCUBED,5,1.0,500,20,0.6692387592978445,0.6692392752167075,0.7001097983125181,0.6916545268455685,0.007810326627467174,0.6898139200112928,0.7211471324139949,0.6916545268455685,0.007810326627467174,496,1.0
hyb,5000,S0,MG,5,0.01,5000,20,0.31937411097601187,0.3193728048163032,0.3292751062317323,0.5625975382258555,0.02338144310288538,0.5742579952195921,0.5800666396129412,0.5625975382258555,0.02338144310288538,21,1.0
hyb,5000,S0,SINE,5,0.1,5000,20,0.3870254371214506,0.38702510066252427,0.3930144037579176,0.4653155526651399,0.011113048546775865,0.4620037016943413,0.46181469310944967,0.4653155526651399,0.011113048546775865,21,0.9615384615384616
hyb,5000,S0,MGCUBED,5,0.1,5000,20,0.6117769042726058,0.6117725240636231,0.6455811416916224,0.7434632628261588,0.021032336642477827,0.7408009002229783,0.7565607502973654,0.7434632628261588,0.021032336642477827,21,1.0
hyb,5000,S1,MG,5,0.1,5000,20,0.34220276943178185,0.3421974669797466,0.35807675752938,0.43339050967036286,0.009382736545562629,0.4339245362516966,0.4507672538841926,0.43547780771410194,0.009647670652295276,21,1.0
hyb,5000,S1,SINE,5,0.1,5000,20,0.36448394576178267,0.36448379784643986,0.373948868629567,0.39614557659975846,0.006332980522241497,0.39628412448040096,0.40379035155303666,0.39632584082323996,0.005574802061622361,21,0.9615384615384616
hyb,5000,S1,MGCUBED,5,0.1,5000,20,0.5600358466123964,0.560027163619455,0.5787341436983592,0.6168872997066763,0.009071413275308826,0.614687393178541,0.6300214453576144,0.6146528545252974,0.009093172777148701,21,1.0
hyb,5000,S2,MG,5,0.01,5000,20,0.3178361641281945,0.31783568841776827,0.3115470167743115,0.4913904173688145,0.014394750347369915,0.5010269151350525,0.5013912817811701,0.4913904173688145,0.014394750347369915,13,1.0
hyb,5000,S2,SINE,5,0.1,5000,20,0.36255082057950433,0.3625509214839123,0.36675406973960134,0.39453757201707434,0.011080446122819634,0.3931727498200844,0.40141875719793996,0.39453757201707434,0.011080446122819634,13,1.0
hyb,5000,S2,MGCUBED,5,0.1,5000,20,0.5672422821277741,0.5672409138054432,0.5778746126094078,0.6587135263620285,0.016248343058332438,0.6633012146865607,0.6806128086474073,0.6587135263620285,0.016248343058332438,13,0.9995283203799734
hyb,5000,S3,MG,5,0.1,5000,20,0.3145388863617886,0.31453440008115446,0.32100435091764173,0.3691421533465997,0.006556066453371695,0.3684615879530127,0.3820064720669286,0.3689184329916585,0.005056675342682106,13,1.0
hyb,5000,S3,SINE,5,0.1,5000,20,0.3461498368529133,0.34614917333528594,0.35498868999023003,0.373727492846005,0.006097978822402264,0.37328094936623774,0.38745668085673224,0.3768801379646665,0.005830086381206067,13,1.0
hyb,5000,S3,MGCUBED,5,0.1,5000,20,0.540607639344765,0.540608347072223,0.5543504321502376,0.5843372503694293,0.010082393056448025,0.5873856131471511,0.5993313535903001,0.5836047527900846,0.008977493275430853,14,0.9881963779598028
hyb,5000,S4,MG,5,0.1,5000,20,0.3332572248770642,0.333267389386782,0.30922024147383376,0.35942599723153645,0.003646479681675423,0.36055932176177835,0.34957718138372706,0.35872698645044465,0.005627889691708973,2,1.0
hyb,5000,S4,SINE,5,0.01,5000,20,0.28580723877132425,0.28590058928183565,0.2944322261958701,0.3370311873136548,0.00768413034972912,0.3382068707834555,0.3486987517007384,0.3372836087049386,0.006160139190676121,2,0.9546889369211643
hyb,5000,S4,MGCUBED,5,0.1,5000,20,0.5454917378252153,0.5454895308244836,0.5600447220594246,0.587052960175352,0.009240835286919618,0.5863128432615862,0.6040175123805861,0.5888195096893207,0.009190046998538261,16,1.0
hyb,50000,S0,MG,5,0.001,50000,20,0.25340747353347753,0.2534023282276266,0.27807584674865143,0.3923357453769566,0.015315222628646938,0.3979661414659891,0.4068473356462219,0.3889185881690213,0.010606850937870792,21,1.0
hyb,50000,S0,SINE,5,0.01,50000,20,0.36848968841301244,0.36848947880738336,0.37890816562309515,0.40856619844308373,0.006797590150026019,0.40921213061455497,0.4149421568119763,0.40868918530742926,0.009165594700391192,21,0.9615384615384616
hyb,50000,S0,MGCUBED,5,0.001,50000,20,0.46959975285191197,0.4696004358828234,0.5206129247060389,0.5681946724008398,0.01855969235623284,0.5729165131605696,0.6232387456854486,0.5728733564492848,0.020856611946250266,21,1.0
hyb,50000,S1,MG,5,0.01,50000,20,0.2698392024304063,0.26983489307934844,0.2679979640206753,0.3075050264029958,0.005910218305162955,0.3060435986728077,0.31405707025592877,0.3064847913236589,0.004537619235781829,21,1.0
hyb,50000,S1,SINE,5,0.01,50000,20,0.3344319945086383,0.33443071191842744,0.34942678122744103,0.3607567972524867,0.005904620677584048,0.3598681617895539,0.3731850880332585,0.3595927187904261,0.004044633011654623,21,0.9615384615384616
hyb,50000,S1,MGCUBED,5,0.01,50000,20,0.4977105656105502,0.4977054837577665,0.533776816289715,0.5324944922083985,0.009269294437448825,0.5325552745657376,0.5557671793865525,0.5294549898799359,0.009591580150852918,21,1.0
hyb,50000,S2,MG,5,0.001,50000,20,0.23851006729590182,0.2385094761475666,0.2543239131752061,0.3565570530274498,0.010356579378422433,0.3517965319862898,0.35414415880216293,0.35557300083432863,0.008717516635968212,13,0.9992134144418993
hyb,50000,S2,SINE,5,0.1,50000,20,0.36098403521389344,0.3609839222128745,0.3662685766152537,0.36977605389719265,0.003681960414436394,0.36748417572314773,0.37439222392593874,0.367954872128137,0.003620757905058717,13,0.9959466581083481
hyb,50000,S2,MGCUBED,5,0.01,50000,20,0.49260278114080747,0.4926063298238174,0.5329134219753747,0.5449238255967727,0.01167310074806958,0.5442056284020335,0.5708057341806642,0.5450257127212618,0.013529534028564643,15,0.9902779613551191
hyb,50000,S3,MG,5,0.01,50000,20,0.25960921604928655,0.2596101975565836,0.25954257397595315,0.28255364610771744,0.0035520127634292515,0.2816205122105127,0.2864389992527895,0.281024751484283,0.003748522547410618,13,1.0
hyb,50000,S3,SINE,5,0.01,50000,20,0.3150117173475177,0.31501117594085676,0.3352181891994909,0.34049228296304646,0.005267474214754629,0.34245309697533943,0.3542404028320584,0.34108619939146784,0.00680125520441745,13,1.0
hyb,50000,S3,MGCUBED,5,0.01,50000,20,0.47946212792271303,0.4794658796981924,0.5261951067033368,0.5209723760312535,0.00915001436375017,0.5189500432091182,0.5561679029067375,0.515804567870161,0.008622262104196799,16,0.9841367948440005
hyb,50000,S4,MG,5,0.01,50000,20,0.25843105260522303,0.25843571707040147,0.25663607702611596,0.28229319449936396,0.005845457227603512,0.28109483796828433,0.28236819768515187,0.28315837669606236,0.003342852869154788,11,1.0
hyb,50000,S4,SINE,5,0.01,50000,20,0.286100429856287,0.28618306263257354,0.29523399519205323,0.3012221559557199,0.004038759931754757,0.30080968694741905,0.31111105031010877,0.3006302413408394,0.004817074601606764,2,1.0
hyb,50000,S4,MGCUBED,5,0.01,50000,20,0.503595450905303,0.5035950000550833,0.5265796945553203,0.5219724104202447,0.007343945989328837,0.5191577318042464,0.5408338204545209,0.5217682225652538,0.005243904797777835,15,0.9938845685903719
hyb,500000,S0,MG,5,0.0001,500000,20,0.19301782137817478,0.1930097494011149,0.20850506770789304,0.3003931764506599,0.008833894436968383,0.2983584706504279,0.31726973188679963,0.29996616508303514,0.0069927796890004645,21,1.0
hyb,500000,S0,SINE,5,0.001,500000,20,0.3465701734933154,0.34656938682157007,0.3605422711948451,0.3790033844448408,0.004824930000739876,0.3775545090659725,0.38684155412236376,0.3760968751692062,0.005667605958340127,21,0.9615384615384616
hyb,500000,S0,MGCUBED,5,0.001,500000,20,0.46959975285191197,0.4696004358828234,0.5206129247060389,0.4947449463825085,0.007970350278334601,0.49401945606177433,0.544959979843991,0.4907402679592738,0.008414336904039806,21,1.0
hyb,500000,S1,MG,5,0.001,500000,20,0.2404129576679949,0.24040959715448396,0.2378391485971545,0.25709256110633116,0.003127956388789506,0.2571177860514685,0.2558544538369021,0.2563496657616364,0.0028838579039715583,21,1.0
hyb,500000,S1,SINE,5,0.001,500000,20,0.31041578954328014,0.31041562174132664,0.3306085644693152,0.33755666813154095,0.004802229860330698,0.3346543791216102,0.34833708456905377,0.33554969637331916,0.005602720748925162,21,0.9615384615384616
hyb,500000,S1,MGCUBED,5,0.001,500000,20,0.4497883149549058,0.4497643755499781,0.4928512462575421,0.46535930389028407,0.008678057163518986,0.46698368396025874,0.5093294245684356,0.46795421043311985,0.004662128058264671,21,1.0
hyb,500000,S2,MG,5,0.0001,500000,20,0.17505380579424895,0.17505383114457324,0.21308990439208927,0.2725120694441059,0.005372437592428385,0.2727027899116702,0.2868272504418008,0.27317683153255357,0.007704511561980114,13,0.9981969854766836
hyb,500000,S2,SINE,5,0.001,500000,20,0.3144458531551901,0.3144442189555062,0.3251780696396813,0.35418037848771833,0.005915468403036307,0.35302577313703054,0.357954575021801,0.3542123724130895,0.00516580897748765,13,0.997941300609708
hyb,500000,S2,MGCUBED,5,0.001,500000,20,0.4566165785981881,0.4566196970556005,0.5120660200065558,0.4831784764696172,0.007766195792459159,0.4830989576062956,0.540834934420703,0.48348018502078344,0.006058821229163355,17,0.9718195472114577
hyb,500000,S3,MG,5,0.001,500000,20,0.2010687527917768,0.2010731365225004,0.21949605510090828,0.22394776124137214,0.003715156641721391,0.2237323415277031,0.23984858073566326,0.22386112710224934,0.0032415410462505482,13,0.9833240606270078
hyb,500000,S3,SINE,5,0.001,500000,20,0.29112235951991067,0.29112138093430573,0.30855998663312745,0.31131687263752966,0.0043088912691980836,0.3097875099647739,0.33337762882571453,0.3114906588739685,0.005001874718450923,13,0.9800097299193626
hyb,500000,S3,MGCUBED,5,0.001,500000,20,0.4354877841954692,0.4354932427526463,0.488933381361439,0.4551662903214922,0.005960818647003675,0.4562258071773041,0.5110116489389919,0.45397984605308156,0.007128069927982866,15,0.9772789564962061
hyb,500000,S4,MG,5,0.001,500000,20,0.2061927375611291,0.2061771710231364,0.21719371770481286,0.225607005109205,0.003844748837167712,0.22557350826172354,0.2343460000117862,0.22504795288923538,0.0039985419918290325,10,1.0
hyb,500000,S4,SINE,5,0.001,500000,20,0.27244272554499305,0.2724298219787564,0.2761903687080221,0.28087084553138075,0.0030667795222016183,0.28064333983981793,0.2861410935018661,0.2805489600454319,0.002314933842541159,2,1.0
hyb,500000,S4,MGCUBED,5,0.001,500000,20,0.4398050594991044,0.4398119260363504,0.48952621213960734,0.45619422198906195,0.005731500556738855,0.45733315854540163,0.50840965094386,0.45584935353916817,0.006039463479337078,16,0.9986307208841017
