mode,N_R,task,L,objective_mean,objective_sd_over_seeds,held_mean,n_seeds,lam_values
det,0,MG,1,0.3619208031451826,0.0,0.37584732747601335,1,1e-06
det,0,MG,2,0.21530393675635845,0.0,0.22163358109155296,1,1e-06
det,0,MG,3,0.1893861256544605,0.0,0.19985903746020545,1,1e-06
det,0,MG,4,0.13105008672189883,0.0,0.13980986790653918,1,1e-06
det,0,MG,5,0.12154098398610672,0.0,0.12945343537616683,1,1e-06
det,0,SINE,1,0.32022418349050213,0.0,0.3306040147711789,1,1e-06
det,0,SINE,2,0.29573696022373414,0.0,0.30043821689057804,1,1e-06
det,0,SINE,3,0.2940693608228934,0.0,0.29845928953412904,1,1e-06
det,0,SINE,4,0.29309863502811384,0.0,0.29738384000326323,1,1e-06
det,0,SINE,5,0.2928940114292218,0.0,0.2974288948781531,1,1e-06
det,0,MGCUBED,1,0.6362333241381113,0.0,0.6952439984236946,1,1e-06
det,0,MGCUBED,2,0.5123370238396343,0.0,0.561301305746387,1,1e-06
det,0,MGCUBED,3,0.4712462763617959,0.0,0.5285910384053067,1,1e-06
det,0,MGCUBED,4,0.36889737205259804,0.0,0.41834298229174727,1,1e-06
det,0,MGCUBED,5,0.3464571269528046,0.0,0.39571283151856046,1,1e-06
hyb,500,MG,1,0.7936284060715838,0.004445383355532842,0.7819952210069224,5,1e-01 1e-01 1e-01 1e-01 1e-01
hyb,500,MG,2,0.7276578040452054,0.004199239206959261,0.7246389719082303,5,1e-01 1e-01 1e-01 1e+00 1e-01
hyb,500,MG,3,0.6972216681679936,0.001118260364405074,0.6993850409053907,5,1e+00 1e+00 1e+00 1e+00 1e+00
hyb,500,MG,4,0.6869004700032235,0.0015331713508550757,0.6932252714868691,5,1e+00 1e+00 1e+00 1e+00 1e+00
hyb,500,MG,5,0.6844734787524165,0.002110717087592835,0.6928302729854809,5,1e+00 1e+00 1e+00 1e+00 1e+00
hyb,500,SINE,1,0.5471087921913388,0.0010395984825674518,0.5896632356744409,5,1e+00 1e+00 1e+00 1e+00 1e+00
hyb,500,SINE,2,0.5425170328539264,0.0009526823800356494,0.5825078602922957,5,1e+00 1e+00 1e+00 1e+00 1e+00
hyb,500,SINE,3,0.5381749599838205,0.0009111265595688675,0.5753786553437421,5,1e+00 1e+00 1e+00 1e+00 1e+00
hyb,500,SINE,4,0.5341172053790659,0.0013834642639750667,0.5686107550203471,5,1e+00 1e+00 1e+00 1e+00 1e+00
hyb,500,SINE,5,0.530433582270454,0.0015010145349022815,0.5628160956499865,5,1e+00 1e+00 1e+00 1e+00 1e+00
hyb,500,MGCUBED,1,0.9236620522469404,0.003066457624745212,0.9306694668411507,5,1e-01 1e-01 1e-01 1e-01 1e-01
hyb,500,MGCUBED,2,0.8839350368095711,0.0029862192261060445,0.8993395337817213,5,1e+00 1e-01 1e+00 1e+00 1e+00
hyb,500,MGCUBED,3,0.8631775794439808,0.0029500872513116964,0.8881221757350453,5,1e+00 1e+00 1e+00 1e+00 1e+00
hyb,500,MGCUBED,4,0.8531147345854162,0.003616064613513194,0.8836362015465709,5,1e+00 1e+00 1e+00 1e+00 1e+00
hyb,500,MGCUBED,5,0.8451267449362287,0.00433186007713933,0.879448725907962,5,1e+00 1e+00 1e+00 1e+00 1e+00
hyb,5000,MG,1,0.6137799730868594,0.002376703516171998,0.6178557106632911,5,1e-02 1e-02 1e-02 1e-02 1e-02
hyb,5000,MG,2,0.5950729331875774,0.003126519025060313,0.6031521528219367,5,1e-02 1e-02 1e-02 1e-02 1e-02
hyb,5000,MG,3,0.5906086838262387,0.0035855240627309807,0.5975015853793878,5,1e-02 1e-02 1e-02 1e-02 1e-02
hyb,5000,MG,4,0.5805041777746793,0.004134537020289298,0.5856073805990102,5,1e-02 1e-02 1e-02 1e-02 1e-02
hyb,5000,MG,5,0.5658387456960478,0.0037533758933534834,0.5710897425357273,5,1e-02 1e-02 1e-02 1e-02 1e-02
hyb,5000,SINE,1,0.5092163222621864,0.0005588275850650699,0.5369504661178953,5,1e-02 1e-02 1e-02 1e-02 1e-02
hyb,5000,SINE,2,0.48603326631587274,0.001101868542500348,0.5072014535905048,5,1e-01 1e-01 1e-01 1e-01 1e-01
hyb,5000,SINE,3,0.4727359267991144,0.0019124265187298545,0.48809185144212697,5,1e-01 1e-01 1e-01 1e-01 1e-01
hyb,5000,SINE,4,0.46492638195675656,0.0023371337682576857,0.4763496670625634,5,1e-01 1e-01 1e-01 1e-01 1e-01
hyb,5000,SINE,5,0.4601559516686579,0.0024767420957602457,0.46912913639035586,5,1e-01 1e-01 1e-01 1e-01 1e-01
hyb,5000,MGCUBED,1,0.8181008878045621,0.0017360691196182858,0.8460227839742377,5,1e-02 1e-02 1e-01 1e-02 1e-02
hyb,5000,MGCUBED,2,0.8038312750293071,0.003022527040196857,0.8348818591881062,5,1e-02 1e-02 1e-01 1e-02 1e-01
hyb,5000,MGCUBED,3,0.7898008076257709,0.00404834010762817,0.8216087459825689,5,1e-01 1e-02 1e-01 1e-02 1e-01
hyb,5000,MGCUBED,4,0.7687095577576235,0.005425198692777291,0.7993664565281767,5,1e-01 1e-02 1e-01 1e-02 1e-01
hyb,5000,MGCUBED,5,0.7418485205528531,0.005674949293608094,0.7743800074547179,5,1e-01 1e-01 1e-01 1e-01 1e-01
hyb,50000,MG,1,0.4837811285678011,0.0038603735123903422,0.48580929296546027,5,1e-03 1e-03 1e-03 1e-03 1e-03
hyb,50000,MG,2,0.45487038009711084,0.004844343317150345,0.4526171973079349,5,1e-03 1e-03 1e-03 1e-03 1e-03
hyb,50000,MG,3,0.4210606582596423,0.0060873925944774756,0.4206518396478931,5,1e-03 1e-03 1e-03 1e-03 1e-03
hyb,50000,MG,4,0.40050130766813735,0.006930847719863321,0.4035271036210632,5,1e-03 1e-03 1e-03 1e-03 1e-03
hyb,50000,MG,5,0.38941675516360663,0.0074324937003178255,0.3935327078996227,5,1e-03 1e-03 1e-03 1e-03 1e-03
hyb,50000,SINE,1,0.4348739740690058,0.0019913385968216564,0.4410189385863595,5,1e-02 1e-02 1e-02 1e-02 1e-02
hyb,50000,SINE,2,0.42032665287891424,0.0026295865063830416,0.42227785619824537,5,1e-02 1e-02 1e-02 1e-02 1e-02
hyb,50000,SINE,3,0.41360657068609913,0.0032603654713579205,0.4147748849651772,5,1e-02 1e-02 1e-02 1e-02 1e-02
hyb,50000,SINE,4,0.4094550594100526,0.003510832961219737,0.410745976812615,5,1e-02 1e-02 1e-02 1e-02 1e-02
hyb,50000,SINE,5,0.4061843935735475,0.003639286909221053,0.40802694623846275,5,1e-02 1e-02 1e-02 1e-02 1e-02
hyb,50000,MGCUBED,1,0.7237276515141092,0.0032270656722765863,0.7620940616740977,5,1e-03 1e-03 1e-03 1e-03 1e-03
hyb,50000,MGCUBED,2,0.6824775852770067,0.004463825932071526,0.7234480262138494,5,1e-03 1e-03 1e-03 1e-03 1e-03
hyb,50000,MGCUBED,3,0.632862668614265,0.004656223192382865,0.6784616843438407,5,1e-03 1e-03 1e-03 1e-03 1e-03
hyb,50000,MGCUBED,4,0.5946898898292328,0.004642099834145048,0.6450513814033776,5,1e-03 1e-03 1e-03 1e-03 1e-03
hyb,50000,MGCUBED,5,0.5663954277938497,0.004746619014284806,0.6193140457508776,5,1e-03 1e-02 1e-03 1e-03 1e-02
hyb,500000,MG,1,0.411229243122296,0.0006807511335489561,0.4191229435863382,3,1e-04 1e-04 1e-04
hyb,500000,MG,2,0.3308827494717563,0.002750804900602018,0.331265389202136,3,1e-04 1e-04 1e-04
hyb,500000,MG,3,0.3115763795089915,0.003586265322647502,0.3119688100892835,3,1e-04 1e-04 1e-04
hyb,500000,MG,4,0.30638443436854856,0.003613426220741664,0.30558124019536237,3,1e-04 1e-04 1e-04
hyb,500000,MG,5,0.30065960156052585,0.0034742017468715864,0.2990766311710369,3,1e-04 1e-04 1e-03
hyb,500000,SINE,1,0.3998914851953131,0.0011926220976939753,0.39717878449043553,3,1e-03 1e-03 1e-03
hyb,500000,SINE,2,0.39133918293675457,0.001710144130078521,0.38979140212808433,3,1e-03 1e-03 1e-03
hyb,500000,SINE,3,0.3854035337448075,0.0023738665907694417,0.3852738526119516,3,1e-03 1e-03 1e-03
hyb,500000,SINE,4,0.38091102253443093,0.002900849324678202,0.3826864427728668,3,1e-03 1e-03 1e-03
hyb,500000,SINE,5,0.3774808748126512,0.0031072920603576536,0.38121204235755485,3,1e-03 1e-03 1e-03
hyb,500000,MGCUBED,1,0.6584611110805723,0.0018044314669534544,0.7135307020690417,3,1e-04 1e-04 1e-04
hyb,500000,MGCUBED,2,0.578051509971844,0.0029589946826964974,0.6291553255011211,3,1e-04 1e-04 1e-04
hyb,500000,MGCUBED,3,0.5433546995854747,0.002454490686815743,0.5951020013300264,3,1e-04 1e-04 1e-03
hyb,500000,MGCUBED,4,0.515507982631245,0.002358279521066305,0.5680314816231753,3,1e-03 1e-03 1e-03
hyb,500000,MGCUBED,5,0.49273910927439796,0.0023182580961166165,0.5425412442390963,3,1e-03 1e-03 1e-03
