group,set,search_seed,eval_index,is_finite,task,mode,node,N_R,R,seed,k_on,k_off,T,distance,N_max,D,L,lam_best,objective,opt_sd,held,held_sd,train,opt_lam_1e-06,held_lam_1e-06,opt_lam_1e-05,held_lam_1e-05,opt_lam_1e-04,held_lam_1e-04,opt_lam_1e-03,held_lam_1e-03,opt_lam_1e-02,held_lam_1e-02,opt_lam_1e-01,held_lam_1e-01,opt_lam_1e+00,held_lam_1e+00,opt_lam_1e+01,held_lam_1e+01,opt_lam_1e+02,held_lam_1e+02,opt_lam_1e+03,held_lam_1e+03,KD_nM,tau_D_over_T,phi_ISI,koff_T,c_peak,c_mean,c_peak_over_KD,c_mean_over_KD,tauR_mean_over_T,tauR_peak_over_T,occ_mean,occ_std,occ_max,occ_frac_above_0p8,occ_frac_above_0p9,contrast_within,contrast_between,binomial_sd_mean,snr_within,shell_molecules_peak,shell_molecules_mean,history_symbols,dt,n_sub,seconds,running_min
wide,S1,1,1,1,MG,det,sample,0,1,0,1.4109351288299624e-19,4.259775844750624,1.25,7.07e-06,10100.0,3.16e-11,3,1e-06,0.19462959247175354,0.0,0.20580778805151145,0.0,0.19419698480521513,0.19462959247175354,0.20580778805151145,0.22515179683169048,0.23973788261887582,0.2682364631967751,0.281107782977388,0.36114957954685306,0.36852525304971223,0.41861904368929875,0.42479186683077474,0.4674374513039606,0.46801397841334935,0.7521470481703527,0.7397454172860111,0.9099398428503684,0.8962384584719888,0.9873867998293135,0.9769524735632578,1.6772784252543635,1.6440946445148288,50.13358915712662,0.21090675105485235,0.5736407405901451,5.3247198059382805,3.449056891438664e+18,1.425334035277529e+18,0.11424064802519603,0.04721032124655756,0.1793367629859562,0.16854824809226862,0.044743060097762036,0.01803979594208619,0.08758830351138137,0.0,0.0,0.01995850252267915,0.016571622125411734,inf,0.0,83.33246316801024,34.43741281615457,21,0.001,25,0.1699059009552002,0.19462959247175354
wide,S1,1,2,1,MG,det,sample,0,1,0,1.7657575687011948e-19,26.37599961890852,1.25,7.07e-06,10100.0,3.16e-11,5,1e-06,0.22276065633887368,0.0,0.2341156428920828,0.0,0.2227348634518449,0.22276065633887368,0.2341156428920828,0.2668768944774241,0.28116185763731105,0.3205350548447756,0.33221931307481656,0.4167465305047023,0.4238857908733945,0.46705249296515194,0.47156023317618717,0.6763202091998876,0.6703118559989454,0.9185128539072926,0.9102954335001983,0.9818156061201383,0.9779044676583883,1.0611720804276528,1.053763049976741,1.8047975429115442,1.7663807402800202,248.04298494484743,0.21090675105485235,0.5736407405901451,32.96999952363565,3.449056891438664e+18,1.425334035277529e+18,0.023089924169444078,0.009541986643472895,0.030043925283468127,0.029646078316980008,0.00943269812743707,0.004355491740143114,0.02207443241147073,0.0,0.0,0.007006935032772825,0.003591854292303616,inf,0.0,83.33246316801024,34.43741281615457,21,0.001,25,0.05488896369934082,0.19462959247175354
wide,S1,1,3,1,MG,det,sample,0,1,0,6.844534069703503e-19,20.97705201944242,1.25,7.07e-06,10100.0,3.16e-11,2,1e-06,0.23835168142832483,0.0,0.2533707732964694,0.0,0.23815527929974353,0.23835168142832483,0.2533707732964694,0.2603768922131498,0.27381469582706885,0.3423482304225621,0.349777592793691,0.3875654182797508,0.3938828743523791,0.40360813620070857,0.40947493797927115,0.5442858532987641,0.5374362371150927,0.8235806167120627,0.8067056853204598,0.9012998386300961,0.8877804330144786,0.9911673356697572,0.9818421742712704,1.715619093822618,1.6807011062967296,50.89201695497018,0.21090675105485235,0.5736407405901451,26.221315024303028,3.449056891438664e+18,1.425334035277529e+18,0.11253815540866968,0.046506760607367435,0.036442108222098944,0.034279195225626224,0.04403659797901595,0.019588110417009294,0.09862815580542784,0.0,0.0,0.03089006031780409,0.016324459141172837,inf,0.0,83.33246316801024,34.43741281615457,21,0.001,25,0.04322195053100586,0.19462959247175354
wide,S1,1,4,1,MG,det,sample,0,1,0,8.080197988430527e-20,0.523983853685152,1.25,7.07e-06,10100.0,3.16e-11,5,1e-06,0.18158707330725063,0.0,0.1918886572506325,0.0,0.18102911981201383,0.18158707330725063,0.1918886572506325,0.20106200339867095,0.21449190188158657,0.26249421954958185,0.2809002581665432,0.309029332648453,0.3252824559694559,0.4156804680728464,0.4245509016521701,0.4950269207623888,0.5041695873248181,0.5382242408500432,0.5478352519196947,0.6363131326833673,0.6322443517920567,0.9658851839787636,0.9471256573500839,1.163255241494764,1.1469663573659044,10.768246778833008,0.21090675105485235,0.5736407405901451,0.65497981710644,3.449056891438664e+18,1.425334035277529e+18,0.5318687276369956,0.21979649036306576,1.2516551854297981,0.9966680400135404,0.17627093041104838,0.05799344467303545,0.2744623959735723,0.0,0.0,0.015286959698422774,0.057763096406664015,inf,0.0,83.33246316801024,34.43741281615457,21,0.001,25,0.04455304145812988,0.18158707330725063
wide,S1,1,5,1,MG,det,sample,0,1,0,4.883155060677686e-18,1.6750092980026061,1.25,7.07e-06,10100.0,3.16e-11,2,1e-06,0.2122264396136511,0.0,0.21841045898767,0.0,0.21216927097226607,0.2122264396136511,0.21841045898767,0.21944740748851693,0.2256099855759662,0.24455475150914371,0.25248176438685244,0.32614472562922897,0.33133224572291786,0.47301109128630225,0.47563892032803495,0.5856296026309692,0.5847773314850141,0.7194141018152811,0.7240204621154197,0.824967030019461,0.8155502248669864,0.9207147980192664,0.9098254158539703,0.9419987208540141,0.9323759198316625,0.5695945229367263,0.21090675105485235,0.5736407405901451,2.0937616225032576,3.449056891438664e+18,1.425334035277529e+18,10.055036490888636,4.155276699551064,0.09264474380372383,0.04320286861656696,0.7734889266060209,0.10178901021593709,0.905365457397288,0.51392,0.00368,0.09729556932606227,0.09663440739666554,inf,0.0,83.33246316801024,34.43741281615457,21,0.001,25,0.0432429313659668,0.18158707330725063
wide,S1,1,6,1,MG,det,sample,0,1,0,1.6747288477364972e-18,10.42219003992094,1.25,7.07e-06,10100.0,3.16e-11,4,1e-06,0.16168506442294747,0.0,0.16872405293636256,0.0,0.16107089892987775,0.16168506442294747,0.16872405293636256,0.19463614491635778,0.20389478985278053,0.21655597278983263,0.22626848261289015,0.2358145328399553,0.2456596994843611,0.3000535480619125,0.3079008464886209,0.43528898970543173,0.44295524971556466,0.4871337940111777,0.4929724601737533,0.6316461168481933,0.6219729751275118,0.9142046800750816,0.8940094111473351,1.0865757406766174,1.0706384630459425,10.333884049462485,0.21090675105485235,0.5736407405901451,13.027737549901175,3.449056891438664e+18,1.425334035277529e+18,0.5542246928382162,0.22903516606362473,0.06245492478547047,0.04938751726755122,0.1805424251426583,0.06883836926392023,0.34522024647040356,0.0,0.0,0.09916272133015104,0.059701930278571236,inf,0.0,83.33246316801024,34.43741281615457,21,0.001,25,0.04366612434387207,0.16168506442294747
wide,S1,1,7,1,MG,det,sample,0,1,0,1.4614421717980488e-17,0.9494035139458983,1.25,7.07e-06,10100.0,3.16e-11,3,1e-06,0.2207543418973393,0.0,0.2275726202864622,0.0,0.2218578683677409,0.2207543418973393,0.2275726202864622,0.2615749269425657,0.2585955877786973,0.35338699235636084,0.3567339885179129,0.4878865649142699,0.49109738390443347,0.653812389774527,0.6620267547535361,0.7806922984454524,0.7879596850757142,0.8508130925757889,0.8533808336509744,0.9315488817492587,0.9243587410088355,0.9741355810232085,0.9685432206468433,0.9810890569170431,0.9759929825084516,0.10787437613625588,0.21090675105485235,0.5736407405901451,1.186754392432373,3.449056891438664e+18,1.425334035277529e+18,53.09225339950013,21.94054727474256,0.036731222074234945,0.015577726633604082,0.9431180200987133,0.03742479667374914,0.981285961602673,0.98492,0.9014,0.03517395227151879,0.0355017224995211,inf,0.0,83.33246316801024,34.43741281615457,21,0.001,25,0.04417300224304199,0.16168506442294747
wide,S1,1,8,1,MG,det,sample,0,1,0,4.54225245945947e-19,0.2472969181762457,1.25,7.07e-06,10100.0,3.16e-11,3,1e-06,0.21388653116688155,0.0,0.21902205759531168,0.0,0.21333326705572203,0.21388653116688155,0.21902205759531168,0.23946535892360893,0.2413503447740127,0.26591214189534507,0.27026082613263286,0.32976468588269275,0.33880596947622843,0.464602711934785,0.47072020628945954,0.6513103354000411,0.662980444591727,0.7163568220651017,0.7302914529526906,0.7670590019142545,0.7658260937833493,0.9195426473279689,0.9086467293005848,0.9765052024177083,0.9666786740649451,0.9040584984838496,0.21090675105485235,0.5736407405901451,0.30912114772030713,3.449056891438664e+18,1.425334035277529e+18,6.335091946753489,2.6179974562709836,0.8941348566722281,0.44102755091367907,0.6954941088516593,0.10762447212071681,0.8237934383018762,0.05992,0.0,0.028762144634720047,0.10717827525955799,inf,0.0,83.33246316801024,34.43741281615457,21,0.001,25,0.04394721984863281,0.16168506442294747
wide,S1,1,9,1,MG,det,sample,0,1,0,2.478201561867058e-18,0.1485424327010865,1.25,7.07e-06,10100.0,3.16e-11,1,1e-06,0.40548317817606494,0.0,0.42619543755562905,0.0,0.4066702060456938,0.40548317817606494,0.42619543755562905,0.4241462519013913,0.43624593136009593,0.4722371663314183,0.4776289714628373,0.5242637675373689,0.5242114052857143,0.7262624677714344,0.7314968382764535,0.8461386157301714,0.8442357723692967,0.9330734816056748,0.9247642651385253,0.9707144623028738,0.9650940835787757,0.9763228520624864,0.9712892805933826,0.9818136488298075,0.9767022433625033,0.09953206245555102,0.21090675105485235,0.5736407405901451,0.1856780408763581,3.449056891438664e+18,1.425334035277529e+18,57.54219868292973,23.779501709892305,0.21734361484090758,0.09199631371472294,0.9488708729700849,0.0326879784562595,0.9805554812656617,0.99384,0.92332,0.01720083585493941,0.03217155202699277,inf,0.0,83.33246316801024,34.43741281615457,21,0.001,25,0.04355001449584961,0.16168506442294747
wide,S1,1,10,1,MG,det,sample,0,1,0,6.995338116323751e-18,62.393914774361996,1.25,7.07e-06,10100.0,3.16e-11,3,1e-06,0.19622716760036238,0.0,0.20660375693436417,0.0,0.1956482077220242,0.19622716760036238,0.20660375693436417,0.2040936832595931,0.21395591397263602,0.2150273214528493,0.2237113217611348,0.2588450151384398,0.2653895577987716,0.38956523694558115,0.39598605178926083,0.4407822739545651,0.447608116295421,0.4970648751083464,0.4961338315730192,0.775587625340798,0.7598730757104379,0.9243955561530216,0.9050434681115624,1.2110504083329698,1.1936350835878855,14.810939988014798,0.21090675105485235,0.5736407405901451,77.9923934679525,3.449056891438664e+18,1.425334035277529e+18,0.3866934656256582,0.15980233876216812,0.011055127900456763,0.009246285146717438,0.13421765709441316,0.055200333873134416,0.27675331673409653,0.0,0.0,0.08808043615922492,0.04620896317849584,inf,0.0,83.33246316801024,34.43741281615457,21,0.001,25,0.04486513137817383,0.16168506442294747
wide,S1,1,11,1,MG,det,sample,0,1,0,5e-20,0.1,1.25,7.07e-06,10100.0,3.16e-11,4,1e-06,0.22045593456991538,0.0,0.2336984416202128,0.0,0.22036077676433827,0.22045593456991538,0.2336984416202128,0.2747092573478314,0.29501122058472884,0.32972045070073047,0.352020374344678,0.42505755255390953,0.44309365675591317,0.5238520639499812,0.5417958757728962,0.5583664872882709,0.5801413995757143,0.582566564131138,0.6035610722494782,0.6837272220803745,0.6838247485456062,1.0221375757835889,1.007704884073759,1.1406542850568888,1.1268471816130055,3.321078134347694,0.21090675105485235,0.5736407405901451,0.125,3.449056891438664e+18,1.425334035277529e+18,1.724528445719332,0.7126670176387645,4.671077283329431,2.936287933630964,0.40474987925165884,0.0849075648425385,0.5347248098152337,0.0,0.0,0.011663841212163571,0.08481193072087272,inf,0.0,83.33246316801024,34.43741281615457,21,0.001,25,0.047711849212646484,0.16168506442294747
wide,S1,1,12,1,MG,det,sample,0,1,0,2e-17,100.0,1.25,7.07e-06,10100.0,3.16e-11,4,1e-06,0.1415843236971328,0.0,0.14695012181300673,0.0,0.14109099166620895,0.1415843236971328,0.14695012181300673,0.1896491158674665,0.19699704574593388,0.21679349805959744,0.2247717184955259,0.2368981495226896,0.24377888336442127,0.28172780211072473,0.28632380611658576,0.42883424146276766,0.435815381557515,0.4933790455086628,0.5000965724178323,0.605117868936527,0.5972361205036417,0.896013053909777,0.8760311225653453,1.0479792613225718,1.031784824663919,8.302695335869233,0.21090675105485235,0.5736407405901451,125.0,3.449056891438664e+18,1.425334035277529e+18,0.6898113782877329,0.2850668070555058,0.006225357277985047,0.004734256203261166,0.21346576798100145,0.08068019891009194,0.40605774823465035,0.0,0.0,0.1261622904022894,0.06845983967533469,inf,0.0,83.33246316801024,34.43741281615457,21,0.001,25,0.04349994659423828,0.1415843236971328
wide,S1,1,13,1,MG,det,sample,0,1,0,2.796702814020515e-19,1.6148090049915929,1.25,7.07e-06,10100.0,3.16e-11,3,1e-06,0.20055056109461952,0.0,0.20973039418375278,0.0,0.20001093717836574,0.20055056109461952,0.20973039418375278,0.206023546908812,0.21645558535386253,0.22830527611654203,0.24292074328132732,0.25945134734389214,0.2730179050902618,0.37509439879046974,0.38256282656797747,0.4614162000080339,0.4692585358990904,0.498934121100431,0.5012883789147105,0.7304848419592402,0.7168090084023098,0.9370944347717706,0.9169238486887201,1.102747350200641,1.087163184212121,9.587909824990785,0.21090675105485235,0.5736407405901451,2.018511256239491,3.449056891438664e+18,1.425334035277529e+18,0.5973453878561683,0.24685493424038935,0.39733140788690896,0.31014871938083466,0.19294494486616495,0.06485967776639144,0.3159020673349826,0.0,0.0,0.041361519716504286,0.06324563396305917,inf,0.0,83.33246316801024,34.43741281615457,21,0.001,25,0.04288983345031738,0.1415843236971328
wide,S1,1,14,1,MG,det,sample,0,1,0,1.2354960375867316e-19,58.06625657467028,1.25,7.07e-06,10100.0,3.16e-11,2,1e-06,0.35486355414119664,0.0,0.3618124268277357,0.0,0.354570333815871,0.35486355414119664,0.3618124268277357,0.382639995949174,0.3892744537405607,0.40564006913536366,0.40953115512897553,0.6412287368919306,0.629953125998494,0.85827610146249,0.8416572891113812,0.9284125268551918,0.9196997644816499,0.9856996094528537,0.983057885118177,0.9984322009985077,0.9964450351802915,1.0692627947827698,1.0620780509399967,1.8157853859606874,1.7768800093779809,780.4257123731284,0.21090675105485235,0.5736407405901451,72.58282071833784,3.449056891438664e+18,1.425334035277529e+18,0.007338678906059438,0.003032733047907684,0.013735708074525354,0.013676993744845775,0.0030215816228452838,0.0014158841008139393,0.007204565173741713,0.0,0.0,0.0023295376521867725,0.0011564329685502081,inf,0.0,83.33246316801024,34.43741281615457,21,0.001,25,0.04599499702453613,0.1415843236971328
wide,S1,1,15,1,MG,det,sample,0,1,0,7.745516829317895e-20,2.1835416131327583,1.25,7.07e-06,10100.0,3.16e-11,4,1e-06,0.19901856252026828,0.0,0.21174609228985003,0.0,0.19875491523079805,0.19901856252026828,0.21174609228985003,0.22761151035132063,0.2419932483108362,0.26813700616782693,0.282479790396709,0.3420200078073692,0.3496530881064334,0.4272739298121724,0.4334949106662081,0.465827001218087,0.47042106069023615,0.6499300910665561,0.6433342351382056,0.9022354033810531,0.8895511267667402,0.9908255455978364,0.9790741413911764,1.6291577762905625,1.5982190024347818,46.81232038231923,0.21090675105485235,0.5736407405901451,2.729427016415948,3.449056891438664e+18,1.425334035277529e+18,0.12234586250721842,0.050559827627019736,0.3487447867570265,0.32643882362860066,0.047780785512081037,0.01827287350628679,0.08668507591256944,0.0,0.0,0.013429961413377016,0.017643107584673384,inf,0.0,83.33246316801024,34.43741281615457,21,0.001,25,0.04341888427734375,0.1415843236971328
wide,S1,1,16,1,MG,det,sample,0,1,0,1.4331262197815344e-18,92.90513471338127,1.25,7.07e-06,10100.0,3.16e-11,2,1e-06,0.2631450040944429,0.0,0.2759586394928342,0.0,0.26307878678575625,0.2631450040944429,0.2759586394928342,0.3185073412715718,0.3273080310495963,0.37455818306846667,0.3808486841279288,0.3903579464366828,0.3969944126343293,0.4457334948176883,0.44568160143511093,0.7404563663148914,0.7256001555306315,0.8817895930350227,0.8663337603254395,0.9450098978771743,0.9380826829111921,1.0440699758317125,1.036423225299709,1.7904649587766706,1.7525761025202857,107.64760535616743,0.21090675105485235,0.5736407405901451,116.13141839172658,3.449056891438664e+18,1.425334035277529e+18,0.053204097705559915,0.02198676729983832,0.008425680699115482,0.008175940635579446,0.02141403506785495,0.009873673423501742,0.05002288552939534,0.0,0.0,0.01620541974518306,0.008081187257326346,inf,0.0,83.33246316801024,34.43741281615457,21,0.001,25,0.04306387901306152,0.1415843236971328
wide,S1,1,17,1,MG,det,sample,0,1,0,7.13090887014886e-18,0.13968553011053358,1.25,7.07e-06,10100.0,3.16e-11,4,1e-06,0.24636428698864216,0.0,0.2532014352401079,0.0,0.24752208738204318,0.24636428698864216,0.2532014352401079,0.31182616100491006,0.3197189062366733,0.45516225881810807,0.4604844973007594,0.6413581995235673,0.6539348912655523,0.7683151787162645,0.7786113607933974,0.864447833935256,0.874548884339725,0.9218416482153728,0.9200701143977214,0.9784987942471067,0.9746268003193904,0.9922467695376538,0.9893446699674071,0.9941736350856274,0.9913176739915659,0.03252787044277396,0.21090675105485235,0.5736407405901451,0.17460691263816697,3.449056891438664e+18,1.425334035277529e+18,176.07342980583599,72.76292044739962,0.07764267034756833,0.03234336242569692,0.9820090522759846,0.01274339354506101,0.9941639076628227,1.0,1.0,0.009762778828608923,0.012308858493847698,inf,0.0,83.33246316801024,34.43741281615457,21,0.001,25,0.04613304138183594,0.1415843236971328
wide,S1,1,18,1,MG,det,sample,0,1,0,9.885633415464441e-18,0.5037555699408968,1.25,7.07e-06,10100.0,3.16e-11,4,1e-06,0.2115065421941698,0.0,0.21870546582033415,0.0,0.21228635913448224,0.2115065421941698,0.21870546582033415,0.2535772562913896,0.25415052565239094,0.3407254125504735,0.34774285646812764,0.48465081184811654,0.491183633268186,0.6589971678038532,0.6731577736185096,0.7832568466391054,0.7931794058239897,0.86210027648484,0.8694877083134188,0.9279988286350478,0.9225708079615627,0.9778180284810379,0.9728928251724688,0.9868657181575268,0.982538615427511,0.08461833137416476,0.21090675105485235,0.5736407405901451,0.6296944624261209,3.449056891438664e+18,1.425334035277529e+18,67.68384131582764,27.970568680742257,0.05481672756541143,0.023121475741068237,0.9548200063308973,0.03026274267784942,0.9851527609648487,0.99772,0.9404,0.026287687907045578,0.028941403489358652,inf,0.0,83.33246316801024,34.43741281615457,21,0.001,25,0.07224130630493164,0.1415843236971328
wide,S1,1,19,1,MG,det,sample,0,1,0,5.818263346534103e-19,36.24737855858196,1.25,7.07e-06,10100.0,3.16e-11,4,1e-06,0.2004323250050488,0.0,0.21130947663477412,0.0,0.20000291459245076,0.2004323250050488,0.21130947663477412,0.23238164495989502,0.2451137501805427,0.28585240025259945,0.2983705026702103,0.3704100604164102,0.37848062673649147,0.43270814454589834,0.43880011430443305,0.5188158441534523,0.5172727962122182,0.8218913492777905,0.8102584583435539,0.9420387456326454,0.9332371568926008,1.0325797443226836,1.0243009685535727,1.7653487292965673,1.7285995375620171,103.45043631450582,0.21090675105485235,0.5736407405901451,45.30922319822744,3.449056891438664e+18,1.425334035277529e+18,0.055362683012058066,0.022878809734116188,0.021576907600069545,0.02091277427084275,0.02226040972379364,0.010202769644697669,0.05168397741156628,0.0,0.0,0.016569902725717543,0.008394040515599197,inf,0.0,83.33246316801024,34.43741281615457,21,0.001,25,0.04432988166809082,0.1415843236971328
wide,S1,1,20,1,MG,det,sample,0,1,0,2e-17,0.326633469945645,1.25,7.07e-06,10100.0,3.16e-11,2,1e-06,0.30612961169329156,0.0,0.3091742757125688,0.0,0.3072817628634151,0.30612961169329156,0.3091742757125688,0.4140563817507634,0.41490580467585747,0.58257362206673,0.5851492637575252,0.7265113524618221,0.73101296433261,0.8258831749240694,0.8312359716638887,0.896274687829328,0.8899539352858323,0.9730035646435691,0.9682089423330518,0.9902239528540091,0.9871677677893028,0.9921920509004888,0.989337866393254,0.9936064049683323,0.9905646182368681,0.0271193818745649,0.21090675105485235,0.5736407405901451,0.40829183743205627,3.449056891438664e+18,1.425334035277529e+18,211.18820995365974,87.27421813292548,0.027745683175050127,0.011542717144257485,0.9847007521456087,0.011162407244665192,0.9952363789142005,1.0,1.0,0.010197775715342978,0.010593961079498847,inf,0.0,83.33246316801024,34.43741281615457,21,0.001,25,0.04678678512573242,0.1415843236971328
wide,S1,1,21,1,MG,det,sample,0,1,0,2e-17,100.0,1.25,7.07e-06,10100.0,3.16e-11,5,1e-06,0.11570713219179402,0.0,0.12185684278777811,0.0,0.11530378294610939,0.11570713219179402,0.12185684278777811,0.1517144341192335,0.1577189324369505,0.21252577242371465,0.22035207530505604,0.23834837167325118,0.24696341245460346,0.2651472387267094,0.271432732313298,0.3876770125985822,0.3945088772959494,0.496272410418823,0.5042259355896777,0.5699402563657009,0.5666440333177454,0.8710061937693154,0.8516707768460675,1.057107194718821,1.0402476672020402,8.302695335869233,0.21090675105485235,0.5736407405901451,125.0,3.449056891438664e+18,1.425334035277529e+18,0.6898113782877329,0.2850668070555058,0.006225357277985047,0.004734256203261166,0.21346576798100145,0.08068019891009194,0.40605774823465035,0.0,0.0,0.1261622904022894,0.06845983967533469,inf,0.0,83.33246316801024,34.43741281615457,21,0.001,25,0.04548788070678711,0.11570713219179402
wide,S1,1,22,1,MG,det,sample,0,1,0,2e-17,24.292628711807353,1.25,7.07e-06,10100.0,3.16e-11,5,1e-06,0.08904641980753737,0.0,0.09594363204978613,0.0,0.09047068988050766,0.08904641980753737,0.09594363204978613,0.11884210079873937,0.12247818493161633,0.17321901345957402,0.1760798035128979,0.22744150146515826,0.2289578777401433,0.2985250754016467,0.3002307069148082,0.3582135082265491,0.36074346524612866,0.5285877813062617,0.5348523555199485,0.6391517242633865,0.6469669046517743,0.777328970048119,0.7667343966124253,0.9636903072168079,0.9493718861993284,2.0169429510152592,0.21090675105485235,0.5736407405901451,30.36578588975919,3.449056891438664e+18,1.425334035277529e+18,2.8395913281811795,1.173470398931961,0.015151713324057181,0.008576902484708214,0.5085621616771181,0.12943937131252892,0.737527667504576,0.0,0.0,0.18003253628201515,0.1154517427466076,inf,0.0,83.33246316801024,34.43741281615457,21,0.001,25,0.0456540584564209,0.08904641980753737
wide,S1,1,23,1,MG,det,sample,0,1,0,2e-17,7.754679804027662,1.25,7.07e-06,10100.0,3.16e-11,5,1e-06,0.10434531516477857,0.0,0.11080302114677051,0.0,0.10508522991291162,0.10434531516477857,0.11080302114677051,0.14022077359688803,0.1445505312378723,0.19540843560857532,0.19762242161007584,0.2639020623350622,0.2674935532488273,0.35472679868140666,0.3544726973148143,0.48140198830685516,0.4857924455284862,0.6387041058237013,0.6444584989841045,0.7518877958086257,0.7618980211834945,0.8391642967732886,0.8322329336375184,0.9553565840413129,0.9455491437422151,0.643847438400598,0.21090675105485235,0.5736407405901451,9.693349755034577,3.449056891438664e+18,1.425334035277529e+18,8.895420516646677,3.676061607436667,0.02206205141665008,0.010425379238521826,0.7501134423659637,0.11002870417023651,0.8979767930427094,0.38916,0.0,0.13080043593430837,0.10157080939314324,inf,0.0,83.33246316801024,34.43741281615457,21,0.001,25,0.048341989517211914,0.08904641980753737
wide,S1,1,24,1,MG,det,sample,0,1,0,7.109454662179315e-18,25.03089916825469,1.25,7.07e-06,10100.0,3.16e-11,5,1e-06,0.10804203611970341,0.0,0.11358015003267759,0.0,0.10791894672869447,0.10804203611970341,0.11358015003267759,0.1370450491106685,0.14264952828478047,0.20126785192602054,0.20844118949939752,0.24124261419202994,0.2484627011261914,0.265708068652414,0.2719056084719676,0.3607266144080103,0.36624584524315407,0.503610303785329,0.5121243965516432,0.5689458457516767,0.5688997442887561,0.8323908944303376,0.8143525582979013,1.0249519345023665,1.007716510086538,5.846409876764738,0.21090675105485235,0.5736407405901451,31.288623960318365,3.449056891438664e+18,1.425334035277529e+18,0.9796257590322135,0.40483354729494697,0.022750380605212107,0.01614471712247012,0.2753181605976166,0.0964670369629417,0.49174046276186456,0.0,0.0,0.14603344513906585,0.08313661216372713,inf,0.0,83.33246316801024,34.43741281615457,21,0.001,25,0.04570508003234863,0.08904641980753737
wide,S1,1,25,1,MG,det,sample,0,1,0,2e-17,13.246000698202366,1.25,7.07e-06,10100.0,3.16e-11,1,1e-06,0.3103911480683553,0.0,0.3089654777484314,0.0,0.3093652828427634,0.3103911480683553,0.3089654777484314,0.3228384713117218,0.32419705351986855,0.3627425913725607,0.3663962118279553,0.43872791684719653,0.4415737635462829,0.49411468634750555,0.49414101976640834,0.5915363110128254,0.5908839096110179,0.7436560215557098,0.7438331917015368,0.8540776301949499,0.8418580712176739,0.8986343199260587,0.8847923937896276,0.9242097259190035,0.9127753741780176,1.099775082158854,0.21090675105485235,0.5736407405901451,16.557500872752957,3.449056891438664e+18,1.425334035277529e+18,5.207695469783179,2.1520971767289176,0.019160446062467546,0.009729147995798855,0.6455186616550698,0.1260161192925295,0.8374815159805149,0.05148,0.0,0.16184759603642085,0.11469181218532207,inf,0.0,83.33246316801024,34.43741281615457,21,0.001,25,0.04272818565368652,0.08904641980753737
wide,S1,1,26,1,MG,det,sample,0,1,0,5.145316407440657e-19,0.1,1.25,7.07e-06,10100.0,3.16e-11,5,1e-06,0.166785103073391,0.0,0.1738186541143709,0.0,0.1672459232131756,0.166785103073391,0.1738186541143709,0.21297152130747413,0.2172300229214624,0.2800681715251298,0.2826767602560177,0.38395209979267997,0.3867233879304825,0.5929163860832372,0.6069652115144814,0.7383638580154249,0.7515961363040795,0.8024303953318344,0.8174175766329598,0.837350439859665,0.8442312525520332,0.9291251545677198,0.9227694000797131,0.9881121478234095,0.9815888612780571,0.32272827085474015,0.21090675105485235,0.5736407405901451,0.125,3.449056891438664e+18,1.425334035277529e+18,17.746489013715628,7.33379459779707,0.9599468652748767,0.42674657607335975,0.8595025756008261,0.0674134217534186,0.9290493536220575,0.85032,0.34184,0.01545708100963823,0.06718783933326797,inf,0.0,83.33246316801024,34.43741281615457,21,0.001,25,0.043341636657714844,0.08904641980753737
wide,S1,1,27,1,MG,det,sample,0,1,0,1.5602971314163263e-18,1.7111806171408248,1.25,7.07e-06,10100.0,3.16e-11,5,1e-06,0.11845848103845669,0.0,0.1261757943410923,0.0,0.11818641136780923,0.11845848103845669,0.1261757943410923,0.14913129162457098,0.15708719009600014,0.1840193370750717,0.19212913507008636,0.24583276433451196,0.24934900644094504,0.31386352686869273,0.32221329641798757,0.398649522508095,0.4084173771747612,0.569561029183574,0.5789547996541612,0.6592301143706885,0.6661736462280825,0.7943257680517131,0.7831233599060821,0.9700485296400748,0.9562635763556283,1.8211161249612102,0.21090675105485235,0.5736407405901451,2.138975771426031,3.449056891438664e+18,1.425334035277529e+18,3.144936028316743,1.2996550944280372,0.20329721534221892,0.11279148188316539,0.5375394634981423,0.12212441084406019,0.7305783503329287,0.0,0.0,0.1029305781597111,0.11713892229354352,inf,0.0,83.33246316801024,34.43741281615457,21,0.001,25,0.04620981216430664,0.08904641980753737
wide,S1,1,28,1,MG,det,sample,0,1,0,5.56759324611534e-18,3.7760656856668704,1.25,7.07e-06,10100.0,3.16e-11,5,1e-06,0.09531858312479184,0.0,0.1043102376819252,0.0,0.09661634080039465,0.09531858312479184,0.1043102376819252,0.12626880728799014,0.13531339024536013,0.17731659950306725,0.18532881742687035,0.22098585778891186,0.22746725558465486,0.3109937464440048,0.31499913707491595,0.4214460531398035,0.42959439436068714,0.5793301178836269,0.5867500720791926,0.699268898777954,0.7088761108286331,0.8034140481694321,0.7954480542265285,0.9543614436528831,0.9425771126700419,1.1262145623945135,0.21090675105485235,0.5736407405901451,4.720082107083588,3.449056891438664e+18,1.425334035277529e+18,5.085437450712711,2.1015736506892937,0.06830749329292067,0.03481437826908332,0.6422290112116498,0.12386244550233577,0.8308766455157685,0.03064,0.0,0.14204397758421647,0.1147864594273008,inf,0.0,83.33246316801024,34.43741281615457,21,0.001,25,0.04577803611755371,0.08904641980753737
wide,S1,1,29,1,MG,det,sample,0,1,0,2e-17,2.240075561849828,1.25,7.07e-06,10100.0,3.16e-11,5,1e-06,0.1526389818810199,0.0,0.15944564527390606,0.0,0.1532713473188057,0.1526389818810199,0.15944564527390606,0.20787252748663967,0.21381288055982,0.2698680027860231,0.26779063394301833,0.38546629688142503,0.3913688650976821,0.5088295547526742,0.5120539971720149,0.6654676058151581,0.6749427888376156,0.7912291934888595,0.8010294429344633,0.8549477513668492,0.8590599243512705,0.9347886876019229,0.9275559752941552,0.9783097944006367,0.9721904551693473,0.18598664919365218,0.21090675105485235,0.5736407405901451,2.800094452312285,3.449056891438664e+18,1.425334035277529e+18,30.794112039599895,12.725767465634107,0.02601900483558355,0.011232608402952692,0.906994873549345,0.05679285435074077,0.9682195837192071,0.94104,0.70992,0.05770077145570648,0.05344324178025739,inf,0.0,83.33246316801024,34.43741281615457,21,0.001,25,0.044388771057128906,0.08904641980753737
wide,S1,1,30,1,MG,det,sample,0,1,0,5e-20,1.1124910586693806,1.25,7.07e-06,10100.0,3.16e-11,1,1e-06,0.3966162107468406,0.0,0.40656367237671837,0.0,0.3965974956119735,0.3966162107468406,0.40656367237671837,0.40228222456621016,0.41179891890214637,0.4047614703556846,0.4128475818022949,0.4070122143675162,0.41367042024085005,0.4606280091283175,0.4595966939304592,0.7557006479366136,0.7406920426837035,0.8890901462002807,0.8714384051254666,0.9182580347231021,0.9056681385316091,1.0025943193217512,0.993586590957013,1.7284354695461666,1.6930508152362427,36.94669729604197,0.21090675105485235,0.5736407405901451,1.3906138233367258,3.449056891438664e+18,1.425334035277529e+18,0.15501503875293993,0.06406047150537691,0.6758139433081299,0.6225952728223958,0.05969963588208055,0.022031167058924356,0.10214672149577599,0.0,0.0,0.009597301191627515,0.02177774595750418,inf,0.0,83.33246316801024,34.43741281615457,21,0.001,25,0.043115854263305664,0.08904641980753737
wide,S1,1,31,1,MG,det,sample,0,1,0,2e-17,18.322904899822426,1.25,7.07e-06,10100.0,3.16e-11,4,1e-06,0.10646904869704903,0.0,0.11209121966388733,0.0,0.1065155637649009,0.10646904869704903,0.11209121966388733,0.14145096715130456,0.14355138979144375,0.19014070725675625,0.19333392931602675,0.24687856626403387,0.24860755872886608,0.31618023723116306,0.31733918564954766,0.4092714092142525,0.40911812076019316,0.5857019291114668,0.5924802141430551,0.6672026779717558,0.6726727666639125,0.8166499260810692,0.8046399124313885,0.9520332604656567,0.938893465660312,1.5212949705133119,0.21090675105485235,0.5736407405901451,22.90363112477803,3.449056891438664e+18,1.425334035277529e+18,3.7647489961835587,1.555794829553847,0.01708321757833816,0.009163378636278967,0.5737615959385501,0.13006975979671537,0.7883780044460159,0.0,0.0,0.17463141510886357,0.11716220485264615,inf,0.0,83.33246316801024,34.43741281615457,21,0.001,25,0.05116081237792969,0.08904641980753737
wide,S1,1,32,1,MG,det,sample,0,1,0,3.0773729894703243e-18,7.083457805137019,1.25,7.07e-06,10100.0,3.16e-11,5,1e-06,0.10838247046476641,0.0,0.11479423255823955,0.0,0.10829094422199963,0.10838247046476641,0.11479423255823955,0.13784880014942558,0.14355685024819795,0.18628354538982397,0.19354135189625793,0.23543317262984728,0.24208663927339022,0.27778591458076746,0.28518299907648614,0.34790515119284965,0.353636530715793,0.515720178677492,0.5245222437872222,0.5893108545784447,0.5925440828286173,0.7980895701280608,0.7823435628832743,0.9979854134204429,0.981262881946093,3.8222075960093678,0.21090675105485235,0.5736407405901451,8.854322256421273,3.449056891438664e+18,1.425334035277529e+18,1.4984256007231926,0.619229277818923,0.06974873379260033,0.045204144488066894,0.3634631634619736,0.11166654404780352,0.588397802083112,0.0,0.0,0.1483819424300852,0.099861545320263,inf,0.0,83.33246316801024,34.43741281615457,21,0.001,25,0.04428219795227051,0.08904641980753737
wide,S1,1,33,1,MG,det,sample,0,1,0,9.70302918205985e-18,11.13093824814769,1.25,7.07e-06,10100.0,3.16e-11,5,1e-06,0.08702752404953336,0.0,0.09415145426637117,0.0,0.08848908627043824,0.08702752404953336,0.09415145426637117,0.1107492968917725,0.11591440947499738,0.16883947621445997,0.17322888386746335,0.2171155590129004,0.22039142076119675,0.29342738553136044,0.295825763185354,0.36355996071385277,0.3672127816556343,0.5332385132170372,0.5397867291055144,0.6452819624243848,0.6533204810788286,0.7791449580658526,0.7688531691405646,0.9625118932928971,0.9484458026407937,1.904905928709681,0.21090675105485235,0.5736407405901451,13.913672810184611,3.449056891438664e+18,1.425334035277529e+18,3.0066018624964657,1.2424880481914866,0.03205000315005663,0.01793833065402687,0.5223112942051945,0.1291530823708273,0.7477842843745088,0.0,0.0,0.17376278882699575,0.11607132106593605,inf,0.0,83.33246316801024,34.43741281615457,21,0.001,25,0.04276919364929199,0.08702752404953336
wide,S1,1,34,1,MG,det,sample,0,1,0,8.757953604995258e-18,7.928847546835866,1.25,7.07e-06,10100.0,3.16e-11,4,1e-06,0.10178221673823501,0.0,0.10866391696982346,0.0,0.10202554325708053,0.10178221673823501,0.10866391696982346,0.13222255224013846,0.13768502053090742,0.17927623733324685,0.1843042682938029,0.23633179970920534,0.24060415439712526,0.31025281190122744,0.3133295007907434,0.4110018043969234,0.41244315519204594,0.5871149113324378,0.594376833270329,0.669394841289632,0.6748778785704402,0.8181116992478837,0.8060661816434462,0.952736606427869,0.9396692553247226,1.5033376177828701,0.21090675105485235,0.5736407405901451,9.911059433544832,3.449056891438664e+18,1.425334035277529e+18,3.8097188850936416,1.5743787831515086,0.03919290655142913,0.020977813773844813,0.5771384428268064,0.12893646378292534,0.7892103124320162,0.0,0.0,0.16593129657320516,0.11708821866528411,inf,0.0,83.33246316801024,34.43741281615457,21,0.001,25,0.04365706443786621,0.08702752404953336
wide,S1,1,35,1,MG,det,sample,0,1,0,3.6572209330542936e-19,1.6026953826884824,1.25,7.07e-06,10100.0,3.16e-11,5,1e-06,0.14205121225576497,0.0,0.14891357155884286,0.0,0.14144713140651038,0.14205121225576497,0.14891357155884286,0.17854954038742826,0.18624472958668464,0.2102435141075188,0.21953389620754543,0.25434682691624866,0.27056337997240787,0.30939682551539927,0.32311067946552263,0.43761468461565406,0.4453744824895979,0.5165522640365307,0.5249420894660951,0.5824227060516979,0.5799806566393031,0.8800909489863947,0.8610256930906701,1.0672365216967061,1.0501354137551107,7.276941547829248,0.21090675105485235,0.5736407405901451,2.003369228360603,3.449056891438664e+18,1.425334035277529e+18,0.7870468211810181,0.32524967169166275,0.3766528829611131,0.27932066668295275,0.2380112292351828,0.07685540337178166,0.38030606985677556,0.0,0.0,0.05021783725904164,0.07486359198262753,inf,0.0,83.33246316801024,34.43741281615457,21,0.001,25,0.04575014114379883,0.08702752404953336
wide,S1,1,36,1,MG,det,sample,0,1,0,5.309195845375727e-20,99.99494104016576,1.25,7.07e-06,10100.0,3.16e-11,5,1e-06,0.3340763203439654,0.0,0.3448933745948692,0.0,0.3341197835220285,0.3340763203439654,0.3448933745948692,0.42706458122605584,0.4338649133049867,0.4792878328018703,0.4824271933832475,0.7385446623164925,0.7310483709933254,0.9379007209237431,0.930878496668913,0.9887651788048228,0.9862003413951967,0.997887401696146,0.9962258931304998,1.0000658736069208,0.9981959011997503,1.0697831743206936,1.062605711160074,1.816239159522767,1.7773157907053645,3127.507648103905,0.21090675105485235,0.5736407405901451,124.9936763002072,3.449056891438664e+18,1.425334035277529e+18,0.0018312644947843177,0.0007567760388326475,0.007994354801102834,0.007985780660675205,0.0007560874973728513,0.0003557085865498856,0.0018093399297176745,0.0,0.0,0.0005865493631607805,0.0002898913444483782,inf,0.0,83.33246316801024,34.43741281615457,21,0.001,25,0.04359078407287598,0.08702752404953336
wide,S1,1,37,1,MG,det,sample,0,1,0,1.7339100649985003e-18,0.32192836029934246,1.25,7.07e-06,10100.0,3.16e-11,5,1e-06,0.1415885895115166,0.0,0.15023084289393415,0.0,0.1418789991765394,0.1415885895115166,0.15023084289393415,0.18911531063825285,0.20020396257059733,0.2548579785294944,0.25925279992790806,0.3458836850407375,0.34731191615755425,0.4438210605652392,0.4482801621900167,0.6194442970766916,0.6291585172432727,0.7770572386077572,0.7892628684683575,0.8330152421909576,0.8404699157418261,0.9109149041174519,0.903844676487744,0.9749686040597376,0.968144038770761,0.3083058515544972,0.21090675105485235,0.5736407405901451,0.4024104503741781,3.449056891438664e+18,1.425334035277529e+18,18.57666237686284,7.676866453935972,0.28639658568340687,0.12693813066803158,0.861997596019113,0.07240675514264591,0.9397892190438802,0.85904,0.35592,0.03641287545306793,0.07137868563892062,inf,0.0,83.33246316801024,34.43741281615457,21,0.001,25,0.05605125427246094,0.08702752404953336
wide,S1,1,38,1,MG,det,sample,0,1,0,1.843476526119022e-18,1.1072148357787308,1.25,7.07e-06,10100.0,3.16e-11,4,1e-06,0.13757910338903107,0.0,0.14759998027761817,0.0,0.13738393093376858,0.13757910338903107,0.14759998027761817,0.16420701951510738,0.17374283700380894,0.21137926035832583,0.2180638576579019,0.2908009628792287,0.2928629442441592,0.36514586572680563,0.3718461380044478,0.46516073404678865,0.470917709873253,0.6457035955869278,0.6557490770637545,0.7214326658136687,0.7271557989142854,0.8475670453473473,0.8364651747814437,0.957124673989108,0.9461174842060225,0.9973403319844344,0.21090675105485235,0.5736407405901451,1.3840185447234135,3.449056891438664e+18,1.425334035277529e+18,5.742567035009342,2.3731345995419164,0.2142024427977817,0.10716002782856937,0.6718185719343106,0.11647640894470242,0.8322927034861224,0.04736,0.0,0.08594069427647638,0.11292390536441393,inf,0.0,83.33246316801024,34.43741281615457,21,0.001,25,0.04495596885681152,0.08702752404953336
wide,S1,1,39,1,MG,det,sample,0,1,0,1.4518794733910023e-18,97.84707942192014,1.25,7.07e-06,10100.0,3.16e-11,5,1e-06,0.19991055643372543,0.0,0.21029996906659768,0.0,0.19946690130415953,0.19991055643372543,0.21029996906659768,0.22703612290270953,0.23956310122078434,0.28282704491283256,0.2965469794333696,0.3523370372627229,0.3618326725098926,0.43903854158321387,0.44578558129189927,0.5001338941750072,0.5018806606418197,0.7844299864859753,0.7756232059710794,0.9452727122968899,0.9371394323100904,1.0357865527557473,1.0274343479633092,1.7634383686446728,1.7268352170146535,111.90935677978537,0.21090675105485235,0.5736407405901451,122.30884927740018,3.449056891438664e+18,1.425334035277529e+18,0.0511779700817084,0.021149463435915408,0.008006686171407314,0.0077779629335238245,0.020618924697143985,0.009515376801881003,0.04821921048904571,0.0,0.0,0.015623461755458529,0.00778594763914093,inf,0.0,83.33246316801024,34.43741281615457,21,0.001,25,0.048684120178222656,0.08702752404953336
wide,S1,1,40,1,MG,det,sample,0,1,0,1.3823006153849995e-17,21.371210194105842,1.25,7.07e-06,10100.0,3.16e-11,5,1e-06,0.0869038704508425,0.0,0.09349290707453252,0.0,0.08816634483062466,0.0869038704508425,0.09349290707453252,0.11780083454298185,0.12199859631205805,0.17136881824023745,0.17511120077140285,0.22802042219665036,0.23073913375609306,0.2896866192034973,0.29275627139836075,0.3445114472287016,0.3471626177696704,0.5199632956301512,0.5271968566940703,0.6180708671399749,0.6245042863101119,0.7782983065707284,0.7658794795666389,0.9736741028880901,0.958342082001354,2.567294627891969,0.21090675105485235,0.5736407405901451,26.714012742632303,3.449056891438664e+18,1.425334035277529e+18,2.230867330502625,0.9219132169860476,0.01947722574171456,0.011586219350393,0.4524211759922252,0.1256012759225539,0.6881818405752189,0.0,0.0,0.17837987028594243,0.11123182656691469,inf,0.0,83.33246316801024,34.43741281615457,21,0.001,25,0.04706525802612305,0.0869038704508425
wide,S1,1,41,1,MG,det,sample,0,1,0,1.9758273378399027e-17,0.1023171240696477,1.25,7.07e-06,10100.0,3.16e-11,5,1e-06,0.3496493650518771,0.0,0.3448498184475832,0.0,0.35066924845464,0.3496493650518771,0.3448498184475832,0.4948277489914097,0.5057373697388735,0.6367983254103063,0.6480180549246174,0.7739876365398661,0.7867493922998825,0.8644372276331683,0.8750302279617324,0.9182948645425193,0.9199478783927147,0.9769120498916558,0.973722153904277,0.9953685716460223,0.993295746523288,0.9976099119603071,0.9957141437749372,0.9980778793444012,0.9961003506618145,0.008599009564483022,0.21090675105485235,0.5736407405901451,0.12789640508705963,3.449056891438664e+18,1.425334035277529e+18,666.0410911501776,275.24365819136955,0.028304099737189458,0.011721658765777996,0.9950709084364031,0.003687097361714456,0.9984845628849062,1.0,1.0,0.00331043006918394,0.003503673105267973,inf,0.0,83.33246316801024,34.43741281615457,21,0.001,25,0.04487800598144531,0.0869038704508425
wide,S1,1,42,1,MG,det,sample,0,1,0,5.518883795679763e-20,0.10074523491876304,1.25,7.07e-06,10100.0,3.16e-11,1,1e-06,0.3627803274780238,0.0,0.3773530883340312,0.0,0.36270379085176574,0.3627803274780238,0.3773530883340312,0.4125153282641605,0.42619278934658,0.514581453218155,0.5338128866809069,0.5403905109970899,0.5611941367237187,0.5439038359141526,0.5638616989861412,0.5756472633361738,0.5875406155597663,0.8268344920445507,0.8247122820148096,0.9838913909399096,0.9750732511647482,1.0465536466853267,1.0323419972226973,1.1253565392626976,1.113025692843589,3.03125422834904,0.21090675105485235,0.5736407405901451,0.1259315436484538,3.449056891438664e+18,1.425334035277529e+18,1.8894138471052735,0.7808064487682259,4.45911582669326,2.748246751823121,0.42595976498833776,0.08777525451533104,0.5584570916892305,0.0,0.0,0.012167381979759839,0.08767430159649711,inf,0.0,83.33246316801024,34.43741281615457,21,0.001,25,0.04271817207336426,0.0869038704508425
wide,S1,1,43,1,MG,det,sample,0,1,0,5.736780813222855e-20,0.10379173515068811,1.25,7.07e-06,10100.0,3.16e-11,5,1e-06,0.21652798279469126,0.0,0.2284844171493789,0.0,0.21637551659697538,0.21652798279469126,0.2284844171493789,0.2627830267446497,0.28088228003657567,0.3332545231575881,0.3572929240705666,0.3855217062814646,0.41011056898555504,0.49229152748271343,0.5121361359967265,0.5678556060569003,0.5889370887944401,0.5978980587334125,0.6200795755439884,0.6613088498936089,0.665079302541403,0.9742127722987611,0.9596805640939556,1.1354441652567404,1.1214316432087283,3.0043021805927124,0.21090675105485235,0.5736407405901451,0.12973966893836014,3.449056891438664e+18,1.425334035277529e+18,1.9063640635540735,0.7878111811255742,4.31127340965729,2.6520224714205964,0.4278553555621413,0.08881128018518963,0.5613080719875922,0.0,0.0,0.012413370319927591,0.08870745738975659,inf,0.0,83.33246316801024,34.43741281615457,21,0.001,25,0.043524980545043945,0.0869038704508425
wide,S1,1,44,1,MG,det,sample,0,1,0,1.982761398888752e-17,13.32758898723193,1.25,7.07e-06,10100.0,3.16e-11,3,1e-06,0.13494261576814945,0.0,0.13920629924926323,0.0,0.13436834613919765,0.13494261576814945,0.13920629924926323,0.16490863618515397,0.16666046746125607,0.2340255940939873,0.2408804909539923,0.2710357528600114,0.27345135960015254,0.35428996748194297,0.353877724048146,0.4996713494780418,0.49833525433825876,0.6339303064105152,0.6404490764191424,0.7090688730463207,0.708397753006685,0.8661816925358324,0.8534267947909934,0.9415707974746216,0.9296116584615396,1.1161697114407185,0.21090675105485235,0.5736407405901451,16.659486234039914,3.449056891438664e+18,1.425334035277529e+18,5.1312033057647355,2.120486539897108,0.019236058201646956,0.009790225132883561,0.6423629879717464,0.12629820934413988,0.8354569198392744,0.0452,0.0,0.1625065013201086,0.114902974296458,inf,0.0,83.33246316801024,34.43741281615457,21,0.001,25,0.04125404357910156,0.0869038704508425
wide,S1,1,45,1,MG,det,sample,0,1,0,4.987887333154089e-18,6.33779479072031,1.25,7.07e-06,10100.0,3.16e-11,3,1e-06,0.1255408942303218,0.0,0.13381651615488757,0.0,0.12527141350786306,0.1255408942303218,0.13381651615488757,0.16118897840028426,0.1699576899521785,0.21179203062098612,0.22065630700742958,0.24561502796288823,0.2509919615867676,0.31523784411544686,0.31905259774186673,0.4514608927561179,0.4536296301919078,0.5737456411014198,0.581267132504147,0.652607018630245,0.6497184797910364,0.858033631387547,0.8426196751678641,0.949205684977657,0.9349103991784096,2.1099425762423993,0.21090675105485235,0.5736407405901451,7.922243488400388,3.449056891438664e+18,1.425334035277529e+18,2.714431083398883,1.1217475186296122,0.05949193720184996,0.03398282733004437,0.49932439093680653,0.12677288353674068,0.7242991117377708,0.0,0.0,0.1622743671121323,0.11490694773143885,inf,0.0,83.33246316801024,34.43741281615457,21,0.001,25,0.04539322853088379,0.0869038704508425
wide,S1,1,46,1,MG,det,sample,0,1,0,1.7738892036245957e-17,97.11032258582651,1.25,7.07e-06,10100.0,3.16e-11,2,1e-06,0.21699280467934198,0.0,0.2246045126858652,0.0,0.2162242796139071,0.21699280467934198,0.2246045126858652,0.22775144610933745,0.234104532907783,0.24352099658499665,0.2504951402885265,0.3375970025665082,0.34346028355557184,0.414939247343956,0.4208485849277397,0.4424894996693312,0.44866537492194153,0.5328451795250055,0.5291135692026566,0.7974674608752015,0.779845018568432,0.9022748913613527,0.8823083903557889,1.1063160649260304,1.0907783807316918,9.090504872013744,0.21090675105485235,0.5736407405901451,121.38790323228314,3.449056891438664e+18,1.425334035277529e+18,0.630030322162994,0.2603620901890106,0.0065362590843574915,0.0050539263285888465,0.19918650937280713,0.07648077051332193,0.3843720556219829,0.0,0.0,0.12008888808890651,0.0647327258401845,inf,0.0,83.33246316801024,34.43741281615457,21,0.001,25,0.04288887977600098,0.0869038704508425
wide,S1,1,47,1,MG,det,sample,0,1,0,4.75132113663583e-18,2.9045115127477605,1.25,7.07e-06,10100.0,3.16e-11,4,1e-06,0.1127908419918377,0.0,0.1213066369905237,0.0,0.11312410123854444,0.1127908419918377,0.1213066369905237,0.15634480741780565,0.1654029095956995,0.1927466486728836,0.20174779043542193,0.24777228964390127,0.2542212683248701,0.348579425797916,0.3557100826589753,0.4597569523018041,0.4651478789529797,0.6263309970803177,0.6344638192986974,0.7123460486935659,0.7185776933164527,0.8378773633128663,0.826927810210664,0.9518060411402924,0.9404135041405592,1.015097632695235,0.21090675105485235,0.5736407405901451,3.6306393909347006,3.449056891438664e+18,1.425334035277529e+18,5.6421111907553865,2.331620893516042,0.0826725451031731,0.04146777593383748,0.6647421669640681,0.12097497142205631,0.8435951373244529,0.07468,0.0,0.13099463770448633,0.1130539890275401,inf,0.0,83.33246316801024,34.43741281615457,21,0.001,25,0.04841303825378418,0.0869038704508425
wide,S1,1,48,1,MG,det,sample,0,1,0,1.2028795576004982e-18,0.10072140026720695,1.25,7.07e-06,10100.0,3.16e-11,4,1e-06,0.1994008234352917,0.0,0.20570014284943286,0.0,0.19997402969900233,0.1994008234352917,0.20570014284943286,0.26529788471916255,0.26540805390313094,0.3387218278410535,0.3403884584928278,0.42448303551218425,0.4277110295061731,0.6007076405547036,0.6067652240976366,0.7876346881501721,0.7986542864954083,0.8490883700406235,0.8601529831929244,0.8999759537500064,0.89662433042998,0.9694686207471933,0.9640397829640676,0.9854064259538052,0.9806779513968575,0.13904286508766103,0.21090675105485235,0.5736407405901451,0.1259017503340087,3.449056891438664e+18,1.425334035277529e+18,41.190849379637385,17.022253158108434,0.4407163333957781,0.18825649277412812,0.9314929910952038,0.04069093752424754,0.9704450802137123,0.9748,0.85772,0.014111024826941232,0.04039621102622964,inf,0.0,83.33246316801024,34.43741281615457,21,0.001,25,0.04849410057067871,0.0869038704508425
wide,S1,1,49,1,MG,det,sample,0,1,0,5.685138403391531e-19,0.49043254171192274,1.25,7.07e-06,10100.0,3.16e-11,5,1e-06,0.12674703172886786,0.0,0.13458266900859034,0.0,0.12657170604616272,0.12674703172886786,0.13458266900859034,0.16667920094841707,0.17425405133495842,0.20923818777364844,0.21419905106349146,0.2616777738248714,0.26697551153896487,0.3650942687071028,0.378187247642212,0.5236587587085566,0.53419657208758,0.6509668306715697,0.6630552026589136,0.7066392275465518,0.7149992468875247,0.8293612038985966,0.8200315782791011,0.9846067359117245,0.9725030430286522,1.432475935572978,0.21090675105485235,0.5736407405901451,0.6130406771399034,3.449056891438664e+18,1.425334035277529e+18,3.9981779595119127,1.6522601117233948,0.6150275834164503,0.32636155421412344,0.5957016634570578,0.11772092037160625,0.7518402996888869,0.0,0.0,0.043797677192723726,0.11680246874397025,inf,0.0,83.33246316801024,34.43741281615457,21,0.001,25,0.046922922134399414,0.0869038704508425
wide,S1,1,50,1,MG,det,sample,0,1,0,1.9819825969424317e-19,0.2646305482278359,1.25,7.07e-06,10100.0,3.16e-11,4,1e-06,0.15165383096034224,0.0,0.15918135706850256,0.0,0.1515466605934387,0.15165383096034224,0.15918135706850256,0.19501816740921568,0.19965319240898194,0.24840970320375436,0.2585181299184091,0.3258005204150211,0.34093296757213987,0.46746304945789086,0.4778798688228796,0.5883444310765018,0.6003564527291732,0.6389382983672458,0.6534287483467149,0.6857149618328379,0.6890553318263898,0.9009238584242132,0.8870719665317349,1.0324800532253595,1.0185939907627795,2.217120192568057,0.21090675105485235,0.5736407405901451,0.33078818528479487,3.449056891438664e+18,1.425334035277529e+18,2.5832130041201093,1.0675212184186673,1.4621772929060497,0.8436792830058314,0.4953016287725699,0.11115954517965218,0.6478327298858688,0.0,0.0,0.02400132673964142,0.11086101929562128,inf,0.0,83.33246316801024,34.43741281615457,21,0.001,25,0.05423688888549805,0.0869038704508425
wide,S1,1,51,1,MG,det,sample,0,1,0,3.832217894490694e-18,1.349623674563611,1.25,7.07e-06,10100.0,3.16e-11,5,1e-06,0.11072117026085565,0.0,0.11957466635897766,0.0,0.1110567013067072,0.11072117026085565,0.11957466635897766,0.15431769642623724,0.16313907598236072,0.19701036163566102,0.20710590951913796,0.2591634402248128,0.26725333384463806,0.38755135337057445,0.3940032116758585,0.5148016043655333,0.5260744372096015,0.6676187162381411,0.6777390765317702,0.7689060361515895,0.7785860728459123,0.8540648547508853,0.846726776285872,0.9599968421389548,0.9507607497724938,0.584805691977346,0.21090675105485235,0.5736407405901451,1.6870295932045138,3.449056891438664e+18,1.425334035277529e+18,9.793498578603009,4.047195302337393,0.11744301419110297,0.05491804396887211,0.7698526799095909,0.10197421319526435,0.9013263327103425,0.49772,0.00048,0.09062555628566431,0.09750556117137701,inf,0.0,83.33246316801024,34.43741281615457,21,0.001,25,0.05384492874145508,0.0869038704508425
wide,S1,1,52,1,MG,det,sample,0,1,0,8.3555528954757e-19,10.396502423369354,1.25,7.07e-06,10100.0,3.16e-11,5,1e-06,0.14781801972680417,0.0,0.15494768602493642,0.0,0.14741204617556972,0.14781801972680417,0.15494768602493642,0.191932049731685,0.2016866626349324,0.21744491955814765,0.22931305383386452,0.24813276961589986,0.26108160893700555,0.33186378103174596,0.34166092391977987,0.4384331131832773,0.4460777354031344,0.4904613990950454,0.4949102309491133,0.6937215253460104,0.6834162699695355,0.9520298867258793,0.9335230165603225,1.2696049756136814,1.2514307159580864,20.661467471913497,0.21090675105485235,0.5736407405901451,12.995628029211693,3.449056891438664e+18,1.425334035277529e+18,0.27719685065567473,0.11455250468381599,0.06904022462142527,0.06024831272974053,0.10085268349883898,0.04149299285501926,0.20674518981663045,0.0,0.0,0.06007151036091258,0.03571867960268871,inf,0.0,83.33246316801024,34.43741281615457,21,0.001,25,0.06341981887817383,0.0869038704508425
wide,S1,1,53,1,MG,det,sample,0,1,0,3.2048865399871785e-18,21.316281821923443,1.25,7.07e-06,10100.0,3.16e-11,1,1e-06,0.34982206261147014,0.0,0.3585452335908142,0.0,0.34887443193340045,0.34982206261147014,0.3585452335908142,0.36267962411507976,0.37204847419205905,0.37260934438592463,0.3819100514992724,0.3882458905831637,0.3956327529731004,0.44796756810756005,0.457335299895748,0.5191107369328961,0.5226116906607547,0.7259155287998987,0.7103199240025634,0.854149950381754,0.8343392803580946,0.888251618424032,0.871525345315214,1.3342717470837653,1.31269466552918,11.044546598000062,0.21090675105485235,0.5736407405901451,26.645352277404303,3.449056891438664e+18,1.425334035277529e+18,0.5185630448764806,0.21429787346630105,0.0309067471470794,0.024714151620561696,0.17098838036808708,0.06709456990725515,0.33711686877782215,0.0,0.0,0.10359733031860224,0.057007484418560496,inf,0.0,83.33246316801024,34.43741281615457,21,0.001,25,0.04634594917297363,0.0869038704508425
wide,S1,1,54,1,MG,det,sample,0,1,0,5.085665991839005e-20,0.4654296008282354,1.25,7.07e-06,10100.0,3.16e-11,3,1e-06,0.221614928653574,0.0,0.2370226943200565,0.0,0.22156332352161645,0.221614928653574,0.2370226943200565,0.24288073872452057,0.2601691972174819,0.2928701693117569,0.30411272778050197,0.40247292645445565,0.4086856420643558,0.4564014479485828,0.46455155783281976,0.4923665145683749,0.501302951925693,0.5617631897894161,0.5623354632352267,0.8518570357064629,0.83976601418484,0.9992474988489001,0.9813919828092669,1.2882571440131785,1.270175837472974,15.19690904661519,0.21090675105485235,0.5736407405901451,0.5817870010352942,3.449056891438664e+18,1.425334035277529e+18,0.37687227682755187,0.15574370038610225,1.48721737835293,1.2483671470940743,0.13250540795811852,0.04495182451337661,0.2097187700669617,0.0,0.0,0.010647654003357147,0.04480792924636848,inf,0.0,83.33246316801024,34.43741281615457,21,0.001,25,0.0445256233215332,0.0869038704508425
wide,S1,1,55,1,MG,det,sample,0,1,0,1.8654189727564735e-17,6.010401240167429,1.25,7.07e-06,10100.0,3.16e-11,4,1e-06,0.13423198147342058,0.0,0.14134250293240247,0.0,0.13454822976088396,0.13423198147342058,0.14134250293240247,0.17185158165665104,0.17598854286467888,0.2203408766671307,0.22221131403958316,0.29907509958731143,0.3031070987912643,0.39384092427394013,0.39368797533531885,0.5369659867644121,0.5395018171033671,0.6953544893864717,0.7023728419300915,0.7728787570602192,0.7783232422067917,0.8769233848804313,0.8672131107293242,0.9559991830363471,0.9466983007968612,0.5350275843898092,0.21090675105485235,0.5736407405901451,7.513001550209286,3.449056891438664e+18,1.425334035277529e+18,10.704669965140166,4.423739856422932,0.024540740924373937,0.01137175119453121,0.7812891193667573,0.10253159587233708,0.913721414072285,0.5492,0.0188,0.11825859884661964,0.09508185028385696,inf,0.0,83.33246316801024,34.43741281615457,21,0.001,25,0.044499874114990234,0.0869038704508425
wide,S1,1,56,1,MG,det,sample,0,1,0,2.7765624389006734e-18,1.1840199073461577,1.25,7.07e-06,10100.0,3.16e-11,3,1e-06,0.16540606400249247,0.0,0.17436621295684898,0.0,0.1650252892531205,0.16540606400249247,0.17436621295684898,0.19685379865370178,0.20427755886147156,0.2521251062486331,0.26001149283347486,0.31289947221444947,0.316415370598099,0.4213973677243208,0.4266903624027774,0.5225099981491848,0.5232861240418428,0.6885607171407834,0.6981305953200495,0.7612770773806111,0.759932121810856,0.893788792005546,0.8823833280224402,0.9496481452729594,0.9397372886804664,0.7081098861361451,0.21090675105485235,0.5736407405901451,1.480024884182697,3.449056891438664e+18,1.425334035277529e+18,8.088142568366749,3.3424513563362743,0.15559513736757916,0.07434569937898741,0.7374219895998448,0.10794461597750521,0.8797041344699011,0.3224,0.0,0.08840718343442054,0.10392120192687092,inf,0.0,83.33246316801024,34.43741281615457,21,0.001,25,0.04737997055053711,0.0869038704508425
wide,S1,1,57,1,MG,det,sample,0,1,0,1.0631563394437917e-17,4.8098839787502685,1.25,7.07e-06,10100.0,3.16e-11,5,1e-06,0.0992416055554656,0.0,0.1077953729626369,0.0,0.10061167033633787,0.0992416055554656,0.1077953729626369,0.1286340674378936,0.13616203209935465,0.18012690991058306,0.18461423006853206,0.24272300475795489,0.24805754353535467,0.32930223195101954,0.3301396876293101,0.46168581397130004,0.46821586907698737,0.6192402181475517,0.6258977524653903,0.7377294303159568,0.7478708611023053,0.8286138306969368,0.8216042122467012,0.9541851818998748,0.9438926690018937,0.7512535982682412,0.21090675105485235,0.5736407405901451,6.012354973437835,3.449056891438664e+18,1.425334035277529e+18,7.623648960006858,3.150497854262243,0.04007330783910111,0.019286983847641125,0.7227596577676981,0.11459098079131376,0.8824325817975872,0.26884,0.0,0.13349541522198127,0.10608708621574749,inf,0.0,83.33246316801024,34.43741281615457,21,0.001,25,0.044991254806518555,0.0869038704508425
wide,S1,1,58,1,MG,det,sample,0,1,0,1.9381976625627167e-19,0.21828672915937358,1.25,7.07e-06,10100.0,3.16e-11,5,1e-06,0.14906880920057156,0.0,0.1576357435431092,0.0,0.14924545928387734,0.14906880920057156,0.1576357435431092,0.17992583111885072,0.18738364582236156,0.232529880344631,0.23953621267619718,0.34376638216714567,0.36039696769267543,0.46161500838904546,0.47896002514747293,0.5935682697443376,0.607098712993404,0.6565122243271173,0.6718826673426096,0.7026132212456764,0.7105411726594086,0.8724220852516755,0.8611884719429218,1.0358127420879815,1.0225365105443887,1.8701582847616673,0.21090675105485235,0.5736407405901451,0.27285841144921696,3.449056891438664e+18,1.425334035277529e+18,3.0624646907194664,1.2655735445689884,1.6176497273943595,0.9021381613817396,0.5360314170302524,0.11139141732210181,0.6847176806909695,0.0,0.0,0.0223819715162809,0.11112807682030901,inf,0.0,83.33246316801024,34.43741281615457,21,0.001,25,0.04625201225280762,0.0869038704508425
wide,S1,1,59,1,MG,det,sample,0,1,0,1.0264485070748809e-17,24.2866474954407,1.25,7.07e-06,10100.0,3.16e-11,4,1e-06,0.10735713072833243,0.0,0.11186755952559749,0.0,0.10742823314423618,0.10735713072833243,0.11186755952559749,0.14792467488721556,0.15218866055847824,0.1980246198907312,0.2041857243107699,0.24645051241804009,0.250837510235362,0.273738309006657,0.2771061637768756,0.3910351992480853,0.3946815994148832,0.5268542993710527,0.5350840537603453,0.5914622369048703,0.5906502032016487,0.8369290747636379,0.8197285114174501,0.9850950592535069,0.9686720479292762,3.9289771185684117,0.21090675105485235,0.5736407405901451,30.358309369300876,3.449056891438664e+18,1.425334035277529e+18,1.4577060492594371,0.6024017900652153,0.020556586317169227,0.013402705633648754,0.35643738746618475,0.11305260011278453,0.5904043910405828,0.0,0.0,0.16677060705818122,0.09866213313627006,inf,0.0,83.33246316801024,34.43741281615457,21,0.001,25,0.04568600654602051,0.0869038704508425
wide,S1,1,60,1,MG,det,sample,0,1,0,1.5090147210955662e-19,0.1011938647680482,1.25,7.07e-06,10100.0,3.16e-11,3,1e-06,0.19980542897643958,0.0,0.20426098016785627,0.0,0.1997759527482948,0.19980542897643958,0.20426098016785627,0.2500680071815339,0.2579961999329755,0.31790947630293576,0.328693819335463,0.4626405594269153,0.47230818922261986,0.6168199910814967,0.6312545964525649,0.6667750930718193,0.6853444035060902,0.6952940432828826,0.7123995766678167,0.7795774902215085,0.7770581002649007,0.971300239838356,0.9598269272257192,1.0236639099327738,1.0126383366278333,1.1135502089976588,0.21090675105485235,0.5736407405901451,0.12649233096006024,3.449056891438664e+18,1.425334035277529e+18,5.143273888201595,2.125474747547606,2.5294133708110005,1.2868737029228192,0.6568731300079084,0.0985061918899522,0.7817899007254158,0.0,0.0,0.015588413518610303,0.0983504362192798,inf,0.0,83.33246316801024,34.43741281615457,21,0.001,25,0.047271013259887695,0.0869038704508425
wide,S1,1,61,1,MG,det,sample,0,1,0,5.042248921572584e-20,4.225999815594829,1.25,7.07e-06,10100.0,3.16e-11,5,1e-06,0.2176694058075689,0.0,0.2295265703013039,0.0,0.21757672498328143,0.2176694058075689,0.2295265703013039,0.24905660763238138,0.26285319400262563,0.29797210140132,0.31067801884689156,0.3908517762144642,0.397828350058436,0.4544375495058229,0.4605875539900655,0.5422650670375815,0.5419121487166723,0.8442622335766334,0.8355231787764842,0.9626495054236974,0.9562485827420064,1.0478787516404684,1.0399786067309118,1.7827403362481513,1.7453094145604926,139.17277589453232,0.21090675105485235,0.5736407405901451,5.282499769493536,3.449056891438664e+18,1.425334035277529e+18,0.04115239978743641,0.017006363738440517,0.18613877128316667,0.18182190712145824,0.0166747507280706,0.0068566643872951605,0.03318092932720626,0.0,0.0,0.007500263858375261,0.006307471863249267,inf,0.0,83.33246316801024,34.43741281615457,21,0.001,25,0.04420900344848633,0.0869038704508425
wide,S1,1,62,1,MG,det,sample,0,1,0,5.0517663825196e-18,10.854288245378699,1.25,7.07e-06,10100.0,3.16e-11,4,1e-06,0.10909889154468196,0.0,0.11435596548249627,0.0,0.10905654012652038,0.10909889154468196,0.11435596548249627,0.14736470375647684,0.15271444934617606,0.19368667279694243,0.20119614385662762,0.24247986371257418,0.2480227423592101,0.27699939250113,0.28171653003164604,0.38852846747604947,0.3922859622482862,0.5327898274293276,0.5412442171873575,0.5964025074222725,0.5963261066043491,0.831964105879177,0.8152024948243015,0.9812181884783864,0.9649799964062178,3.567854946773613,0.21090675105485235,0.5736407405901451,13.567860306723373,3.449056891438664e+18,1.425334035277529e+18,1.6052484752268978,0.6633741799091873,0.04430968684951368,0.02829042593295202,0.3780451745676728,0.11538838151625026,0.6105748946499957,0.0,0.0,0.16179515111410228,0.10206876167557309,inf,0.0,83.33246316801024,34.43741281615457,21,0.001,25,0.04416799545288086,0.0869038704508425
wide,S1,1,63,1,MG,det,sample,0,1,0,5.041752825718542e-20,10.497123823813448,1.25,7.07e-06,10100.0,3.16e-11,3,1e-06,0.2540271293761833,0.0,0.2675111241146339,0.0,0.254228219578844,0.2540271293761833,0.2675111241146339,0.30997630639853097,0.31989147813963537,0.3939190036568573,0.40052831030372116,0.4221848949155072,0.4265789756414979,0.6085526972119084,0.6008537521222209,0.8690578575216911,0.8552754696312299,0.9505207467924812,0.9436943179133547,0.9905766678813769,0.9878458369837396,1.0661868777565167,1.0589419804151403,1.8125189434156432,1.773751037100628,345.73063783465676,0.21090675105485235,0.5736407405901451,13.12140477976681,3.449056891438664e+18,1.425334035277529e+18,0.01656576850987133,0.006845857989834269,0.07569316744639618,0.07496942596566972,0.0067901267459006785,0.003034500197404477,0.015108797606388447,0.0,0.0,0.004411597486945168,0.0025895970659753627,inf,0.0,83.33246316801024,34.43741281615457,21,0.001,25,0.041502952575683594,0.0869038704508425
wide,S1,1,64,1,MG,det,sample,0,1,0,4.0152751074580095e-19,3.967376958981214,1.25,7.07e-06,10100.0,3.16e-11,4,1e-06,0.1743232359427789,0.0,0.18299643411228125,0.0,0.1737112073910106,0.1743232359427789,0.18299643411228125,0.19812847862521968,0.2083891797490534,0.2198543141256695,0.23297059469819933,0.2573085901864854,0.27180993371829126,0.34828214940445024,0.35708239742076603,0.4452880932401269,0.4526061911068741,0.4887081891097654,0.4915615930183821,0.7231416057093174,0.7107268435249918,0.9451921899425172,0.9259206229195175,1.2194841485674617,1.202240076879783,16.407305248791282,0.21090675105485235,0.5736407405901451,4.959221198726517,3.449056891438664e+18,1.425334035277529e+18,0.34906973608972225,0.14425420954030496,0.17622357256398619,0.14946934122993466,0.12360913187485097,0.0466071618116649,0.22847365968331884,0.0,0.0,0.05093304117172255,0.04299658848450041,inf,0.0,83.33246316801024,34.43741281615457,21,0.001,25,0.04380512237548828,0.0869038704508425
wide,S1,1,65,1,MG,det,sample,0,1,0,9.193420208583843e-18,92.08005320439818,1.25,7.07e-06,10100.0,3.16e-11,5,1e-06,0.13159363023069923,0.0,0.13789406528709902,0.0,0.13125556267495384,0.13159363023069923,0.13789406528709902,0.1851154900796615,0.19376095152705622,0.2150080086600715,0.22574584770691397,0.2373748443098599,0.24797352334403838,0.3106119758509986,0.3190843048247258,0.4282860468886903,0.43605004095303695,0.48771214411279457,0.4933100340153976,0.6471254575868832,0.638039005461763,0.9365632550241555,0.917206374616384,1.1922719692398,1.1755930306915583,16.63173467373822,0.21090675105485235,0.5736407405901451,115.10006650549772,3.449056891438664e+18,1.425334035277529e+18,0.3443593723379064,0.1423076363217924,0.007605737728088221,0.006462626337440501,0.12161251989075515,0.05071754171574111,0.25433696619009893,0.0,0.0,0.08131351359541804,0.04232232010565907,inf,0.0,83.33246316801024,34.43741281615457,21,0.001,25,0.0471949577331543,0.0869038704508425
wide,S1,1,66,1,MG,det,sample,0,1,0,3.824081617421429e-19,1.166496735839346,1.25,7.07e-06,10100.0,3.16e-11,1,1e-06,0.38574956718245124,0.0,0.3987784829284994,0.0,0.38555663123390305,0.38574956718245124,0.3987784829284994,0.38769739776420836,0.40079282676178346,0.3886141697033806,0.40158173744703635,0.4061924128603303,0.41875358716873456,0.4571843990630886,0.4682772495059959,0.4911624785888664,0.49520060387272147,0.6874209995027876,0.6738640520632908,0.8707050520980341,0.8522230242802205,0.9087760208661821,0.8901944734606768,1.0781863380840393,1.063844048067013,5.0653035038988765,0.21090675105485235,0.5736407405901451,1.4581209197991827,3.449056891438664e+18,1.425334035277529e+18,1.1306911241805475,0.46726180327182504,0.4674109122486236,0.32187404837414174,0.3071390282519042,0.09171894015092939,0.4640954804266627,0.0,0.0,0.0493311402871192,0.09014882742696706,inf,0.0,83.33246316801024,34.43741281615457,21,0.001,25,0.0459141731262207,0.0869038704508425
wide,S1,1,67,1,MG,det,sample,0,1,0,1.656416115829256e-17,41.49547131782405,1.25,7.07e-06,10100.0,3.16e-11,5,1e-06,0.09992863347017517,0.0,0.1060629731743727,0.0,0.10038530500907086,0.09992863347017517,0.1060629731743727,0.12714052735027695,0.1316290784172512,0.18718453274526448,0.19217050943622202,0.2422512825070198,0.24699961814457383,0.27499627728430437,0.27982583806548045,0.34057746510059916,0.34400912798023603,0.5093185529501424,0.5176818266492753,0.5829395381254051,0.5858441965044975,0.800845679806931,0.7848081515792238,1.0002516335918559,0.9833800129222489,4.159875684350163,0.21090675105485235,0.5736407405901451,51.86933914728006,3.449056891438664e+18,1.425334035277529e+18,1.3767944399602363,0.5689648030240637,0.01228785517568137,0.008111434439245696,0.3440554949804153,0.11115972758161198,0.5767411849544072,0.0,0.0,0.1660045819060104,0.09657713417279752,inf,0.0,83.33246316801024,34.43741281615457,21,0.001,25,0.04564309120178223,0.0869038704508425
wide,S1,1,68,1,MG,det,sample,0,1,0,6.210060678948598e-18,7.470754077908652,1.25,7.07e-06,10100.0,3.16e-11,5,1e-06,0.08981825196151652,0.0,0.09670022045579128,0.0,0.09091881914776491,0.08981825196151652,0.09670022045579128,0.11628511462539465,0.12291369956760284,0.17081885763481658,0.1766985687582465,0.2152440717408429,0.21983386659655418,0.2916610983372245,0.2955011528528923,0.36283168312395264,0.36759332662681393,0.5336110003718139,0.540816006079432,0.6416843295075508,0.6493596043710906,0.7797657518853206,0.7689818179887349,0.964911998041962,0.9506330229600171,1.997642156648938,0.21090675105485235,0.5736407405901451,9.338442597385816,3.449056891438664e+18,1.425334035277529e+18,2.8670268566752073,1.1848082207682524,0.049013106024115086,0.027691619669520866,0.5117649074392412,0.12789821624798314,0.7368717823721482,0.0,0.0,0.16682968571928405,0.11558047622418977,inf,0.0,83.33246316801024,34.43741281615457,21,0.001,25,0.04437708854675293,0.0869038704508425
wide,S1,1,69,1,MG,det,sample,0,1,0,1.8350002883555365e-17,0.10274996364046221,1.25,7.07e-06,10100.0,3.16e-11,1,1e-06,0.49095770868011995,0.0,0.49426779341535604,0.0,0.4914994145894411,0.49095770868011995,0.49426779341535604,0.6321483327272546,0.6367697073874686,0.7555868173766495,0.7556268003631671,0.8584990833215278,0.8582655381842346,0.9388006923522552,0.9304164956639559,0.9869251079075303,0.9834532065661302,0.9952515455467383,0.99306054307107,0.9961597923663645,0.9941085465691735,0.996329136257714,0.9942454430300165,1.000413600018586,0.9977149565079455,0.009298109098859258,0.21090675105485235,0.5736407405901451,0.12843745455057776,3.449056891438664e+18,1.425334035277529e+18,615.9632729886705,254.54883613284954,0.03046733043604502,0.01261969905484021,0.9946776521652461,0.003971018521895311,0.9983611693699883,1.0,1.0,0.0035407426317219212,0.0037770131090898106,inf,0.0,83.33246316801024,34.43741281615457,21,0.001,25,0.048834800720214844,0.0869038704508425
wide,S1,1,70,1,MG,det,sample,0,1,0,5.583815058914556e-20,93.39549892630802,1.25,7.07e-06,10100.0,3.16e-11,1,1e-06,0.4053019860721284,0.0,0.41415778796688596,0.0,0.4054097892434739,0.4053019860721284,0.41415778796688596,0.5623125890817146,0.553715315949297,0.8086389875065693,0.7894970190686275,0.8698470163318799,0.8538129211260894,0.9481944267262076,0.9426746121897426,0.9921229613775778,0.9901294819542295,0.9983148941550261,0.9967225692564423,1.0001265175612268,0.9982666404683356,1.0698169208632466,1.0626406046394372,1.8162928276778871,1.777366960749976,2777.4357321833477,0.21090675105485235,0.5736407405901451,116.74437365788503,3.449056891438664e+18,1.425334035277529e+18,0.002062079653824015,0.0008521611578354393,0.008558430124696854,0.008548096430692513,0.0008512862894209599,0.00040040334464670166,0.0020363859158177566,0.0,0.0,0.0006600733368780358,0.00032636590312811695,inf,0.0,83.33246316801024,34.43741281615457,21,0.001,25,0.045204877853393555,0.0869038704508425
wide,S1,1,71,1,MG,det,sample,0,1,0,1.3400732708903605e-18,6.059808204964329,1.25,7.07e-06,10100.0,3.16e-11,3,1e-06,0.18958423691070717,0.0,0.1987819690049615,0.0,0.18905077174026752,0.18958423691070717,0.1987819690049615,0.20253683222080232,0.21161420314197957,0.2188733679584856,0.2271318947097199,0.23736625207714726,0.24743854483367875,0.32706131016560486,0.3343962126136705,0.44986637080920766,0.45749575963424904,0.490808050787715,0.49526254424075566,0.6730772006158974,0.6605056886307458,0.908480089117671,0.8881677502051731,1.0372694534306066,1.0217044689193107,7.508953788204591,0.21090675105485235,0.5736407405901451,7.574760256205412,3.449056891438664e+18,1.425334035277529e+18,0.7627285870550679,0.31520008194334564,0.10037817165336796,0.07489376444753176,0.2310820423860367,0.08158488947659542,0.41160702463380516,0.0,0.0,0.1051595514590141,0.07297590791240201,inf,0.0,83.33246316801024,34.43741281615457,21,0.001,25,0.04618501663208008,0.0869038704508425
wide,S1,1,72,1,MG,det,sample,0,1,0,4.865536159103601e-19,98.97536399507003,1.25,7.07e-06,10100.0,3.16e-11,1,1e-06,0.3894352440883268,0.0,0.3980710764059859,0.0,0.38937048032749955,0.3894352440883268,0.3980710764059859,0.3972892460060337,0.4083692199017288,0.4154437799618743,0.4224844054307114,0.6205425107548725,0.6086090762304123,0.8275421405609646,0.8081263921017482,0.8794783088318044,0.8652258050101541,0.9611207513773968,0.9567116186976842,0.9945750856854555,0.9923574442438295,1.0681170380646305,1.0609193311137048,1.8148741397192427,1.7760034374267577,337.78899843145933,0.21090675105485235,0.5736407405901451,123.71920499383754,3.449056891438664e+18,1.425334035277529e+18,0.016955240519182305,0.007006808570857391,0.008026578777617466,0.00794805823948028,0.006947505959688639,0.0032490075835132845,0.016505902142684773,0.0,0.0,0.005350340720304983,0.002651187017692347,inf,0.0,83.33246316801024,34.43741281615457,21,0.001,25,0.04858994483947754,0.0869038704508425
wide,S1,1,73,1,MG,det,sample,0,1,0,1.9417131893401517e-17,99.58021163569937,1.25,7.07e-06,10100.0,3.16e-11,1,1e-06,0.3509502579783844,0.0,0.36359720464419504,0.0,0.35023158409866706,0.3509502579783844,0.36359720464419504,0.3589818901456927,0.3692646873925246,0.37457243577265803,0.38369999580153646,0.39041277852677064,0.3975080610172581,0.43933512999924557,0.4468641549683898,0.5322973400377042,0.5381515607350137,0.7040375072742844,0.6904751927629476,0.8486990581553913,0.8288888675839908,0.8823270749234187,0.8642845572855279,1.224909595032131,1.2065712233911234,8.516027632006317,0.21090675105485235,0.5736407405901451,124.47526454462421,3.449056891438664e+18,1.425334035277529e+18,0.6725311331322884,0.27792568925628014,0.006286535053489221,0.004803333392197342,0.2093988869007019,0.07950159247170055,0.3999492910005237,0.0,0.0,0.1244673334671553,0.06741109339313017,inf,0.0,83.33246316801024,34.43741281615457,21,0.001,25,0.04163932800292969,0.0869038704508425
wide,S1,1,74,1,MG,det,sample,0,1,0,1.9920081281239797e-17,7.877963847745418,1.25,7.07e-06,10100.0,3.16e-11,2,1e-06,0.18818317736810034,0.0,0.19620106585413677,0.0,0.18791289616508208,0.18818317736810034,0.19620106585413677,0.22242977051912297,0.22896548941972844,0.26125178658121717,0.2661838243704551,0.3186587371284484,0.31471265839979584,0.4798201701827393,0.47875738892703307,0.6014199669089613,0.6005533871167122,0.7004349337218798,0.703288816618592,0.8099061663672273,0.8007429422739258,0.9127362732993737,0.901163120451712,0.93708461021745,0.9267684669582439,0.6567074980404036,0.21090675105485235,0.5736407405901451,9.847454809681773,3.449056891438664e+18,1.425334035277529e+18,8.721224792208353,3.6040746548705695,0.02205635008608406,0.010446120173219779,0.7466288620755065,0.11077252151259688,0.896150415717065,0.37308,0.0,0.1320394684275928,0.10221375473835337,inf,0.0,83.33246316801024,34.43741281615457,21,0.001,25,0.04291701316833496,0.0869038704508425
wide,S1,1,75,1,MG,det,sample,0,1,0,3.28839528806129e-18,0.10464491245034813,1.25,7.07e-06,10100.0,3.16e-11,3,1e-06,0.26696433197777025,0.0,0.27687848559035944,0.0,0.2698190842046757,0.26696433197777025,0.27687848559035944,0.33936434298057666,0.3480031007703175,0.4525932549776697,0.4542940612783145,0.560823957911106,0.5612370297247172,0.7177578111534424,0.7208572109195772,0.8464339989142777,0.8552074039100365,0.9098707571251703,0.9067269653036724,0.9728965851296174,0.9682755511653252,0.9879611423260141,0.9844173277094321,0.9902910924629036,0.9868089779490188,0.052842480931553755,0.21090675105485235,0.5736407405901451,0.13080614056293516,3.449056891438664e+18,1.425334035277529e+18,108.3842698558681,44.790153823712416,0.16695512902660897,0.06989031466644703,0.9717269935121622,0.019199323100104644,0.98992798840211,1.0,0.98196,0.011183217693188929,0.018826614073877118,inf,0.0,83.33246316801024,34.43741281615457,21,0.001,25,0.04165077209472656,0.0869038704508425
wide,S1,1,76,1,MG,det,sample,0,1,0,2.6593501662447375e-18,97.88305832453754,1.25,7.07e-06,10100.0,3.16e-11,4,1e-06,0.19014340691145323,0.0,0.20027693890138049,0.0,0.18962983930828092,0.19014340691145323,0.20027693890138049,0.21108109199669017,0.22311344049142387,0.2595852264783474,0.2717186500593213,0.32990292012559025,0.3394536751594649,0.41858188737301183,0.42549351853501716,0.4602477450491718,0.46356620107530444,0.6966452149968289,0.687361024865876,0.9082932541355426,0.8958252877008296,0.9965520393371979,0.9862976365260536,1.686790329713184,1.6533277530108021,61.11968420912063,0.21090675105485235,0.5736407405901451,122.35382290567193,3.449056891438664e+18,1.425334035277529e+18,0.09370620590157479,0.0387243959123351,0.007868322008100673,0.007472772834795101,0.03698642441585753,0.01679811040062395,0.08489880990961211,0.0,0.0,0.02748323834242012,0.013789691990285001,inf,0.0,83.33246316801024,34.43741281615457,21,0.001,25,0.04273700714111328,0.0869038704508425
wide,S1,1,77,1,MG,det,sample,0,1,0,1.552028869732113e-19,95.44969966879238,1.25,7.07e-06,10100.0,3.16e-11,4,1e-06,0.2798684763197161,0.0,0.29373197488002656,0.0,0.2800958648077438,0.2798684763197161,0.29373197488002656,0.35989386611633317,0.36843664995568703,0.4266251675087805,0.43265911586596667,0.5053190393862987,0.5045468190984009,0.8099257399489804,0.7987823308061852,0.9442778622224411,0.9368246221502422,0.989239442963953,0.9866963324523188,0.9988603718747208,0.996874387154758,1.0693255365268162,1.062138599289227,1.8157331007587603,1.7768314239673373,1021.2307151051755,0.21090675105485235,0.5736407405901451,119.31212458599047,3.449056891438664e+18,1.425334035277529e+18,0.005608227042553493,0.00231761815850508,0.00836199794645689,0.008334635337449674,0.0023111083143140397,0.0010855559718519715,0.005519463944228703,0.0,0.0,0.001789124705823454,0.0008850493479939005,inf,0.0,83.33246316801024,34.43741281615457,21,0.001,25,0.044862985610961914,0.0869038704508425
wide,S1,1,78,1,MG,det,sample,0,1,0,1.9929522168658107e-17,94.20849236745936,1.25,7.07e-06,10100.0,3.16e-11,3,1e-06,0.18860411625866405,0.0,0.19842837824103976,0.0,0.18803596003268422,0.18860411625866405,0.19842837824103976,0.20510456804926858,0.21384970240823375,0.22124362093411004,0.22785682061034193,0.23464737842128564,0.23915761904837857,0.34273135014518263,0.34732978466627373,0.45200678586906257,0.45890445800497287,0.4900182031109087,0.4942125521835622,0.6770634484808444,0.6643702713711875,0.9054322108337861,0.8851251381972136,1.0389188051969618,1.0234448509687535,7.849504905929645,0.21090675105485235,0.5736407405901451,117.7606154593242,3.449056891438664e+18,1.425334035277529e+18,0.7296375735509887,0.3015251124389955,0.006524502188607978,0.004909585438296526,0.22265883825591506,0.08328882289650286,0.41965042439229916,0.0,0.0,0.12987417931830791,0.07079269716614793,inf,0.0,83.33246316801024,34.43741281615457,21,0.001,25,0.04647111892700195,0.0869038704508425
wide,S1,1,79,1,MG,det,sample,0,1,0,3.2755743739060633e-19,0.10002118050480024,1.25,7.07e-06,10100.0,3.16e-11,2,1e-06,0.24406247243444534,0.0,0.2459328340177349,0.0,0.2439502704972861,0.24406247243444534,0.2459328340177349,0.26192502003454077,0.26538057831167006,0.3206181039390433,0.326480292520858,0.43473714311327605,0.4373211967982304,0.6601569563669412,0.6720246378906296,0.7388221572373537,0.7555629859994463,0.766597617958006,0.7728930388439496,0.8898011771420136,0.8814657306122204,0.966253205591266,0.9577068803142007,0.9797001512866024,0.9718543055760487,0.5070532945188777,0.21090675105485235,0.5736407405901451,0.1250264756310003,3.449056891438664e+18,1.425334035277529e+18,11.295249976777063,4.667798976824843,1.4111837683614774,0.6505199921545307,0.8000460279823184,0.08192752939132261,0.8903637104631112,0.64184,0.0,0.015849127626348134,0.08172978242427302,inf,0.0,83.33246316801024,34.43741281615457,21,0.001,25,0.04398918151855469,0.0869038704508425
wide,S1,1,80,1,MG,det,sample,0,1,0,5.551204682394148e-18,15.261206340914304,1.25,7.07e-06,10100.0,3.16e-11,2,1e-06,0.18529728738595522,0.0,0.1937959353533718,0.0,0.18491198840974832,0.18529728738595522,0.1937959353533718,0.20519319574046974,0.21328016201120492,0.22679091983750121,0.23282424065573157,0.2808576994393234,0.28579578912603737,0.39035656312692585,0.3949450327007871,0.46284929042342376,0.46855600588014606,0.5296247147908959,0.5318585669159392,0.734956387100799,0.720511179279447,0.8933556854250343,0.8739975872301371,0.975905713254411,0.9611725511874027,4.565104475729743,0.21090675105485235,0.5736407405901451,19.07650792614288,3.449056891438664e+18,1.425334035277529e+18,1.2545810821171983,0.5184597333826715,0.0345221506094246,0.02325065885896508,0.32479586380700215,0.10664371021246107,0.5517837522176721,0.0,0.0,0.15568362771502228,0.0931281064254403,inf,0.0,83.33246316801024,34.43741281615457,21,0.001,25,0.042960166931152344,0.0869038704508425
wide,S1,1,81,1,MG,det,sample,0,1,0,5.219184978482421e-20,0.14223165772932733,1.25,7.07e-06,10100.0,3.16e-11,2,1e-06,0.29270353281887157,0.0,0.3053429408790289,0.0,0.292251049219294,0.29270353281887157,0.3053429408790289,0.33714758434249864,0.34805555786423736,0.43456104922053346,0.44474283486772065,0.47949419435231666,0.4922345601159671,0.5234366375134663,0.5409798334501098,0.543053387802253,0.5606789580926536,0.6055896443433161,0.6125566844454885,0.8859493485446532,0.8776994455741726,1.04780520982711,1.03171197412023,1.1330046567929626,1.119008166641134,4.525251073149764,0.21090675105485235,0.5736407405901451,0.17778957216165917,3.449056891438664e+18,1.425334035277529e+18,1.2656300436281982,0.5230257528459024,3.6930608905127924,2.4825883903232864,0.3338084348262642,0.08244483897963598,0.46121624498313035,0.0,0.0,0.012170878734308919,0.08233942284335807,inf,0.0,83.33246316801024,34.43741281615457,21,0.001,25,0.04571104049682617,0.0869038704508425
wide,S1,1,82,1,MG,det,sample,0,1,0,5.450839005610119e-19,0.6440127680017931,1.25,7.07e-06,10100.0,3.16e-11,4,1e-06,0.13752470127652142,0.0,0.14608703628142525,0.0,0.13720813600495338,0.13752470127652142,0.14608703628142525,0.17227430297255505,0.17781110888078935,0.22926605300901287,0.23235854353965602,0.27333438230313717,0.2829270794390428,0.34537762516871306,0.35726336069895837,0.5102226178604751,0.5186326760849835,0.6189503145992814,0.6305663791156744,0.669235064878259,0.6725632923276862,0.8512143871214896,0.8375092980388811,0.9864037108146739,0.9728172471925888,1.961915147237126,0.21090675105485235,0.5736407405901451,0.8050159600022413,3.449056891438664e+18,1.425334035277529e+18,2.919236196939796,1.2063839013037694,0.5630078228526147,0.31695241986692013,0.5225237127047514,0.11760707532349994,0.6896737459062643,0.0,0.0,0.048999663524300546,0.11645008024250329,inf,0.0,83.33246316801024,34.43741281615457,21,0.001,25,0.045356035232543945,0.0869038704508425
wide,S1,1,83,1,MG,det,sample,0,1,0,6.678827572451379e-19,94.24107428739316,1.25,7.07e-06,10100.0,3.16e-11,3,1e-06,0.23845289015724064,0.0,0.25125715974650126,0.0,0.2385675576906319,0.23845289015724064,0.25125715974650126,0.28171571255976485,0.2932544568246009,0.3734443569365249,0.3808261904158163,0.411175707926875,0.41704689190440447,0.5034248028581958,0.5007408458282279,0.8085682875351483,0.7947639175597444,0.9251124859642862,0.9151326726523362,0.9803482191196748,0.9766537458894072,1.061859555353305,1.0545309412753963,1.8079989216265377,1.7694184794272976,234.30906680708182,0.21090675105485235,0.5736407405901451,117.80134285924146,3.449056891438664e+18,1.425334035277529e+18,0.024443329450219906,0.01010128580000536,0.00840397660806312,0.008286322272402691,0.00997849963537626,0.004652357553440719,0.02361920710409755,0.0,0.0,0.00765490010781013,0.003798980257558664,inf,0.0,83.33246316801024,34.43741281615457,21,0.001,25,0.04205965995788574,0.0869038704508425
wide,S1,1,84,1,MG,det,sample,0,1,0,1.010787625736452e-17,5.177863977669683,1.25,7.07e-06,10100.0,3.16e-11,3,1e-06,0.14195658452560891,0.0,0.1484894279793512,0.0,0.14202434450977114,0.14195658452560891,0.1484894279793512,0.16902780771063458,0.17400701369966232,0.2256164793373575,0.23159254099791265,0.27495933002025247,0.2800992386362588,0.37365088368775823,0.3761772730505145,0.5187015303542898,0.5182874945549395,0.6621530753052216,0.6692259535263445,0.7375750738046559,0.7368678713678392,0.8787336069935221,0.8667682745880282,0.943936091805487,0.9330060184970868,0.8506282823919822,0.21090675105485235,0.5736407405901451,6.472329972087104,3.449056891438664e+18,1.425334035277529e+18,6.733015856272534,2.7824408126841655,0.04084766245710534,0.019979768366203233,0.6989396225094654,0.1184972431526862,0.8688302742117668,0.18188,0.0,0.14028906313214565,0.10940800178707917,inf,0.0,83.33246316801024,34.43741281615457,21,0.001,25,0.0428013801574707,0.0869038704508425
wide,S1,1,85,1,MG,det,sample,0,1,0,2.57008920460884e-19,0.10014629091226006,1.25,7.07e-06,10100.0,3.16e-11,4,1e-06,0.16762929475285268,0.0,0.17384898450051736,0.0,0.16826050844766396,0.16762929475285268,0.17384898450051736,0.2241766224974228,0.22608719078611283,0.29969898045511195,0.30436818115516995,0.4237065555917855,0.43618528361908565,0.5977565555119336,0.6099030709752967,0.7102145205440531,0.7255850988376195,0.7511928625205088,0.7682570569747441,0.7931182620696199,0.7974542625939083,0.9329024080055055,0.9241339026282996,1.0005548958341623,0.9917095950309253,0.6470469125902378,0.21090675105485235,0.5736407405901451,0.12518286364032508,3.449056891438664e+18,1.425334035277529e+18,8.851435037703473,3.657884464475833,1.7150090097250472,0.8108781910718038,0.7610002558414389,0.08870333404798628,0.8628520111912695,0.45448,0.0,0.015922592098148305,0.0885192100618191,inf,0.0,83.33246316801024,34.43741281615457,21,0.001,25,0.04604005813598633,0.0869038704508425
wide,S1,1,86,1,MG,det,sample,0,1,0,1.867573955051848e-17,0.10411383227146935,1.25,7.07e-06,10100.0,3.16e-11,3,1e-06,0.3817976798622524,0.0,0.38123919770576437,0.0,0.38330660412519124,0.3817976798622524,0.38123919770576437,0.5233018016212668,0.5259618912861747,0.6906185004114422,0.7013966628996791,0.806460198499821,0.8140093668034483,0.8744298456830493,0.8784667718601155,0.9488306125162762,0.9442965389669089,0.9898946897196114,0.9872483830707579,0.9962885384402744,0.9942590986665549,0.9969821460696946,0.9950068492082409,0.997623901674242,0.9954818628676967,0.00925720159313104,0.21090675105485235,0.5736407405901451,0.1301422903393367,3.449056891438664e+18,1.425334035277529e+18,618.6852101599268,255.67368556682348,0.029936443753852748,0.012399678457845164,0.9946998583761995,0.003956199035929743,0.9983684745055253,1.0,1.0,0.003533983225127824,0.003762029686364461,inf,0.0,83.33246316801024,34.43741281615457,21,0.001,25,0.0447390079498291,0.0869038704508425
wide,S1,1,87,1,MG,det,sample,0,1,0,3.474756181632654e-18,0.10149446889423569,1.25,7.07e-06,10100.0,3.16e-11,5,1e-06,0.1927958857774551,0.0,0.20029205939569478,0.0,0.19287005733480822,0.1927958857774551,0.20029205939569478,0.27699854130372964,0.2880717838841768,0.4158987285131776,0.4217996240271748,0.552242065906392,0.5572393683270717,0.6990658000105556,0.7092836635004659,0.8355181061460771,0.8471151374694225,0.8934771542661623,0.9004888632342799,0.9518226930652506,0.9475118467726004,0.9879190190432833,0.9844710297098761,0.993548786598251,0.9904180873004222,0.048502836426857085,0.21090675105485235,0.5736407405901451,0.1268680861177946,3.449056891438664e+18,1.425334035277529e+18,118.08162439687257,48.79761728821948,0.15828474048113875,0.06619159730955013,0.973928711136476,0.01782155313015249,0.9908005226314118,1.0,0.98768,0.010610160423631231,0.017460017198064833,inf,0.0,83.33246316801024,34.43741281615457,21,0.001,25,0.0459592342376709,0.0869038704508425
wide,S1,1,88,1,MG,det,sample,0,1,0,6.815227767652445e-18,0.6376182510446765,1.25,7.07e-06,10100.0,3.16e-11,5,1e-06,0.14420014527224273,0.0,0.1545586373112569,0.0,0.14540636554187056,0.14420014527224273,0.1545586373112569,0.20081011091847512,0.2078878565146459,0.26174655015968545,0.26954632441892523,0.3742383040713647,0.3849591767685723,0.5475574174591712,0.559965339044666,0.6912709763337792,0.7052436943021707,0.8124793724826316,0.8244242974988809,0.871279451729587,0.8739233970609767,0.9479413058663321,0.9412326266436714,0.9818991505197556,0.9764045102357795,0.15535651219584326,0.21090675105485235,0.5736407405901451,0.7970228138058456,3.449056891438664e+18,1.425334035277529e+18,36.86548849602924,15.234783633448549,0.07728278110844759,0.03313490145567202,0.9216509557141275,0.04831555099564678,0.9727072207576406,0.96204,0.79796,0.04071022598288038,0.046377651114115286,inf,0.0,83.33246316801024,34.43741281615457,21,0.001,25,0.04508709907531738,0.0869038704508425
wide,S1,1,89,1,MG,det,sample,0,1,0,1.482676555202272e-17,12.232299611919059,1.25,7.07e-06,10100.0,3.16e-11,5,1e-06,0.09028820276068364,0.0,0.09800593247869979,0.0,0.09194067343322435,0.09028820276068364,0.09800593247869979,0.11390428984367114,0.1182937900022921,0.1731963914373624,0.17651536532140205,0.22361400973437134,0.2262429892766006,0.305110525085111,0.3056584472147328,0.3915556658359805,0.3950899097788671,0.5542288569118401,0.5596670442620011,0.6766954926312059,0.6860532362361033,0.7892571028091593,0.7809314737661517,0.9544285870449316,0.9417921822246171,1.3699691490836328,0.21090675105485235,0.5736407405901451,15.290374514898824,3.449056891438664e+18,1.425334035277529e+18,4.180600502551501,1.7276468239697529,0.02397693908575143,0.0126241391733556,0.5976108703779633,0.12902300847099815,0.8052496570537684,0.00148,0.0,0.1691661570522016,0.11684615321942717,inf,0.0,83.33246316801024,34.43741281615457,21,0.001,25,0.04474020004272461,0.0869038704508425
wide,S1,1,90,1,MG,det,sample,0,1,0,3.764398338954843e-19,97.41661372206696,1.25,7.07e-06,10100.0,3.16e-11,5,1e-06,0.24038011000751464,0.0,0.2532632637515876,0.0,0.24065119695968898,0.24038011000751464,0.2532632637515876,0.2897653411279779,0.3040915418890093,0.3642973650969786,0.3732594220414274,0.4425362308301776,0.44890163864349253,0.5211976683878617,0.521443204445797,0.8228699109611576,0.8140190404954133,0.9592821448636191,0.9537251564689738,0.9930399447773303,0.9904121290020973,1.0667759714326204,1.0595224506784604,1.812388406007491,1.7736356109861229,429.7209761339673,0.21090675105485235,0.5736407405901451,121.77076715258369,3.449056891438664e+18,1.425334035277529e+18,0.013327936105575585,0.005507813164356715,0.0081671683600835,0.00810414013557511,0.0054711097450984405,0.002562138629573721,0.01301966412761724,0.0,0.0,0.004220250172362145,0.002090144778529224,inf,0.0,83.33246316801024,34.43741281615457,21,0.001,25,0.04830288887023926,0.0869038704508425
wide,S1,1,91,1,MG,det,sample,0,1,0,2.8322942003541337e-18,20.97557066166214,1.25,7.07e-06,10100.0,3.16e-11,3,1e-06,0.1935556784806869,0.0,0.2036246461689425,0.0,0.1929955624386564,0.1935556784806869,0.2036246461689425,0.20467106002577767,0.21443846460535498,0.21592256424970624,0.22474147767981636,0.2445522105666391,0.2521644903303989,0.37595605293153117,0.3824204517357202,0.44386642087511824,0.4509286210198557,0.48798527622957943,0.4889112757052981,0.7450587888217265,0.7300613031991761,0.9209420158987239,0.9009570678196455,1.1471200108187454,1.1309480912565104,12.29771770729203,0.21090675105485235,0.5736407405901451,26.219463327077676,3.449056891438664e+18,1.425334035277529e+18,0.4657200506190707,0.1924603333468499,0.03198396198340943,0.026021071317391405,0.15672775027938263,0.06239963048024846,0.31334424512510844,0.0,0.0,0.09656636661809967,0.05291651694241102,inf,0.0,83.33246316801024,34.43741281615457,21,0.001,25,0.04566192626953125,0.0869038704508425
wide,S1,1,92,1,MG,det,sample,0,1,0,1.9820111147314786e-17,1.5462460353029255,1.25,7.07e-06,10100.0,3.16e-11,1,1e-06,0.3115002893127378,0.0,0.32457080371682606,0.0,0.31296130636016917,0.3115002893127378,0.32457080371682606,0.3619570148485504,0.3665020802360665,0.47087298170112624,0.4719338014995363,0.599985720617603,0.6014482770066649,0.7119791760714573,0.709212445733313,0.8268163813599094,0.8269002259845872,0.9119467738530839,0.9026460037472309,0.9597110316497898,0.952457007326853,0.9679191204097402,0.9615157422328422,0.9740608473947083,0.9678002332007339,0.1295452850894348,0.21090675105485235,0.5736407405901451,1.9328075441286567,3.449056891438664e+18,1.425334035277529e+18,44.21074614321245,18.270235367631386,0.026848768405663533,0.011443785618341026,0.9325916686810035,0.0435618851949061,0.9776475267459324,0.97312,0.85276,0.042818754005539306,0.04111492899066862,inf,0.0,83.33246316801024,34.43741281615457,21,0.001,25,0.04757380485534668,0.0869038704508425
wide,S1,1,93,1,MG,det,sample,0,1,0,1.633409331712479e-19,3.8192877784296093,1.25,7.07e-06,10100.0,3.16e-11,5,1e-06,0.17666690764839335,0.0,0.18642859748062574,0.0,0.1761309122263643,0.17666690764839335,0.18642859748062574,0.20879303008534156,0.22138776389280698,0.24483149543425903,0.259927216424935,0.29687600578447765,0.30987138678916637,0.3933271053015276,0.40059029930215,0.46180584250160284,0.4684049367541125,0.5413882459213415,0.5409315912015344,0.8374376690828921,0.8257361131252055,0.9833042304232863,0.9692927597925313,1.5309563512606523,1.5041591663991152,38.82723357661299,0.21090675105485235,0.5736407405901451,4.774109723037012,3.449056891438664e+18,1.425334035277529e+18,0.14750712800174454,0.06095780284425165,0.1974283394252899,0.18253754778900708,0.0569205667239493,0.02252663932481083,0.10915497661952281,0.0,0.0,0.023701724883434628,0.020885032271719017,inf,0.0,83.33246316801024,34.43741281615457,21,0.001,25,0.04750418663024902,0.0869038704508425
wide,S1,1,94,1,MG,det,sample,0,1,0,9.482686406614226e-18,15.699613603993255,1.25,7.07e-06,10100.0,3.16e-11,3,1e-06,0.11825342586630841,0.0,0.12397453308174872,0.0,0.11788677623462654,0.11825342586630841,0.12397453308174872,0.16053052814708596,0.16730625183279516,0.21297189416828988,0.22013094565436178,0.24645717499104713,0.24955982461284693,0.30063602971164133,0.3017908759458386,0.4537125563956199,0.45722302539838805,0.5510196674938187,0.5580612812485624,0.6365987962636452,0.6322333826833023,0.8609430536705229,0.8443672152184202,0.955145762373136,0.9400098844708712,2.749202136514917,0.21090675105485235,0.5736407405901451,19.624517004991567,3.449056891438664e+18,1.425334035277529e+18,2.0832566791176035,0.860912632765241,0.027382622494378412,0.016526897829542274,0.4367533537467988,0.12374154851938564,0.6728525040808917,0.0,0.0,0.17484611070205727,0.10962546320136277,inf,0.0,83.33246316801024,34.43741281615457,21,0.001,25,0.04447603225708008,0.0869038704508425
wide,S1,1,95,1,MG,det,sample,0,1,0,1.9921142268838015e-17,40.99974610384659,1.25,7.07e-06,10100.0,3.16e-11,4,1e-06,0.11019592650769551,0.0,0.11485867834969347,0.0,0.1103611090513046,0.11019592650769551,0.11485867834969347,0.1487049474322939,0.15198836421220938,0.197681538471235,0.2021661345099302,0.25037201250217034,0.25344303910968263,0.27892567907340604,0.28163643375115155,0.3857679268920529,0.3882784819030976,0.5337302392043264,0.5418764253483285,0.5984621900698459,0.5988527771952352,0.8282977231187294,0.8118694669333728,0.9775161028994507,0.961394907440225,3.41755905514233,0.21090675105485235,0.5736407405901451,51.249682629808234,3.449056891438664e+18,1.425334035277529e+18,1.6758433784842277,0.6925477544534524,0.011528369525979644,0.0072920246792469254,0.3870043129514595,0.11818192858133383,0.6239590257609722,0.0,0.0,0.17373780698222557,0.10337645565191418,inf,0.0,83.33246316801024,34.43741281615457,21,0.001,25,0.04521989822387695,0.0869038704508425
wide,S1,1,96,1,MG,det,sample,0,1,0,2.4845270398052114e-18,3.4930652791509136,1.25,7.07e-06,10100.0,3.16e-11,4,1e-06,0.12489974427279037,0.0,0.132146338047837,0.0,0.12474763121229908,0.12489974427279037,0.132146338047837,0.15834952391528748,0.16528755461383235,0.19036837482427998,0.19887096912096439,0.24944499547953972,0.2552470739559987,0.30493917371981677,0.3127818177759937,0.39625557200504374,0.4009351499073448,0.5615068488532838,0.5705676976790995,0.628953374003461,0.6314466248287243,0.8209400779527034,0.8061220423453322,0.9670385733941358,0.9521633452067763,2.3345977996171707,0.21090675105485235,0.5736407405901451,4.3663315989386415,3.449056891438664e+18,1.425334035277529e+18,2.4532250112110328,1.0138032554211247,0.11372769746893067,0.06632212110445798,0.47728332278136526,0.12256565042618195,0.6933236553124973,0.0,0.0,0.13727135931655962,0.11355901855560528,inf,0.0,83.33246316801024,34.43741281615457,21,0.001,25,0.04504585266113281,0.0869038704508425
wide,S1,1,97,1,MG,det,sample,0,1,0,5.063185525689533e-20,4.672024741396496,1.25,7.07e-06,10100.0,3.16e-11,2,1e-06,0.25522476589736337,0.0,0.2693887235466283,0.0,0.25531709561755056,0.25522476589736337,0.2693887235466283,0.31629607493964673,0.32494600917560973,0.38118176563093364,0.3873750039816937,0.39864429048151867,0.40394578710947143,0.5279668408760613,0.5222951088644625,0.8207099370051434,0.8045655427511804,0.9086090465494557,0.896113565084448,0.9692709588341801,0.9646666418239402,1.0571807909021762,1.0497817758251908,1.803745897052689,1.7653303969277783,153.22526829263543,0.21090675105485235,0.5736407405901451,5.840030926745619,3.449056891438664e+18,1.425334035277529e+18,0.03737825867076235,0.015446687584391336,0.1686272376649312,0.1650622311506386,0.015171830429087796,0.006303631338315364,0.03060133538121248,0.0,0.0,0.007218576263174573,0.0057459758436784305,inf,0.0,83.33246316801024,34.43741281615457,21,0.001,25,0.05297088623046875,0.0869038704508425
wide,S1,1,98,1,MG,det,sample,0,1,0,2.8333249403043684e-18,3.1179998025548152,1.25,7.07e-06,10100.0,3.16e-11,5,1e-06,0.10979682466473374,0.0,0.11758249242047782,0.0,0.10987325992134413,0.10979682466473374,0.11758249242047782,0.14334850867532717,0.15117651629063364,0.1816430143029797,0.189842446428632,0.2232555426456789,0.229063774337781,0.3087026970007557,0.3154857903404867,0.3840307855418458,0.3922936502963869,0.5509030565964517,0.5594305371844349,0.6534412095881417,0.6609220001636975,0.7867839283299239,0.7759594694318377,0.9652551303915367,0.9513701398436015,1.827379701470603,0.21090675105485235,0.5736407405901451,3.897499753193519,3.449056891438664e+18,1.425334035277529e+18,3.1341563598030486,1.2952003611762553,0.11178751449188469,0.06206217697314982,0.5346248245175376,0.1252418863286675,0.7438066207717425,0.0,0.0,0.13642981941927346,0.11666786231649577,inf,0.0,83.33246316801024,34.43741281615457,21,0.001,25,0.04861807823181152,0.0869038704508425
wide,S1,1,99,1,MG,det,sample,0,1,0,2.126628885750228e-18,25.456896471690605,1.25,7.07e-06,10100.0,3.16e-11,5,1e-06,0.14228797130077261,0.0,0.1492834115285927,0.0,0.14191187003117764,0.14228797130077261,0.1492834115285927,0.19059852707568767,0.20011080275623827,0.21625402594108736,0.2276801269466578,0.24265880405546086,0.25410200863178106,0.32656224873670875,0.3357345755694441,0.4356743994960122,0.44337646718851265,0.4890612415946836,0.4937560757639108,0.6833326750195184,0.673190814127549,0.947979964621842,0.9292644937267789,1.2525830556004893,1.2347833524780727,19.877549582577785,0.21090675105485235,0.5736407405901451,31.82112058961326,3.449056891438664e+18,1.425334035277529e+18,0.2881287600036439,0.11907015195803354,0.028081947190881223,0.024396372386009006,0.10422576782991709,0.043899164820493476,0.22038371186408773,0.0,0.0,0.0692899253289067,0.03680312217541295,inf,0.0,83.33246316801024,34.43741281615457,21,0.001,25,0.04572176933288574,0.0869038704508425
wide,S1,1,100,1,MG,det,sample,0,1,0,1.2247483915794527e-19,11.051743114915713,1.25,7.07e-06,10100.0,3.16e-11,1,1e-06,0.3815342758727729,0.0,0.38911554193930986,0.0,0.3812595613717026,0.3815342758727729,0.38911554193930986,0.39081076663141073,0.3997431726979016,0.3982171184464314,0.4085062659168833,0.44180728176283396,0.4436882125340451,0.7124447871214135,0.6965600386020576,0.8513468418119391,0.8324599471770104,0.9043782749331106,0.8937128428525712,0.9763362288569822,0.9728169378987439,1.0617518789530862,1.0544665763245709,1.8093229985887742,1.770668963221148,149.8418069283628,0.21090675105485235,0.5736407405901451,13.81467889364464,3.449056891438664e+18,1.425334035277529e+18,0.03822226807420458,0.015795477229411863,0.07126116703873953,0.06972184416185875,0.015501646494320287,0.006898299060222211,0.03436963262913123,0.0,0.0,0.010114262941266586,0.005873385686781882,inf,0.0,83.33246316801024,34.43741281615457,21,0.001,25,0.043662071228027344,0.0869038704508425
